callout_group,hex_code,lineage
Other,#797979,B.1.291
Other,#797979,B.1.292
Other,#797979,B.1.293
Other,#797979,B.1.294
Other,#797979,B.1.298
Other,#797979,B.1.3
Other,#797979,B.1.301
Other,#797979,B.1.302
Other,#797979,B.1.304
Other,#797979,B.1.305
Other,#797979,B.1.306
Other,#797979,B.1.308
Other,#797979,B.1.309
Other,#797979,B.1.310
Other,#797979,B.1.311
Other,#797979,B.1.313
Other,#797979,B.1.314
Other,#797979,B.1.315
Other,#797979,B.1.316
Other,#797979,B.1.318
Other,#797979,B.1.319
Other,#797979,B.1.320
Other,#797979,B.1.321
Other,#797979,B.1.323
Other,#797979,B.1.324
Other,#797979,B.1.325
Other,#797979,B.1.326
Other,#797979,B.1.328
Other,#797979,B.1.329
Other,#797979,B.1.330
Other,#797979,B.1.332
Other,#797979,B.1.333
Other,#797979,B.1.334
Other,#797979,B.1.335
Other,#797979,B.1.336
Other,#797979,B.1.337
Other,#797979,B.1.338
Other,#797979,B.1.340
Other,#797979,B.1.341
Other,#797979,B.1.342
Other,#797979,B.1.343
Other,#797979,B.1.344
Other,#797979,B.1.346
Other,#797979,B.1.348
Other,#797979,B.1.349
Other,#797979,B.1.35
Other,#797979,B.1.350
Other,#797979,B.1.350.1
Other,#797979,B.1.351
Other,#797979,B.1.351.1
Other,#797979,B.1.351.2
Other,#797979,B.1.351.3
Other,#797979,B.1.351.5
Other,#797979,B.1.354
Other,#797979,B.1.355
Other,#797979,B.1.356
Other,#797979,B.1.357
Other,#797979,B.1.358
Other,#797979,B.1.359
Other,#797979,B.1.36
Other,#797979,B.1.36.1
Other,#797979,B.1.36.10
Other,#797979,B.1.36.12
Other,#797979,B.1.36.16
Other,#797979,B.1.36.17
Other,#797979,B.1.36.18
Other,#797979,B.1.36.19
Other,#797979,B.1.36.2
Other,#797979,B.1.36.20
Other,#797979,B.1.36.21
Other,#797979,B.1.36.22
Other,#797979,B.1.36.23
Other,#797979,B.1.36.24
Other,#797979,B.1.36.25
Other,#797979,B.1.36.26
Other,#797979,B.1.36.27
Other,#797979,B.1.36.28
Other,#797979,B.1.36.29
Other,#797979,B.1.36.31
Other,#797979,B.1.36.33
Other,#797979,B.1.36.34
Other,#797979,B.1.36.35
Other,#797979,B.1.36.36
Other,#797979,B.1.36.37
Other,#797979,B.1.36.38
Other,#797979,B.1.36.39
Other,#797979,B.1.36.7
Other,#797979,B.1.36.8
Other,#797979,B.1.36.9
Other,#797979,B.1.360
Other,#797979,B.1.361
Other,#797979,B.1.362
Other,#797979,B.1.362.1
Other,#797979,B.1.362.2
Other,#797979,B.1.363
Other,#797979,B.1.366
Other,#797979,B.1.367
Other,#797979,B.1.369
Other,#797979,B.1.369.1
Other,#797979,B.1.37
Other,#797979,B.1.370
Other,#797979,B.1.371
Other,#797979,B.1.372
Other,#797979,B.1.375
Other,#797979,B.1.377
Other,#797979,B.1.378
Other,#797979,B.1.379
Other,#797979,B.1.38
Other,#797979,B.1.380
Other,#797979,B.1.381
Other,#797979,B.1.382
Other,#797979,B.1.383
Other,#797979,B.1.384
Other,#797979,B.1.385
Other,#797979,B.1.387
Other,#797979,B.1.388
Other,#797979,B.1.389
Other,#797979,B.1.39
Other,#797979,B.1.390
Other,#797979,B.1.391
Other,#797979,B.1.393
Other,#797979,B.1.395
Other,#797979,B.1.396
Other,#797979,B.1.397
Other,#797979,B.1.398
Other,#797979,B.1.399
Other,#797979,B.1.40
Other,#797979,B.1.400
Other,#797979,B.1.400.1
Other,#797979,B.1.401
Other,#797979,B.1.402
Other,#797979,B.1.403
Other,#797979,B.1.404
Other,#797979,B.1.405
Other,#797979,B.1.406
Other,#797979,B.1.407
Other,#797979,B.1.408
Other,#797979,B.1.409
Other,#797979,B.1.411
Other,#797979,B.1.413
Other,#797979,B.1.415
Other,#797979,B.1.415.1
Other,#797979,B.1.416
Other,#797979,B.1.416.1
Other,#797979,B.1.417
Other,#797979,B.1.418
Other,#797979,B.1.420
Other,#797979,B.1.421
Other,#797979,B.1.422
Other,#797979,B.1.423
Other,#797979,B.1.424
Other,#797979,B.1.425
Other,#797979,B.1.426
Other,#797979,B.1.427
Other,#797979,B.1.428
Other,#797979,B.1.428.1
Other,#797979,B.1.428.2
Other,#797979,B.1.428.3
Other,#797979,B.1.429
Other,#797979,B.1.429.1
Other,#797979,B.1.431
Other,#797979,B.1.432
Other,#797979,B.1.433
Other,#797979,B.1.434
Other,#797979,B.1.435
Other,#797979,B.1.436
Other,#797979,B.1.437
Other,#797979,B.1.438
Other,#797979,B.1.438.1
Other,#797979,B.1.438.2
Other,#797979,B.1.438.3
Other,#797979,B.1.438.4
Other,#797979,B.1.439
Other,#797979,B.1.44
Other,#797979,B.1.441
Other,#797979,B.1.442
Other,#797979,B.1.443
Other,#797979,B.1.444
Other,#797979,B.1.445
Other,#797979,B.1.446
Other,#797979,B.1.448
Other,#797979,B.1.450
Other,#797979,B.1.451
Other,#797979,B.1.452
Other,#797979,B.1.453
Other,#797979,B.1.456
Other,#797979,B.1.458
Other,#797979,B.1.459
Other,#797979,B.1.460
Other,#797979,B.1.462
Other,#797979,B.1.463
Other,#797979,B.1.465
Other,#797979,B.1.466
Other,#797979,B.1.466.1
Other,#797979,B.1.466.2
Other,#797979,B.1.467
Other,#797979,B.1.468
Other,#797979,B.1.469
Other,#797979,B.1.470
Other,#797979,B.1.471
Other,#797979,B.1.473
Other,#797979,B.1.474
Other,#797979,B.1.475
Other,#797979,B.1.476
Other,#797979,B.1.478
Other,#797979,B.1.479
Other,#797979,B.1.480
Other,#797979,B.1.482
Other,#797979,B.1.483
Other,#797979,B.1.485
Other,#797979,B.1.486
Other,#797979,B.1.487
Other,#797979,B.1.488
Other,#797979,B.1.489
Other,#797979,B.1.490
Other,#797979,B.1.491
Other,#797979,B.1.492
Other,#797979,B.1.493
Other,#797979,B.1.494
Other,#797979,B.1.495
Other,#797979,B.1.496
Other,#797979,B.1.497
Other,#797979,B.1.498
Other,#797979,B.1.499
Other,#797979,B.1.499.1
Other,#797979,B.1.500
Other,#797979,B.1.501
Other,#797979,B.1.502
Other,#797979,B.1.503
Other,#797979,B.1.504
Other,#797979,B.1.505
Other,#797979,B.1.506
Other,#797979,B.1.507
Other,#797979,B.1.508
Other,#797979,B.1.509
Other,#797979,B.1.510
Other,#797979,B.1.511
Other,#797979,B.1.513
Other,#797979,B.1.515
Other,#797979,B.1.516
Other,#797979,B.1.517
Other,#797979,B.1.517.1
Other,#797979,B.1.518
Other,#797979,B.1.520
Other,#797979,B.1.521
Other,#797979,B.1.523
Other,#797979,B.1.524
Other,#797979,B.1.525
Other,#797979,B.1.526
Other,#797979,B.1.527
Other,#797979,B.1.528
Other,#797979,B.1.529
Other,#797979,B.1.530
Other,#797979,B.1.531
Other,#797979,B.1.532
Other,#797979,B.1.533
Other,#797979,B.1.534
Other,#797979,B.1.535
Other,#797979,B.1.536
Other,#797979,B.1.537
Other,#797979,B.1.538
Other,#797979,B.1.539
Other,#797979,B.1.540
Other,#797979,B.1.541
Other,#797979,B.1.542
Other,#797979,B.1.543
Other,#797979,B.1.544
Other,#797979,B.1.545
Other,#797979,B.1.546
Other,#797979,B.1.547
Other,#797979,B.1.548
Other,#797979,B.1.549
Other,#797979,B.1.550
Other,#797979,B.1.551
Other,#797979,B.1.552
Other,#797979,B.1.554
Other,#797979,B.1.555
Other,#797979,B.1.556
Other,#797979,B.1.557
Other,#797979,B.1.558
Other,#797979,B.1.559
Other,#797979,B.1.560
Other,#797979,B.1.561
Other,#797979,B.1.562
Other,#797979,B.1.563
Other,#797979,B.1.564
Other,#797979,B.1.564.1
Other,#797979,B.1.565
Other,#797979,B.1.566
Other,#797979,B.1.567
Other,#797979,B.1.568
Other,#797979,B.1.569
Other,#797979,B.1.570
Other,#797979,B.1.571
Other,#797979,B.1.572
Other,#797979,B.1.573
Other,#797979,B.1.574
Other,#797979,B.1.575
Other,#797979,B.1.575.1
Other,#797979,B.1.575.2
Other,#797979,B.1.576
Other,#797979,B.1.577
Other,#797979,B.1.578
Other,#797979,B.1.579
Other,#797979,B.1.580
Other,#797979,B.1.581
Other,#797979,B.1.582
Other,#797979,B.1.585
Other,#797979,B.1.586
Other,#797979,B.1.587
Other,#797979,B.1.588
Other,#797979,B.1.588.1
Other,#797979,B.1.589
Other,#797979,B.1.590
Other,#797979,B.1.591
Other,#797979,B.1.592
Other,#797979,B.1.593
Other,#797979,B.1.594
Other,#797979,B.1.595
Other,#797979,B.1.595.1
Other,#797979,B.1.595.2
Other,#797979,B.1.595.3
Other,#797979,B.1.595.4
Other,#797979,B.1.596
Other,#797979,B.1.596.1
Other,#797979,B.1.597
Other,#797979,B.1.598
Other,#797979,B.1.599
Other,#797979,B.1.6
Other,#797979,B.1.600
Other,#797979,B.1.601
Other,#797979,B.1.602
Other,#797979,B.1.603
Other,#797979,B.1.604
Other,#797979,B.1.605
Other,#797979,B.1.606
Other,#797979,B.1.607
Other,#797979,B.1.609
Other,#797979,B.1.610
Other,#797979,B.1.611
Other,#797979,B.1.612
Other,#797979,B.1.613
Other,#797979,B.1.614
Other,#797979,B.1.615
Other,#797979,B.1.616
Other,#797979,B.1.617
Other,#797979,B.1.617.1
B.1.617.2,#B39DDB,B.1.617.2
Other,#797979,B.1.617.3
Other,#797979,B.1.618
Other,#797979,B.1.619
Other,#797979,B.1.619.1
Other,#797979,B.1.620
Other,#797979,B.1.621
Other,#797979,B.1.621.1
Other,#797979,B.1.621.2
Other,#797979,B.1.622
Other,#797979,B.1.623
Other,#797979,B.1.625
Other,#797979,B.1.626
Other,#797979,B.1.627
Other,#797979,B.1.629
Other,#797979,B.1.630
Other,#797979,B.1.631
Other,#797979,B.1.632
Other,#797979,B.1.633
Other,#797979,B.1.634
Other,#797979,B.1.635
Other,#797979,B.1.636
Other,#797979,B.1.637
Other,#797979,B.1.637.1
Other,#797979,B.1.638
Other,#797979,B.1.639
Other,#797979,B.1.640
Other,#797979,B.1.640.1
Other,#797979,B.1.640.2
Other,#797979,B.1.641
Other,#797979,B.1.67
Other,#797979,B.1.69
Other,#797979,B.1.70
Other,#797979,B.1.76
Other,#797979,B.1.77
Other,#797979,B.1.78
Other,#797979,B.1.8
Other,#797979,B.1.81
Other,#797979,B.1.83
Other,#797979,B.1.84
Other,#797979,B.1.9
Other,#797979,B.1.9.1
Other,#797979,B.1.9.2
Other,#797979,B.1.9.3
Other,#797979,B.1.9.4
Other,#797979,B.1.9.5
Other,#797979,B.1.91
Other,#797979,B.1.93
Other,#797979,B.1.94
Other,#797979,B.1.96
Other,#797979,B.1.97
Other,#797979,B.10
Other,#797979,B.11
Other,#797979,B.12
Other,#797979,B.13
Other,#797979,B.15
Other,#797979,B.18
Other,#797979,B.19
Other,#797979,B.20
Other,#797979,B.23
Other,#797979,B.26
Other,#797979,B.27
Other,#797979,B.28
Other,#797979,B.29
Other,#797979,B.3
Other,#797979,B.3.1
Other,#797979,B.30
Other,#797979,B.31
Other,#797979,B.32
Other,#797979,B.33
Other,#797979,B.34
Other,#797979,B.35
Other,#797979,B.36
Other,#797979,B.37
Other,#797979,B.38
Other,#797979,B.39
Other,#797979,B.4
Other,#797979,B.4.1
Other,#797979,B.4.2
Other,#797979,B.4.4
Other,#797979,B.4.5
Other,#797979,B.4.6
Other,#797979,B.4.7
Other,#797979,B.4.8
Other,#797979,B.40
Other,#797979,B.41
Other,#797979,B.42
Other,#797979,B.43
Other,#797979,B.44
Other,#797979,B.45
Other,#797979,B.46
Other,#797979,B.47
Other,#797979,B.49
Other,#797979,B.5
Other,#797979,B.50
Other,#797979,B.51
Other,#797979,B.52
Other,#797979,B.53
Other,#797979,B.55
Other,#797979,B.56
Other,#797979,B.57
Other,#797979,B.58
Other,#797979,B.6
Other,#797979,B.6.1
Other,#797979,B.6.2
Other,#797979,B.6.3
Other,#797979,B.6.4
Other,#797979,B.6.5
Other,#797979,B.6.6
Other,#797979,B.6.8
Other,#797979,B.60
Other,#797979,B.61
B.1.1.529,#E26028,BA.1
BA.1.1,#FF824C,BA.1.1
BA.1.1,#FF824C,BA.1.1.1
BA.1.1,#FF824C,BA.1.1.10
BA.1.1,#FF824C,BA.1.1.11
BA.1.1,#FF824C,BA.1.1.12
BA.1.1,#FF824C,BA.1.1.13
BA.1.1,#FF824C,BA.1.1.14
BA.1.1,#FF824C,BA.1.1.15
BA.1.1,#FF824C,BA.1.1.16
BA.1.1,#FF824C,BA.1.1.17
BA.1.1,#FF824C,BA.1.1.18
BA.1.1,#FF824C,BA.1.1.2
BA.1.1,#FF824C,BA.1.1.3
BA.1.1,#FF824C,BA.1.1.4
BA.1.1,#FF824C,BA.1.1.5
BA.1.1,#FF824C,BA.1.1.6
BA.1.1,#FF824C,BA.1.1.7
BA.1.1,#FF824C,BA.1.1.8
BA.1.1,#FF824C,BA.1.1.9
B.1.1.529,#E26028,BA.1.10
B.1.1.529,#E26028,BA.1.12
B.1.1.529,#E26028,BA.1.13
B.1.1.529,#E26028,BA.1.13.1
B.1.1.529,#E26028,BA.1.14
B.1.1.529,#E26028,BA.1.14.1
B.1.1.529,#E26028,BA.1.14.2
B.1.1.529,#E26028,BA.1.15
B.1.1.529,#E26028,BA.1.15.1
B.1.1.529,#E26028,BA.1.15.2
B.1.1.529,#E26028,BA.1.15.3
B.1.1.529,#E26028,BA.1.16
B.1.1.529,#E26028,BA.1.16.1
B.1.1.529,#E26028,BA.1.16.2
B.1.1.529,#E26028,BA.1.17
B.1.1.529,#E26028,BA.1.17.1
B.1.1.529,#E26028,BA.1.17.2
B.1.1.529,#E26028,BA.1.18
B.1.1.529,#E26028,BA.1.19
B.1.1.529,#E26028,BA.1.2
B.1.1.529,#E26028,BA.1.20
B.1.1.529,#E26028,BA.1.21
B.1.1.529,#E26028,BA.1.21.1
B.1.1.529,#E26028,BA.1.22
B.1.1.529,#E26028,BA.1.23
B.1.1.529,#E26028,BA.1.24
B.1.1.529,#E26028,BA.1.3
B.1.1.529,#E26028,BA.1.4
B.1.1.529,#E26028,BA.1.5
B.1.1.529,#E26028,BA.1.6
B.1.1.529,#E26028,BA.1.7
B.1.1.529,#E26028,BA.1.8
B.1.1.529,#E26028,BA.1.9
BA.2,#9CCC65,BA.2
BA.2,#9CCC65,BA.2.1
BA.2,#9CCC65,BA.2.10
BA.2,#9CCC65,BA.2.10.1
BA.2,#9CCC65,BA.2.10.2
BA.2,#9CCC65,BA.2.10.3
BA.2,#9CCC65,BA.2.10.4
BA.2,#9CCC65,BA.2.11
BA.2,#9CCC65,BA.2.12
BA.2.12.1,#7CB342,BA.2.12.1
BA.2,#9CCC65,BA.2.12.2
BA.2,#9CCC65,BA.2.13
BA.2,#9CCC65,BA.2.13.1
BA.2,#9CCC65,BA.2.14
BA.2,#9CCC65,BA.2.15
BA.2,#9CCC65,BA.2.16
BA.2,#9CCC65,BA.2.17
BA.2,#9CCC65,BA.2.18
BA.2,#9CCC65,BA.2.19
BA.2,#9CCC65,BA.2.2
BA.2,#9CCC65,BA.2.2.1
BA.2,#9CCC65,BA.2.20
BA.2,#9CCC65,BA.2.21
BA.2,#9CCC65,BA.2.22
BA.2,#9CCC65,BA.2.23
BA.2,#9CCC65,BA.2.23.1
BA.2,#9CCC65,BA.2.24
BA.2,#9CCC65,BA.2.25
BA.2,#9CCC65,BA.2.25.1
BA.2,#9CCC65,BA.2.26
BA.2,#9CCC65,BA.2.27
BA.2,#9CCC65,BA.2.28
BA.2,#9CCC65,BA.2.29
BA.2,#9CCC65,BA.2.3
BA.2,#9CCC65,BA.2.3.1
BA.2,#9CCC65,BA.2.3.10
BA.2,#9CCC65,BA.2.3.11
BA.2,#9CCC65,BA.2.3.12
BA.2,#9CCC65,BA.2.3.13
BA.2,#9CCC65,BA.2.3.14
BA.2,#9CCC65,BA.2.3.15
BA.2,#9CCC65,BA.2.3.16
BA.2,#9CCC65,BA.2.3.17
BA.2,#9CCC65,BA.2.3.18
BA.2,#9CCC65,BA.2.3.19
BA.2,#9CCC65,BA.2.3.2
BA.2,#9CCC65,BA.2.3.20
BA.2,#9CCC65,BA.2.3.21
BA.2,#9CCC65,BA.2.3.22
BA.2,#9CCC65,BA.2.3.4
BA.2,#9CCC65,BA.2.3.5
BA.2,#9CCC65,BA.2.3.6
BA.2,#9CCC65,BA.2.3.7
BA.2,#9CCC65,BA.2.3.8
BA.2,#9CCC65,BA.2.3.9
BA.2,#9CCC65,BA.2.30
BA.2,#9CCC65,BA.2.31
BA.2,#9CCC65,BA.2.31.1
BA.2,#9CCC65,BA.2.32
BA.2,#9CCC65,BA.2.33
BA.2,#9CCC65,BA.2.34
BA.2,#9CCC65,BA.2.35
BA.2,#9CCC65,BA.2.36
BA.2,#9CCC65,BA.2.37
BA.2,#9CCC65,BA.2.38
BA.2,#9CCC65,BA.2.38.1
BA.2,#9CCC65,BA.2.38.2
BA.2,#9CCC65,BA.2.38.3
BA.2,#9CCC65,BA.2.38.4
BA.2,#9CCC65,BA.2.39
BA.2,#9CCC65,BA.2.4
BA.2,#9CCC65,BA.2.40
BA.2,#9CCC65,BA.2.40.1
BA.2,#9CCC65,BA.2.41
BA.2,#9CCC65,BA.2.42
BA.2,#9CCC65,BA.2.43
BA.2,#9CCC65,BA.2.44
BA.2,#9CCC65,BA.2.45
BA.2,#9CCC65,BA.2.46
BA.2,#9CCC65,BA.2.47
BA.2,#9CCC65,BA.2.48
BA.2,#9CCC65,BA.2.49
BA.2,#9CCC65,BA.2.5
BA.2,#9CCC65,BA.2.50
BA.2,#9CCC65,BA.2.51
BA.2,#9CCC65,BA.2.52
BA.2,#9CCC65,BA.2.53
BA.2,#9CCC65,BA.2.54
BA.2,#9CCC65,BA.2.55
BA.2,#9CCC65,BA.2.56
BA.2,#9CCC65,BA.2.56.1
BA.2,#9CCC65,BA.2.57
BA.2,#9CCC65,BA.2.58
BA.2,#9CCC65,BA.2.59
BA.2,#9CCC65,BA.2.6
BA.2,#9CCC65,BA.2.60
BA.2,#9CCC65,BA.2.61
BA.2,#9CCC65,BA.2.62
BA.2,#9CCC65,BA.2.63
BA.2,#9CCC65,BA.2.64
BA.2,#9CCC65,BA.2.65
BA.2,#9CCC65,BA.2.66
BA.2,#9CCC65,BA.2.67
BA.2,#9CCC65,BA.2.68
BA.2,#9CCC65,BA.2.69
BA.2,#9CCC65,BA.2.7
BA.2,#9CCC65,BA.2.70
BA.2,#9CCC65,BA.2.71
BA.2,#9CCC65,BA.2.72
BA.2,#9CCC65,BA.2.73
BA.2,#9CCC65,BA.2.74
BA.2.75,#D4E157,BA.2.75
BA.2.75,#D4E157,BA.2.75.1
BA.2.75,#D4E157,BA.2.75.10
BA.2.75.2,#C0CA33,BA.2.75.2
BA.2.75,#D4E157,BA.2.75.3
BA.2.75,#D4E157,BA.2.75.4
BA.2.75,#D4E157,BA.2.75.5
BA.2.75,#D4E157,BA.2.75.6
BA.2.75,#D4E157,BA.2.75.7
BA.2.75,#D4E157,BA.2.75.8
BA.2.75,#D4E157,BA.2.75.9
BA.2,#9CCC65,BA.2.76
BA.2,#9CCC65,BA.2.76.1
BA.2,#9CCC65,BA.2.76.2
BA.2,#9CCC65,BA.2.77
BA.2,#9CCC65,BA.2.78
BA.2,#9CCC65,BA.2.79
BA.2,#9CCC65,BA.2.79.1
BA.2,#9CCC65,BA.2.8
BA.2,#9CCC65,BA.2.80
BA.2,#9CCC65,BA.2.81
BA.2,#9CCC65,BA.2.82
BA.2,#9CCC65,BA.2.83
BA.2,#9CCC65,BA.2.85
BA.2.86,#d771f1,BA.2.86
BA.2.86,#d771f1,BA.2.86.1
BA.2.86,#d771f1,BA.2.86.2
BA.2.86,#d771f1,BA.2.86.3
BA.2.86,#d771f1,BA.2.86.4
BA.2.86,#d771f1,BA.2.86.5
BA.2.86,#d771f1,BA.2.86.6
BA.2.86,#d771f1,BA.2.86.7
BA.2,#9CCC65,BA.2.87
BA.2,#9CCC65,BA.2.87.1
BA.2,#9CCC65,BA.2.9
BA.2,#9CCC65,BA.2.9.1
BA.2,#9CCC65,BA.2.9.2
BA.2,#9CCC65,BA.2.9.3
BA.2,#9CCC65,BA.2.9.4
BA.2,#9CCC65,BA.2.9.5
BA.2,#9CCC65,BA.2.9.6
BA.2,#9CCC65,BA.2.9.7
B.1.1.529,#E26028,BA.3
B.1.1.529,#E26028,BA.3.1
B.1.1.529,#E26028,BA.3.2
B.1.1.529,#E26028,BA.3.2.1
B.1.1.529,#E26028,BA.3.2.2
BA.4,#FFD54F,BA.4
BA.4,#FFD54F,BA.4.1
BA.4,#FFD54F,BA.4.1.1
BA.4,#FFD54F,BA.4.1.10
BA.4,#FFD54F,BA.4.1.11
BA.4,#FFD54F,BA.4.1.2
BA.4,#FFD54F,BA.4.1.3
BA.4,#FFD54F,BA.4.1.4
BA.4,#FFD54F,BA.4.1.5
BA.4,#FFD54F,BA.4.1.6
BA.4,#FFD54F,BA.4.1.7
BA.4,#FFD54F,BA.4.1.8
BA.4,#FFD54F,BA.4.1.9
BA.4,#FFD54F,BA.4.2
BA.4,#FFD54F,BA.4.3
BA.4,#FFD54F,BA.4.4
BA.4,#FFD54F,BA.4.5
BA.4.6,#FFB300,BA.4.6
BA.4.6,#FFB300,BA.4.6.1
BA.4.6,#FFB300,BA.4.6.2
BA.4.6,#FFB300,BA.4.6.3
BA.4.6,#FFB300,BA.4.6.4
BA.4.6,#FFB300,BA.4.6.5
BA.4,#FFD54F,BA.4.7
BA.4,#FFD54F,BA.4.8
BA.5,#80CBC4,BA.5
BA.5,#80CBC4,BA.5.1
BA.5,#80CBC4,BA.5.1.1
BA.5,#80CBC4,BA.5.1.10
BA.5,#80CBC4,BA.5.1.11
BA.5,#80CBC4,BA.5.1.12
BA.5,#80CBC4,BA.5.1.14
BA.5,#80CBC4,BA.5.1.15
BA.5,#80CBC4,BA.5.1.16
BA.5,#80CBC4,BA.5.1.17
BA.5,#80CBC4,BA.5.1.18
BA.5,#80CBC4,BA.5.1.19
BA.5,#80CBC4,BA.5.1.2
BA.5,#80CBC4,BA.5.1.20
BA.5,#80CBC4,BA.5.1.21
BA.5,#80CBC4,BA.5.1.22
BA.5,#80CBC4,BA.5.1.23
BA.5,#80CBC4,BA.5.1.24
BA.5,#80CBC4,BA.5.1.25
BA.5,#80CBC4,BA.5.1.26
BA.5,#80CBC4,BA.5.1.27
BA.5,#80CBC4,BA.5.1.28
BA.5,#80CBC4,BA.5.1.29
BA.5,#80CBC4,BA.5.1.3
BA.5,#80CBC4,BA.5.1.30
BA.5,#80CBC4,BA.5.1.31
BA.5,#80CBC4,BA.5.1.32
BA.5,#80CBC4,BA.5.1.33
BA.5,#80CBC4,BA.5.1.34
BA.5,#80CBC4,BA.5.1.35
BA.5,#80CBC4,BA.5.1.36
BA.5,#80CBC4,BA.5.1.37
BA.5,#80CBC4,BA.5.1.38
BA.5,#80CBC4,BA.5.1.4
BA.5,#80CBC4,BA.5.1.5
BA.5,#80CBC4,BA.5.1.6
BA.5,#80CBC4,BA.5.1.7
BA.5,#80CBC4,BA.5.1.8
BA.5,#80CBC4,BA.5.1.9
BA.5,#80CBC4,BA.5.10
BA.5,#80CBC4,BA.5.10.1
BA.5,#80CBC4,BA.5.11
BA.5,#80CBC4,BA.5.12
BA.5,#80CBC4,BA.5.2
BA.5,#80CBC4,BA.5.2.1
BA.5,#80CBC4,BA.5.2.10
BA.5,#80CBC4,BA.5.2.11
BA.5,#80CBC4,BA.5.2.12
BA.5,#80CBC4,BA.5.2.13
BA.5,#80CBC4,BA.5.2.14
BA.5,#80CBC4,BA.5.2.16
BA.5,#80CBC4,BA.5.2.18
BA.5,#80CBC4,BA.5.2.19
BA.5,#80CBC4,BA.5.2.2
BA.5,#80CBC4,BA.5.2.20
BA.5,#80CBC4,BA.5.2.21
BA.5,#80CBC4,BA.5.2.22
BA.5,#80CBC4,BA.5.2.23
BA.5,#80CBC4,BA.5.2.24
BA.5,#80CBC4,BA.5.2.25
BA.5,#80CBC4,BA.5.2.26
BA.5,#80CBC4,BA.5.2.27
BA.5,#80CBC4,BA.5.2.28
BA.5,#80CBC4,BA.5.2.29
BA.5,#80CBC4,BA.5.2.3
BA.5,#80CBC4,BA.5.2.30
BA.5,#80CBC4,BA.5.2.31
BA.5,#80CBC4,BA.5.2.32
BA.5,#80CBC4,BA.5.2.33
BA.5,#80CBC4,BA.5.2.34
BA.5,#80CBC4,BA.5.2.35
BA.5,#80CBC4,BA.5.2.36
BA.5,#80CBC4,BA.5.2.37
BA.5,#80CBC4,BA.5.2.38
BA.5,#80CBC4,BA.5.2.39
BA.5,#80CBC4,BA.5.2.4
BA.5,#80CBC4,BA.5.2.40
BA.5,#80CBC4,BA.5.2.41
BA.5,#80CBC4,BA.5.2.42
BA.5,#80CBC4,BA.5.2.43
BA.5,#80CBC4,BA.5.2.44
BA.5,#80CBC4,BA.5.2.45
BA.5,#80CBC4,BA.5.2.46
BA.5,#80CBC4,BA.5.2.47
BA.5,#80CBC4,BA.5.2.48
BA.5,#80CBC4,BA.5.2.49
BA.5,#80CBC4,BA.5.2.5
BA.5,#80CBC4,BA.5.2.50
BA.5,#80CBC4,BA.5.2.51
BA.5,#80CBC4,BA.5.2.52
BA.5,#80CBC4,BA.5.2.53
BA.5,#80CBC4,BA.5.2.54
BA.5,#80CBC4,BA.5.2.55
BA.5,#80CBC4,BA.5.2.56
BA.5,#80CBC4,BA.5.2.57
BA.5,#80CBC4,BA.5.2.58
BA.5,#80CBC4,BA.5.2.59
BA.5.2.6,#009688,BA.5.2.6
BA.5,#80CBC4,BA.5.2.60
BA.5,#80CBC4,BA.5.2.61
BA.5,#80CBC4,BA.5.2.62
BA.5,#80CBC4,BA.5.2.63
BA.5,#80CBC4,BA.5.2.7
BA.5,#80CBC4,BA.5.2.8
BA.5,#80CBC4,BA.5.2.9
BA.5,#80CBC4,BA.5.3
BA.5,#80CBC4,BA.5.3.1
BA.5,#80CBC4,BA.5.3.2
BA.5,#80CBC4,BA.5.3.3
BA.5,#80CBC4,BA.5.3.4
BA.5,#80CBC4,BA.5.3.5
BA.5,#80CBC4,BA.5.5
BA.5,#80CBC4,BA.5.5.1
BA.5,#80CBC4,BA.5.5.2
BA.5,#80CBC4,BA.5.5.3
BA.5,#80CBC4,BA.5.6
BA.5,#80CBC4,BA.5.6.1
BA.5,#80CBC4,BA.5.6.2
BA.5,#80CBC4,BA.5.6.3
BA.5,#80CBC4,BA.5.6.4
BA.5,#80CBC4,BA.5.7
BA.5,#80CBC4,BA.5.8
BA.5,#80CBC4,BA.5.9
Other,#797979,BB.2
BA.1.1,#FF824C,BC.1
BA.1.1,#FF824C,BC.2
B.1.1.529,#E26028,BD.1
BA.5,#80CBC4,BE.1
BA.5,#80CBC4,BE.1.1
BA.5,#80CBC4,BE.1.1.1
BA.5,#80CBC4,BE.1.1.2
BA.5,#80CBC4,BE.1.2
BA.5,#80CBC4,BE.1.2.1
BA.5,#80CBC4,BE.1.3
BA.5,#80CBC4,BE.1.4
BA.5,#80CBC4,BE.1.4.1
BA.5,#80CBC4,BE.1.4.2
BA.5,#80CBC4,BE.1.4.3
BA.5,#80CBC4,BE.1.4.4
BA.5,#80CBC4,BE.10
BA.5,#80CBC4,BE.11
BA.5,#80CBC4,BE.12
BA.5,#80CBC4,BE.13
BA.5,#80CBC4,BE.2
BA.5,#80CBC4,BE.3
BA.5,#80CBC4,BE.4
BA.5,#80CBC4,BE.4.1
BA.5,#80CBC4,BE.4.1.1
BA.5,#80CBC4,BE.4.2
BA.5,#80CBC4,BE.5
BA.5,#80CBC4,BE.6
BA.5,#80CBC4,BE.7
BA.5,#80CBC4,BE.8
BA.5,#80CBC4,BE.9
BA.5,#80CBC4,BF.1
BA.5,#80CBC4,BF.1.1
BA.5,#80CBC4,BF.10
BA.5,#80CBC4,BF.10.1
BF.11,#29B6F6,BF.11
BF.11,#29B6F6,BF.11.1
BF.11,#29B6F6,BF.11.2
BF.11,#29B6F6,BF.11.3
BF.11,#29B6F6,BF.11.4
BF.11,#29B6F6,BF.11.5
BA.5,#80CBC4,BF.12
BA.5,#80CBC4,BF.13
BA.5,#80CBC4,BF.14
BA.5,#80CBC4,BF.15
BA.5,#80CBC4,BF.16
BA.5,#80CBC4,BF.17
BA.5,#80CBC4,BF.18
BA.5,#80CBC4,BF.19
BA.5,#80CBC4,BF.2
BA.5,#80CBC4,BF.20
BA.5,#80CBC4,BF.21
BA.5,#80CBC4,BF.22
BA.5,#80CBC4,BF.23
BA.5,#80CBC4,BF.24
BA.5,#80CBC4,BF.25
BA.5,#80CBC4,BF.26
BA.5,#80CBC4,BF.27
BA.5,#80CBC4,BF.28
BA.5,#80CBC4,BF.29
BA.5,#80CBC4,BF.3
BA.5,#80CBC4,BF.3.1
BA.5,#80CBC4,BF.30
BA.5,#80CBC4,BF.31
BA.5,#80CBC4,BF.31.1
BA.5,#80CBC4,BF.32
BA.5,#80CBC4,BF.33
BA.5,#80CBC4,BF.34
BA.5,#80CBC4,BF.35
BA.5,#80CBC4,BF.36
BA.5,#80CBC4,BF.37
BA.5,#80CBC4,BF.38
BA.5,#80CBC4,BF.38.1
BA.5,#80CBC4,BF.38.2
BA.5,#80CBC4,BF.38.3
BA.5,#80CBC4,BF.39
BA.5,#80CBC4,BF.39.1
BA.5,#80CBC4,BF.4
BA.5,#80CBC4,BF.40
BA.5,#80CBC4,BF.41
BA.5,#80CBC4,BF.41.1
BA.5,#80CBC4,BF.42
BA.5,#80CBC4,BF.5
BA.5,#80CBC4,BF.5.1
BA.5,#80CBC4,BF.5.2
BA.5,#80CBC4,BF.5.3
BA.5,#80CBC4,BF.5.4
BA.5,#80CBC4,BF.5.5
BA.5,#80CBC4,BF.6
BF.7,#81D4FA,BF.7
BF.7,#81D4FA,BF.7.1
BF.7,#81D4FA,BF.7.10
BF.7,#81D4FA,BF.7.11
BF.7,#81D4FA,BF.7.12
BF.7,#81D4FA,BF.7.13
BF.7,#81D4FA,BF.7.13.1
BF.7,#81D4FA,BF.7.13.2
BF.7,#81D4FA,BF.7.14
BF.7,#81D4FA,BF.7.14.1
BF.7,#81D4FA,BF.7.14.2
BF.7,#81D4FA,BF.7.14.3
BF.7,#81D4FA,BF.7.14.4
BF.7,#81D4FA,BF.7.14.5
BF.7,#81D4FA,BF.7.14.6
BF.7,#81D4FA,BF.7.14.7
BF.7,#81D4FA,BF.7.15
BF.7,#81D4FA,BF.7.16
BF.7,#81D4FA,BF.7.16.1
BF.7,#81D4FA,BF.7.17
BF.7,#81D4FA,BF.7.18
BF.7,#81D4FA,BF.7.19
BF.7,#81D4FA,BF.7.19.1
BF.7,#81D4FA,BF.7.2
BF.7,#81D4FA,BF.7.20
BF.7,#81D4FA,BF.7.21
BF.7,#81D4FA,BF.7.22
BF.7,#81D4FA,BF.7.23
BF.7,#81D4FA,BF.7.24
BF.7,#81D4FA,BF.7.26
BF.7,#81D4FA,BF.7.27
BF.7,#81D4FA,BF.7.3
BF.7,#81D4FA,BF.7.4
BF.7,#81D4FA,BF.7.4.1
BF.7,#81D4FA,BF.7.4.2
BF.7,#81D4FA,BF.7.4.3
BF.7,#81D4FA,BF.7.5
BF.7,#81D4FA,BF.7.5.1
BF.7,#81D4FA,BF.7.6
BF.7,#81D4FA,BF.7.7
BF.7,#81D4FA,BF.7.8
BF.7,#81D4FA,BF.7.9
BA.5,#80CBC4,BF.8
BA.5,#80CBC4,BF.9
BA.2.12.1,#7CB342,BG.1
BA.2.12.1,#7CB342,BG.2
BA.2.12.1,#7CB342,BG.3
BA.2.12.1,#7CB342,BG.4
BA.2.12.1,#7CB342,BG.5
BA.2.12.1,#7CB342,BG.6
BA.2.12.1,#7CB342,BG.7
BA.2,#9CCC65,BH.1
BA.2,#9CCC65,BJ.1
BA.5,#80CBC4,BK.1
BA.2.75,#D4E157,BL.1
BA.2.75,#D4E157,BL.1.1
BA.2.75,#D4E157,BL.1.2
BA.2.75,#D4E157,BL.1.3
BA.2.75,#D4E157,BL.1.4
BA.2.75,#D4E157,BL.1.5
BA.2.75,#D4E157,BL.2
BA.2.75,#D4E157,BL.2.1
BA.2.75,#D4E157,BL.3
BA.2.75,#D4E157,BL.4
BA.2.75,#D4E157,BL.5
BA.2.75,#D4E157,BL.6
BA.2.75,#D4E157,BM.1
BA.2.75,#D4E157,BM.1.1
BA.2.75,#D4E157,BM.1.1.1
BA.2.75,#D4E157,BM.1.1.2
BA.2.75,#D4E157,BM.1.1.3
BA.2.75,#D4E157,BM.1.1.4
BA.2.75,#D4E157,BM.1.1.5
BA.2.75,#D4E157,BM.2
BA.2.75,#D4E157,BM.2.1
BA.2.75,#D4E157,BM.2.2
BA.2.75,#D4E157,BM.2.3
BA.2.75,#D4E157,BM.3
BA.2.75,#D4E157,BM.4
BA.2.75,#D4E157,BM.4.1
BA.2.75,#D4E157,BM.4.1.1
BA.2.75,#D4E157,BM.5
BA.2.75,#D4E157,BM.6
BN.1,#9E9D24,BN.1
BN.1,#9E9D24,BN.1.1
BN.1,#9E9D24,BN.1.1.1
BN.1,#9E9D24,BN.1.10
BN.1,#9E9D24,BN.1.11
BN.1,#9E9D24,BN.1.2
BN.1,#9E9D24,BN.1.2.1
BN.1,#9E9D24,BN.1.2.2
BN.1,#9E9D24,BN.1.2.3
BN.1,#9E9D24,BN.1.2.4
BN.1,#9E9D24,BN.1.2.5
BN.1,#9E9D24,BN.1.2.6
BN.1,#9E9D24,BN.1.2.7
BN.1,#9E9D24,BN.1.2.8
BN.1,#9E9D24,BN.1.3
BN.1,#9E9D24,BN.1.3.1
BN.1,#9E9D24,BN.1.3.10
BN.1,#9E9D24,BN.1.3.11
BN.1,#9E9D24,BN.1.3.12
BN.1,#9E9D24,BN.1.3.13
BN.1,#9E9D24,BN.1.3.2
BN.1,#9E9D24,BN.1.3.3
BN.1,#9E9D24,BN.1.3.4
BN.1,#9E9D24,BN.1.3.5
BN.1,#9E9D24,BN.1.3.6
BN.1,#9E9D24,BN.1.3.7
BN.1,#9E9D24,BN.1.3.8
BN.1,#9E9D24,BN.1.3.9
BN.1,#9E9D24,BN.1.4
BN.1,#9E9D24,BN.1.4.1
BN.1,#9E9D24,BN.1.4.2
BN.1,#9E9D24,BN.1.4.3
BN.1,#9E9D24,BN.1.4.4
BN.1,#9E9D24,BN.1.4.5
BN.1,#9E9D24,BN.1.5
BN.1,#9E9D24,BN.1.5.1
BN.1,#9E9D24,BN.1.5.2
BN.1,#9E9D24,BN.1.6
BN.1,#9E9D24,BN.1.7
BN.1,#9E9D24,BN.1.8
BN.1,#9E9D24,BN.1.9
BA.2.75,#D4E157,BN.2
BA.2.75,#D4E157,BN.2.1
BA.2.75,#D4E157,BN.3
BA.2.75,#D4E157,BN.3.1
BA.2.75,#D4E157,BN.4
BA.2.75,#D4E157,BN.5
BA.2.75,#D4E157,BN.6
BA.2,#9CCC65,BP.1
BQ.1,#006064,BQ.1
BQ.1.1,#00838F,BQ.1.1
BQ.1.1,#00838F,BQ.1.1.1
BQ.1.1,#00838F,BQ.1.1.10
BQ.1.1,#00838F,BQ.1.1.11
BQ.1.1,#00838F,BQ.1.1.12
BQ.1.1,#00838F,BQ.1.1.13
BQ.1.1,#00838F,BQ.1.1.14
BQ.1.1,#00838F,BQ.1.1.15
BQ.1.1,#00838F,BQ.1.1.16
BQ.1.1,#00838F,BQ.1.1.17
BQ.1.1,#00838F,BQ.1.1.18
BQ.1.1,#00838F,BQ.1.1.19
BQ.1.1,#00838F,BQ.1.1.2
BQ.1.1,#00838F,BQ.1.1.20
BQ.1.1,#00838F,BQ.1.1.21
BQ.1.1,#00838F,BQ.1.1.22
BQ.1.1,#00838F,BQ.1.1.23
BQ.1.1,#00838F,BQ.1.1.24
BQ.1.1,#00838F,BQ.1.1.25
BQ.1.1,#00838F,BQ.1.1.26
BQ.1.1,#00838F,BQ.1.1.27
BQ.1.1,#00838F,BQ.1.1.28
BQ.1.1,#00838F,BQ.1.1.29
BQ.1.1,#00838F,BQ.1.1.3
BQ.1.1,#00838F,BQ.1.1.30
BQ.1.1,#00838F,BQ.1.1.31
BQ.1.1,#00838F,BQ.1.1.32
BQ.1.1,#00838F,BQ.1.1.34
BQ.1.1,#00838F,BQ.1.1.35
BQ.1.1,#00838F,BQ.1.1.36
BQ.1.1,#00838F,BQ.1.1.37
BQ.1.1,#00838F,BQ.1.1.38
BQ.1.1,#00838F,BQ.1.1.39
BQ.1.1,#00838F,BQ.1.1.4
BQ.1.1,#00838F,BQ.1.1.40
BQ.1.1,#00838F,BQ.1.1.41
BQ.1.1,#00838F,BQ.1.1.42
BQ.1.1,#00838F,BQ.1.1.43
BQ.1.1,#00838F,BQ.1.1.44
BQ.1.1,#00838F,BQ.1.1.45
BQ.1.1,#00838F,BQ.1.1.46
BQ.1.1,#00838F,BQ.1.1.47
BQ.1.1,#00838F,BQ.1.1.48
BQ.1.1,#00838F,BQ.1.1.49
BQ.1.1,#00838F,BQ.1.1.5
BQ.1.1,#00838F,BQ.1.1.50
BQ.1.1,#00838F,BQ.1.1.51
BQ.1.1,#00838F,BQ.1.1.52
BQ.1.1,#00838F,BQ.1.1.53
BQ.1.1,#00838F,BQ.1.1.54
BQ.1.1,#00838F,BQ.1.1.55
BQ.1.1,#00838F,BQ.1.1.56
BQ.1.1,#00838F,BQ.1.1.57
BQ.1.1,#00838F,BQ.1.1.58
BQ.1.1,#00838F,BQ.1.1.59
BQ.1.1,#00838F,BQ.1.1.6
BQ.1.1,#00838F,BQ.1.1.60
BQ.1.1,#00838F,BQ.1.1.61
BQ.1.1,#00838F,BQ.1.1.62
BQ.1.1,#00838F,BQ.1.1.63
BQ.1.1,#00838F,BQ.1.1.64
BQ.1.1,#00838F,BQ.1.1.65
BQ.1.1,#00838F,BQ.1.1.66
BQ.1.1,#00838F,BQ.1.1.67
BQ.1.1,#00838F,BQ.1.1.68
BQ.1.1,#00838F,BQ.1.1.69
BQ.1.1,#00838F,BQ.1.1.7
BQ.1.1,#00838F,BQ.1.1.70
BQ.1.1,#00838F,BQ.1.1.71
BQ.1.1,#00838F,BQ.1.1.72
BQ.1.1,#00838F,BQ.1.1.73
BQ.1.1,#00838F,BQ.1.1.74
BQ.1.1,#00838F,BQ.1.1.75
BQ.1.1,#00838F,BQ.1.1.76
BQ.1.1,#00838F,BQ.1.1.77
BQ.1.1,#00838F,BQ.1.1.78
BQ.1.1,#00838F,BQ.1.1.79
BQ.1.1,#00838F,BQ.1.1.8
BQ.1.1,#00838F,BQ.1.1.9
BQ.1,#006064,BQ.1.10
BQ.1,#006064,BQ.1.10.1
BQ.1,#006064,BQ.1.10.2
BQ.1,#006064,BQ.1.10.3
BQ.1,#006064,BQ.1.11
BQ.1,#006064,BQ.1.11.1
BQ.1,#006064,BQ.1.12
BQ.1,#006064,BQ.1.13
BQ.1,#006064,BQ.1.13.1
BQ.1,#006064,BQ.1.14
BQ.1,#006064,BQ.1.15
BQ.1,#006064,BQ.1.15.1
BQ.1,#006064,BQ.1.15.2
BQ.1,#006064,BQ.1.16
BQ.1,#006064,BQ.1.17
BQ.1,#006064,BQ.1.18
BQ.1,#006064,BQ.1.19
BQ.1,#006064,BQ.1.2
BQ.1,#006064,BQ.1.2.1
BQ.1,#006064,BQ.1.2.2
BQ.1,#006064,BQ.1.2.3
BQ.1,#006064,BQ.1.20
BQ.1,#006064,BQ.1.21
BQ.1,#006064,BQ.1.22
BQ.1,#006064,BQ.1.23
BQ.1,#006064,BQ.1.24
BQ.1,#006064,BQ.1.25
BQ.1,#006064,BQ.1.25.1
BQ.1,#006064,BQ.1.26
BQ.1,#006064,BQ.1.26.1
BQ.1,#006064,BQ.1.26.2
BQ.1,#006064,BQ.1.27
BQ.1,#006064,BQ.1.28
BQ.1,#006064,BQ.1.29
BQ.1,#006064,BQ.1.3
BQ.1,#006064,BQ.1.3.1
BQ.1,#006064,BQ.1.3.2
BQ.1,#006064,BQ.1.30
BQ.1,#006064,BQ.1.31
BQ.1,#006064,BQ.1.32
BQ.1,#006064,BQ.1.33
BQ.1,#006064,BQ.1.4
BQ.1,#006064,BQ.1.5
BQ.1,#006064,BQ.1.6
BQ.1,#006064,BQ.1.7
BQ.1,#006064,BQ.1.8
BQ.1,#006064,BQ.1.8.1
BQ.1,#006064,BQ.1.8.2
BQ.1,#006064,BQ.1.9
BA.5,#80CBC4,BQ.2
BA.2.75,#D4E157,BR.1
BA.2.75,#D4E157,BR.1.1
BA.2.75,#D4E157,BR.1.2
BA.2.75,#D4E157,BR.2
BA.2.75,#D4E157,BR.2.1
BA.2.75,#D4E157,BR.3
BA.2.75,#D4E157,BR.4
BA.2.75,#D4E157,BR.5
BA.2.75,#D4E157,BR.5.1
BA.2,#9CCC65,BS.1
BA.2,#9CCC65,BS.1.1
BA.2,#9CCC65,BS.1.2
BA.5,#80CBC4,BT.1
BA.5,#80CBC4,BT.2
BA.5,#80CBC4,BU.1
BA.5,#80CBC4,BU.2
BA.5,#80CBC4,BU.3
BA.5,#80CBC4,BV.1
BA.5,#80CBC4,BV.2
BA.5,#80CBC4,BW.1
BA.5,#80CBC4,BW.1.1
BA.5,#80CBC4,BW.1.1.1
BA.5,#80CBC4,BW.1.1.2
BA.5,#80CBC4,BW.1.2
BA.2.75,#D4E157,BY.1
BA.2.75,#D4E157,BY.1.1
BA.2.75,#D4E157,BY.1.1.1
BA.2.75,#D4E157,BY.1.2
BA.2.75,#D4E157,BY.1.2.1
BA.5,#80CBC4,BZ.1
BA.5,#80CBC4,BZ.2
Other,#797979,C.1
Other,#797979,C.1.1
Other,#797979,C.1.2
Other,#797979,C.10
Other,#797979,C.11
Other,#797979,C.12
Other,#797979,C.13
Other,#797979,C.14
Other,#797979,C.16
Other,#797979,C.17
Other,#797979,C.18
Other,#797979,C.19
Other,#797979,C.2
Other,#797979,C.2.1
Other,#797979,C.20
Other,#797979,C.21
Other,#797979,C.22
Other,#797979,C.23
Other,#797979,C.25
Other,#797979,C.26
Other,#797979,C.27
Other,#797979,C.28
Other,#797979,C.29
Other,#797979,C.3
Other,#797979,C.30
Other,#797979,C.30.1
Other,#797979,C.31
Other,#797979,C.32
Other,#797979,C.33
Other,#797979,C.34
Other,#797979,C.35
Other,#797979,C.36
Other,#797979,C.36.1
Other,#797979,C.36.2
Other,#797979,C.36.3
Other,#797979,C.36.3.1
Other,#797979,C.37
Other,#797979,C.37.1
Other,#797979,C.38
Other,#797979,C.39
Other,#797979,C.4
Other,#797979,C.40
Other,#797979,C.5
Other,#797979,C.6
Other,#797979,C.7
Other,#797979,C.8
Other,#797979,C.9
BA.2.75.2,#C0CA33,CA.1
BA.2.75.2,#C0CA33,CA.2
BA.2.75.2,#C0CA33,CA.3
BA.2.75.2,#C0CA33,CA.3.1
BA.2.75.2,#C0CA33,CA.4
BA.2.75.2,#C0CA33,CA.5
BA.2.75.2,#C0CA33,CA.6
BA.2.75.2,#C0CA33,CA.7
BA.2.75,#D4E157,CB.1
BA.5,#80CBC4,CC.1
BA.5,#80CBC4,CD.1
BA.5,#80CBC4,CD.2
BA.5,#80CBC4,CE.1
BA.5,#80CBC4,CF.1
BA.5,#80CBC4,CG.1
BA.2.75,#D4E157,CH.1
CH.1.1,#827717,CH.1.1
CH.1.1,#827717,CH.1.1.1
CH.1.1,#827717,CH.1.1.10
CH.1.1,#827717,CH.1.1.11
CH.1.1,#827717,CH.1.1.12
CH.1.1,#827717,CH.1.1.13
CH.1.1,#827717,CH.1.1.14
CH.1.1,#827717,CH.1.1.15
CH.1.1,#827717,CH.1.1.16
CH.1.1,#827717,CH.1.1.17
CH.1.1,#827717,CH.1.1.18
CH.1.1,#827717,CH.1.1.19
CH.1.1,#827717,CH.1.1.2
CH.1.1,#827717,CH.1.1.20
CH.1.1,#827717,CH.1.1.21
CH.1.1,#827717,CH.1.1.22
CH.1.1,#827717,CH.1.1.23
CH.1.1,#827717,CH.1.1.24
CH.1.1,#827717,CH.1.1.25
CH.1.1,#827717,CH.1.1.26
CH.1.1,#827717,CH.1.1.27
CH.1.1,#827717,CH.1.1.28
CH.1.1,#827717,CH.1.1.29
CH.1.1,#827717,CH.1.1.3
CH.1.1,#827717,CH.1.1.30
CH.1.1,#827717,CH.1.1.31
CH.1.1,#827717,CH.1.1.32
CH.1.1,#827717,CH.1.1.4
CH.1.1,#827717,CH.1.1.5
CH.1.1,#827717,CH.1.1.6
CH.1.1,#827717,CH.1.1.7
CH.1.1,#827717,CH.1.1.8
CH.1.1,#827717,CH.1.1.9
BA.2.75,#D4E157,CH.2
BA.2.75,#D4E157,CH.3
BA.2.75,#D4E157,CH.3.1
BA.2.75,#D4E157,CJ.1
BA.2.75,#D4E157,CJ.1.1
BA.2.75,#D4E157,CJ.1.2
BA.2.75,#D4E157,CJ.1.3
BA.2.75,#D4E157,CJ.1.3.1
BA.2.75,#D4E157,CJ.1.3.2
BA.5,#80CBC4,CK.1
BA.5,#80CBC4,CK.1.1
BA.5,#80CBC4,CK.1.1.1
BA.5,#80CBC4,CK.1.1.2
BA.5,#80CBC4,CK.1.2
BA.5,#80CBC4,CK.1.3
BA.5,#80CBC4,CK.1.4
BA.5,#80CBC4,CK.1.5
BA.5,#80CBC4,CK.2
BA.5,#80CBC4,CK.2.1
BA.5,#80CBC4,CK.2.1.1
BA.5,#80CBC4,CK.3
BA.5,#80CBC4,CL.1
BA.5,#80CBC4,CL.1.1
BA.5,#80CBC4,CL.1.2
BA.5,#80CBC4,CL.1.3
BA.2,#9CCC65,CM.1
BA.2,#9CCC65,CM.10
BA.2,#9CCC65,CM.11
BA.2,#9CCC65,CM.12
BA.2,#9CCC65,CM.2
BA.2,#9CCC65,CM.2.1
BA.2,#9CCC65,CM.3
BA.2,#9CCC65,CM.4
BA.2,#9CCC65,CM.4.1
BA.2,#9CCC65,CM.5
BA.2,#9CCC65,CM.5.1
BA.2,#9CCC65,CM.5.2
BA.2,#9CCC65,CM.6
BA.2,#9CCC65,CM.6.1
BA.2,#9CCC65,CM.7
BA.2,#9CCC65,CM.7.1
BA.2,#9CCC65,CM.7.1.1
BA.2,#9CCC65,CM.8
BA.2,#9CCC65,CM.8.1
BA.2,#9CCC65,CM.8.1.1
BA.2,#9CCC65,CM.8.1.2
BA.2,#9CCC65,CM.8.1.3
BA.2,#9CCC65,CM.8.1.4
BA.2,#9CCC65,CM.8.1.5
BA.2,#9CCC65,CM.9
BA.5,#80CBC4,CN.1
BA.5,#80CBC4,CN.2
BA.5.2.6,#009688,CP.1
BA.5.2.6,#009688,CP.1.1
BA.5.2.6,#009688,CP.1.2
BA.5.2.6,#009688,CP.1.3
BA.5.2.6,#009688,CP.2
BA.5.2.6,#009688,CP.3
BA.5.2.6,#009688,CP.4
BA.5.2.6,#009688,CP.5
BA.5.2.6,#009688,CP.6
BA.5.2.6,#009688,CP.7
BA.5.2.6,#009688,CP.8
BA.5.2.6,#009688,CP.8.1
BA.5,#80CBC4,CQ.1
BA.5,#80CBC4,CQ.1.1
BA.5,#80CBC4,CQ.2
BA.5,#80CBC4,CR.1
BA.5,#80CBC4,CR.1.1
BA.5,#80CBC4,CR.1.2
BA.5,#80CBC4,CR.1.3
BA.5,#80CBC4,CR.2
BA.4,#FFD54F,CS.1
BA.5,#80CBC4,CT.1
BA.5,#80CBC4,CU.1
BA.2.75,#D4E157,CV.1
BA.2.75,#D4E157,CV.2
BQ.1.1,#00838F,CW.1
BA.5,#80CBC4,CY.1
BA.5,#80CBC4,CY.2
BQ.1.1,#00838F,CZ.1
BQ.1.1,#00838F,CZ.2
Other,#797979,D.2
Other,#797979,D.3
Other,#797979,D.4
Other,#797979,D.5
BA.5,#80CBC4,DA.1
BA.5,#80CBC4,DB.1
BA.5,#80CBC4,DB.2
BA.5,#80CBC4,DB.3
BA.4.6,#FFB300,DC.1
BA.2,#9CCC65,DD.1
BA.5,#80CBC4,DE.1
BA.5,#80CBC4,DE.2
BA.5,#80CBC4,DF.1
BA.5,#80CBC4,DF.1.1
BA.5,#80CBC4,DG.1
BA.5,#80CBC4,DH.1
BA.5,#80CBC4,DJ.1
BA.5,#80CBC4,DJ.1.1
BA.5,#80CBC4,DJ.1.1.1
BA.5,#80CBC4,DJ.1.2
BA.5,#80CBC4,DJ.1.3
BQ.1.1,#00838F,DK.1
BA.5,#80CBC4,DL.1
BQ.1.1,#00838F,DM.1
BQ.1.1,#00838F,DN.1
BQ.1.1,#00838F,DN.1.1
BQ.1.1,#00838F,DN.1.1.1
BQ.1.1,#00838F,DN.1.1.2
BQ.1.1,#00838F,DN.1.1.3
BQ.1.1,#00838F,DN.1.1.4
BQ.1.1,#00838F,DN.2
BQ.1.1,#00838F,DN.3
BQ.1.1,#00838F,DN.3.1
BQ.1.1,#00838F,DP.1
BA.5,#80CBC4,DQ.1
BQ.1.1,#00838F,DR.1
BQ.1.1,#00838F,DR.2
BN.1,#9E9D24,DS.1
BN.1,#9E9D24,DS.2
BN.1,#9E9D24,DS.3
BQ.1.1,#00838F,DT.1
BQ.1.1,#00838F,DT.2
BQ.1.1,#00838F,DT.3
BQ.1.1,#00838F,DU.1
CH.1.1,#827717,DV.1
CH.1.1,#827717,DV.1.1
CH.1.1,#827717,DV.2
CH.1.1,#827717,DV.3
CH.1.1,#827717,DV.3.1
CH.1.1,#827717,DV.4
CH.1.1,#827717,DV.5
CH.1.1,#827717,DV.6
CH.1.1,#827717,DV.6.1
CH.1.1,#827717,DV.6.2
CH.1.1,#827717,DV.7
CH.1.1,#827717,DV.7.1
CH.1.1,#827717,DV.7.1.1
CH.1.1,#827717,DV.7.1.2
CH.1.1,#827717,DV.7.1.3
CH.1.1,#827717,DV.7.1.4
CH.1.1,#827717,DV.7.1.5
CH.1.1,#827717,DV.7.1.6
CH.1.1,#827717,DV.7.1.7
CH.1.1,#827717,DV.7.1.8
CH.1.1,#827717,DV.7.1.9
CH.1.1,#827717,DV.7.2
CH.1.1,#827717,DV.8
BA.5,#80CBC4,DW.1
BA.5,#80CBC4,DY.1
BA.5,#80CBC4,DY.1.1
BA.5,#80CBC4,DY.2
BA.5,#80CBC4,DY.3
BA.5,#80CBC4,DY.4
BA.5,#80CBC4,DZ.1
BA.5,#80CBC4,DZ.2
BQ.1.1,#00838F,EA.1
BQ.1.1,#00838F,EA.2
BA.5,#80CBC4,EB.1
BQ.1,#006064,EC.1
BQ.1,#006064,EC.1.1
BQ.1.1,#00838F,ED.1
BQ.1.1,#00838F,ED.2
BQ.1.1,#00838F,ED.3
BQ.1.1,#00838F,EE.1
BQ.1.1,#00838F,EE.2
BQ.1.1,#00838F,EE.3
BQ.1.1,#00838F,EE.4
BQ.1.1,#00838F,EE.5
BQ.1.1,#00838F,EF.1
BQ.1.1,#00838F,EF.1.1
BQ.1.1,#00838F,EF.1.1.1
BQ.1.1,#00838F,EF.1.2
BQ.1.1,#00838F,EF.1.3
BQ.1.1,#00838F,EF.2
BQ.1.1,#00838F,EF.3
XBB.1.9.2,#536DFE,EG.1
XBB.1.9.2,#536DFE,EG.1.1
XBB.1.9.2,#536DFE,EG.1.2
XBB.1.9.2,#536DFE,EG.1.3
XBB.1.9.2,#536DFE,EG.1.4
XBB.1.9.2,#536DFE,EG.1.4.1
XBB.1.9.2,#536DFE,EG.1.5
XBB.1.9.2,#536DFE,EG.1.6
XBB.1.9.2,#536DFE,EG.1.7
XBB.1.9.2,#536DFE,EG.1.8
XBB.1.9.2,#536DFE,EG.10
XBB.1.9.2,#536DFE,EG.10.1
XBB.1.9.2,#536DFE,EG.10.1.1
XBB.1.9.2,#536DFE,EG.11
XBB.1.9.2,#536DFE,EG.12
XBB.1.9.2,#536DFE,EG.13
XBB.1.9.2,#536DFE,EG.14
XBB.1.9.2,#536DFE,EG.2
XBB.1.9.2,#536DFE,EG.2.1
XBB.1.9.2,#536DFE,EG.2.2
XBB.1.9.2,#536DFE,EG.2.3
XBB.1.9.2,#536DFE,EG.2.4
XBB.1.9.2,#536DFE,EG.2.5
XBB.1.9.2,#536DFE,EG.3
XBB.1.9.2,#536DFE,EG.4
XBB.1.9.2,#536DFE,EG.4.1
XBB.1.9.2,#536DFE,EG.4.2
XBB.1.9.2,#536DFE,EG.4.3
XBB.1.9.2,#536DFE,EG.4.4
XBB.1.9.2,#536DFE,EG.4.5
EG.5,#f28e2b,EG.5
EG.5,#f28e2b,EG.5.1
EG.5,#f28e2b,EG.5.1.1
EG.5,#f28e2b,EG.5.1.10
EG.5,#f28e2b,EG.5.1.11
EG.5,#f28e2b,EG.5.1.12
EG.5,#f28e2b,EG.5.1.13
EG.5,#f28e2b,EG.5.1.14
EG.5,#f28e2b,EG.5.1.15
EG.5,#f28e2b,EG.5.1.16
EG.5,#f28e2b,EG.5.1.17
EG.5,#f28e2b,EG.5.1.18
EG.5,#f28e2b,EG.5.1.19
EG.5,#f28e2b,EG.5.1.2
EG.5,#f28e2b,EG.5.1.3
EG.5,#f28e2b,EG.5.1.4
EG.5,#f28e2b,EG.5.1.5
EG.5,#f28e2b,EG.5.1.6
EG.5,#f28e2b,EG.5.1.7
EG.5.1.8,#e14d6f,EG.5.1.8
EG.5,#f28e2b,EG.5.1.9
EG.5,#f28e2b,EG.5.2
EG.5,#f28e2b,EG.5.2.1
EG.5,#f28e2b,EG.5.2.2
EG.5,#f28e2b,EG.5.2.3
EG.5,#f28e2b,EG.5.2.4
XBB.1.9.2,#536DFE,EG.6
EG.6.1,#b9aba8,EG.6.1
EG.6.1,#b9aba8,EG.6.1.1
EG.6.1,#b9aba8,EG.6.1.2
XBB.1.9.2,#536DFE,EG.7
XBB.1.9.2,#536DFE,EG.8
XBB.1.9.2,#536DFE,EG.9
XBB.1.9.2,#536DFE,EG.9.1
BQ.1.1,#00838F,EH.1
BN.1,#9E9D24,EJ.1
BN.1,#9E9D24,EJ.2
BN.1,#9E9D24,EJ.3
XBB.1.5,#3F51B5,EK.1
XBB.1.5,#3F51B5,EK.2
XBB.1.5,#3F51B5,EK.2.1
XBB.1.5,#3F51B5,EK.3
XBB.1.5,#3F51B5,EK.4
XBB.1.5,#3F51B5,EL.1
XBB.1.5,#3F51B5,EM.1
BQ.1.1,#00838F,EN.1
BQ.1.1,#00838F,EN.1.1
BA.2.75,#D4E157,EP.1
BA.2.75,#D4E157,EP.1.1
BA.2.75,#D4E157,EP.1.1.1
BA.2.75,#D4E157,EP.2
BA.5,#80CBC4,EQ.1
BQ.1.1,#00838F,ER.1
BQ.1.1,#00838F,ER.1.1
BQ.1.1,#00838F,ES.1
BQ.1.1,#00838F,ET.1
XBB.1.5,#3F51B5,EU.1
EU.1.1,#f25353,EU.1.1
EU.1.1,#f25353,EU.1.1.1
EU.1.1,#f25353,EU.1.1.2
EU.1.1,#f25353,EU.1.1.3
BQ.1.1,#00838F,EV.1
BQ.1.1,#00838F,EW.1
BQ.1.1,#00838F,EW.2
BQ.1.1,#00838F,EW.3
BQ.1.1,#00838F,EY.1
BQ.1.1,#00838F,EZ.1
BQ.1.1,#00838F,FA.1
BQ.1.1,#00838F,FA.2
BQ.1,#006064,FB.1
BQ.1,#006064,FB.2
BQ.1.1,#00838F,FC.1
XBB.1.5,#3F51B5,FD.1
FD.1.1,#e7cb40,FD.1.1
FD.2,#8C9EFF,FD.2
FD.2,#8C9EFF,FD.2.1
XBB.1.5,#3F51B5,FD.3
XBB.1.5,#3F51B5,FD.4
XBB.1.5,#3F51B5,FD.4.1
XBB.1.5,#3F51B5,FD.5
XBB.1.5,#3F51B5,FD.5.1
XBB,#9FA8DA,FE.1
FE.1.1,#499894,FE.1.1
FE.1.1,#499894,FE.1.1.1
FE.1.1,#499894,FE.1.1.2
FE.1.1,#499894,FE.1.1.3
FE.1.1,#499894,FE.1.1.4
FE.1.1,#499894,FE.1.1.5
XBB,#9FA8DA,FE.1.2
BQ.1,#006064,FF.1
XBB.1.5,#3F51B5,FG.1
XBB.1.5,#3F51B5,FG.2
XBB.1.5,#3F51B5,FG.3
XBB.1.5,#3F51B5,FH.1
CH.1.1,#827717,FJ.1
CH.1.1,#827717,FK.1
CH.1.1,#827717,FK.1.1
CH.1.1,#827717,FK.1.1.1
CH.1.1,#827717,FK.1.1.2
CH.1.1,#827717,FK.1.2
CH.1.1,#827717,FK.1.2.1
CH.1.1,#827717,FK.1.2.2
CH.1.1,#827717,FK.1.3
CH.1.1,#827717,FK.1.3.1
CH.1.1,#827717,FK.1.3.2
CH.1.1,#827717,FK.1.4
CH.1.1,#827717,FK.1.4.1
CH.1.1,#827717,FK.1.5
XBB.1.9.1,#304FFE,FL.1
XBB.1.9.1,#304FFE,FL.1.1
XBB.1.9.1,#304FFE,FL.1.1.1
XBB.1.9.1,#304FFE,FL.1.2
XBB.1.9.1,#304FFE,FL.1.3
XBB.1.9.1,#304FFE,FL.1.4
XBB.1.9.1,#304FFE,FL.1.5
FL.1.5.1,#8cd17d,FL.1.5.1
XBB.1.9.1,#304FFE,FL.1.5.2
XBB.1.9.1,#304FFE,FL.1.6
XBB.1.9.1,#304FFE,FL.1.7
XBB.1.9.1,#304FFE,FL.1.8
XBB.1.9.1,#304FFE,FL.10
XBB.1.9.1,#304FFE,FL.10.1
XBB.1.9.1,#304FFE,FL.10.2
XBB.1.9.1,#304FFE,FL.10.3
XBB.1.9.1,#304FFE,FL.11
XBB.1.9.1,#304FFE,FL.12
XBB.1.9.1,#304FFE,FL.13
XBB.1.9.1,#304FFE,FL.13.1
XBB.1.9.1,#304FFE,FL.13.2
XBB.1.9.1,#304FFE,FL.13.2.1
XBB.1.9.1,#304FFE,FL.13.3
XBB.1.9.1,#304FFE,FL.13.3.1
XBB.1.9.1,#304FFE,FL.13.4
XBB.1.9.1,#304FFE,FL.13.4.1
XBB.1.9.1,#304FFE,FL.13.5
XBB.1.9.1,#304FFE,FL.14
XBB.1.9.1,#304FFE,FL.15
XBB.1.9.1,#304FFE,FL.15.1
XBB.1.9.1,#304FFE,FL.15.1.1
XBB.1.9.1,#304FFE,FL.15.2
XBB.1.9.1,#304FFE,FL.15.3
XBB.1.9.1,#304FFE,FL.15.4
XBB.1.9.1,#304FFE,FL.16
XBB.1.9.1,#304FFE,FL.17
XBB.1.9.1,#304FFE,FL.17.1
XBB.1.9.1,#304FFE,FL.17.2
XBB.1.9.1,#304FFE,FL.18
XBB.1.9.1,#304FFE,FL.18.1
XBB.1.9.1,#304FFE,FL.18.1.1
XBB.1.9.1,#304FFE,FL.19
XBB.1.9.1,#304FFE,FL.19.1
XBB.1.9.1,#304FFE,FL.2
XBB.1.9.1,#304FFE,FL.2.1
XBB.1.9.1,#304FFE,FL.2.2
XBB.1.9.1,#304FFE,FL.2.2.1
XBB.1.9.1,#304FFE,FL.2.3
XBB.1.9.1,#304FFE,FL.2.3.1
XBB.1.9.1,#304FFE,FL.2.4
XBB.1.9.1,#304FFE,FL.2.5
XBB.1.9.1,#304FFE,FL.2.6
XBB.1.9.1,#304FFE,FL.2.7
XBB.1.9.1,#304FFE,FL.2.7.1
XBB.1.9.1,#304FFE,FL.20
XBB.1.9.1,#304FFE,FL.20.1
XBB.1.9.1,#304FFE,FL.20.2
XBB.1.9.1,#304FFE,FL.21
XBB.1.9.1,#304FFE,FL.21.1
XBB.1.9.1,#304FFE,FL.21.2
XBB.1.9.1,#304FFE,FL.22
XBB.1.9.1,#304FFE,FL.23
XBB.1.9.1,#304FFE,FL.23.1
XBB.1.9.1,#304FFE,FL.23.2
XBB.1.9.1,#304FFE,FL.23.2.1
XBB.1.9.1,#304FFE,FL.24
XBB.1.9.1,#304FFE,FL.24.1
XBB.1.9.1,#304FFE,FL.25
XBB.1.9.1,#304FFE,FL.26
XBB.1.9.1,#304FFE,FL.26.1
XBB.1.9.1,#304FFE,FL.27
XBB.1.9.1,#304FFE,FL.28
XBB.1.9.1,#304FFE,FL.29
XBB.1.9.1,#304FFE,FL.3
XBB.1.9.1,#304FFE,FL.3.1
XBB.1.9.1,#304FFE,FL.3.2
XBB.1.9.1,#304FFE,FL.3.3
XBB.1.9.1,#304FFE,FL.3.4
XBB.1.9.1,#304FFE,FL.30
XBB.1.9.1,#304FFE,FL.30.1
XBB.1.9.1,#304FFE,FL.31
XBB.1.9.1,#304FFE,FL.31.1
XBB.1.9.1,#304FFE,FL.32
XBB.1.9.1,#304FFE,FL.32.1
XBB.1.9.1,#304FFE,FL.33
XBB.1.9.1,#304FFE,FL.33.1
XBB.1.9.1,#304FFE,FL.34
XBB.1.9.1,#304FFE,FL.35
XBB.1.9.1,#304FFE,FL.35.1
XBB.1.9.1,#304FFE,FL.36
XBB.1.9.1,#304FFE,FL.37
XBB.1.9.1,#304FFE,FL.38
XBB.1.9.1,#304FFE,FL.39
XBB.1.9.1,#304FFE,FL.39.1
XBB.1.9.1,#304FFE,FL.4
XBB.1.9.1,#304FFE,FL.4.1
XBB.1.9.1,#304FFE,FL.4.1.1
XBB.1.9.1,#304FFE,FL.4.10
XBB.1.9.1,#304FFE,FL.4.11
XBB.1.9.1,#304FFE,FL.4.2
XBB.1.9.1,#304FFE,FL.4.3
XBB.1.9.1,#304FFE,FL.4.4
XBB.1.9.1,#304FFE,FL.4.5
XBB.1.9.1,#304FFE,FL.4.6
XBB.1.9.1,#304FFE,FL.4.7
XBB.1.9.1,#304FFE,FL.4.8
XBB.1.9.1,#304FFE,FL.4.9
XBB.1.9.1,#304FFE,FL.40
XBB.1.9.1,#304FFE,FL.5
XBB.1.9.1,#304FFE,FL.5.1
XBB.1.9.1,#304FFE,FL.6
XBB.1.9.1,#304FFE,FL.7
XBB.1.9.1,#304FFE,FL.8
XBB.1.9.1,#304FFE,FL.9
BQ.1.1,#00838F,FM.1
BQ.1.1,#00838F,FM.2
BQ.1.1,#00838F,FN.1
XBB,#9FA8DA,FP.1
XBB,#9FA8DA,FP.2
XBB,#9FA8DA,FP.2.1
XBB,#9FA8DA,FP.2.1.1
XBB,#9FA8DA,FP.2.1.2
XBB,#9FA8DA,FP.3
XBB,#9FA8DA,FP.4
BQ.1.1,#00838F,FQ.1
BN.1,#9E9D24,FR.1
BN.1,#9E9D24,FR.1.1
BN.1,#9E9D24,FR.1.2
BN.1,#9E9D24,FR.1.3
BN.1,#9E9D24,FR.1.4
BN.1,#9E9D24,FR.1.5
BN.1,#9E9D24,FR.2
CH.1.1,#827717,FS.1
XBB.1.5,#3F51B5,FT.1
XBB.1.5,#3F51B5,FT.2
XBB.1.5,#3F51B5,FT.3
XBB.1.5,#3F51B5,FT.3.1
XBB.1.5,#3F51B5,FT.3.1.1
XBB.1.5,#3F51B5,FT.4
XBB.1.16.1,#F89B9B,FU.1
XBB.1.16.1,#F89B9B,FU.1.1
XBB.1.16.1,#F89B9B,FU.1.1.1
XBB.1.16.1,#F89B9B,FU.2
XBB.1.16.1,#F89B9B,FU.2.1
XBB.1.16.1,#F89B9B,FU.3
XBB.1.16.1,#F89B9B,FU.3.1
XBB.1.16.1,#F89B9B,FU.4
XBB.1.16.1,#F89B9B,FU.5
BA.2,#9CCC65,FV.1
XBB,#9FA8DA,FW.1
XBB,#9FA8DA,FW.1.1
XBB,#9FA8DA,FW.1.1.1
XBB,#9FA8DA,FW.2
XBB,#9FA8DA,FW.3
XBB,#9FA8DA,FY.1
XBB,#9FA8DA,FY.1.1
XBB,#9FA8DA,FY.1.2
XBB,#9FA8DA,FY.1.2.1
XBB,#9FA8DA,FY.1.2.2
XBB,#9FA8DA,FY.1.2.3
XBB,#9FA8DA,FY.1.3
XBB,#9FA8DA,FY.1.4
XBB,#9FA8DA,FY.1.4.1
XBB,#9FA8DA,FY.2
XBB,#9FA8DA,FY.2.1
XBB,#9FA8DA,FY.3
XBB,#9FA8DA,FY.3.1
XBB,#9FA8DA,FY.3.2
XBB,#9FA8DA,FY.3.3
XBB,#9FA8DA,FY.4
XBB,#9FA8DA,FY.4.1
XBB,#9FA8DA,FY.4.1.1
XBB,#9FA8DA,FY.4.1.2
XBB,#9FA8DA,FY.4.2
XBB,#9FA8DA,FY.5
XBB,#9FA8DA,FY.5.1
XBB,#9FA8DA,FY.5.1.1
XBB,#9FA8DA,FY.5.2
XBB,#9FA8DA,FY.5.3
XBB,#9FA8DA,FY.5.4
XBB,#9FA8DA,FY.5.5
XBB,#9FA8DA,FY.5.5.1
XBB,#9FA8DA,FY.6
XBB,#9FA8DA,FY.6.1
XBB,#9FA8DA,FY.6.2
XBB,#9FA8DA,FY.7
XBB,#9FA8DA,FY.8
XBB,#9FA8DA,FY.8.1
XBB,#9FA8DA,FY.8.1.1
XBB,#9FA8DA,FY.9
XBB.1.5,#3F51B5,FZ.1
XBB.1.5,#3F51B5,FZ.1.1
XBB.1.5,#3F51B5,FZ.2
Other,#797979,G.1
XBB,#9FA8DA,GA.1
XBB,#9FA8DA,GA.10
XBB,#9FA8DA,GA.10.1
XBB,#9FA8DA,GA.2
XBB,#9FA8DA,GA.2.1
XBB,#9FA8DA,GA.2.1.1
XBB,#9FA8DA,GA.3
XBB,#9FA8DA,GA.4
XBB,#9FA8DA,GA.4.1
XBB,#9FA8DA,GA.4.1.1
XBB,#9FA8DA,GA.4.1.2
XBB,#9FA8DA,GA.4.1.3
XBB,#9FA8DA,GA.4.2
XBB,#9FA8DA,GA.4.3
XBB,#9FA8DA,GA.5
XBB,#9FA8DA,GA.6
XBB,#9FA8DA,GA.6.1
XBB,#9FA8DA,GA.7
XBB,#9FA8DA,GA.7.1
XBB,#9FA8DA,GA.7.2
XBB,#9FA8DA,GA.8
XBB,#9FA8DA,GA.8.1
XBB,#9FA8DA,GA.9
XBB.1.5,#3F51B5,GB.1
XBB.1.5,#3F51B5,GB.2
XBB.1.5,#3F51B5,GC.1
XBB.1.5,#3F51B5,GC.2
XBB,#9FA8DA,GD.1
XBB,#9FA8DA,GD.2
XBB,#9FA8DA,GD.3
GE.1,#66534c,GE.1
GE.1,#66534c,GE.1.1
GE.1,#66534c,GE.1.2
GE.1,#66534c,GE.1.2.1
GE.1,#66534c,GE.1.2.2
GE.1,#66534c,GE.1.3
GE.1,#66534c,GE.1.4
GE.1,#66534c,GE.1.5
GE.1,#66534c,GE.1.6
XBB.1.5,#3F51B5,GF.1
XBB.1.5,#3F51B5,GG.1
XBB,#9FA8DA,GH.1
XBB.2.3,#f7bcdf,GJ.1
XBB.2.3,#f7bcdf,GJ.1.1
XBB.2.3,#f7bcdf,GJ.1.2
XBB.2.3,#f7bcdf,GJ.1.2.1
XBB.2.3,#f7bcdf,GJ.1.2.2
XBB.2.3,#f7bcdf,GJ.1.2.3
XBB.2.3,#f7bcdf,GJ.1.2.4
XBB.2.3,#f7bcdf,GJ.1.2.5
XBB.2.3,#f7bcdf,GJ.1.2.6
XBB.2.3,#f7bcdf,GJ.1.2.7
XBB.2.3,#f7bcdf,GJ.1.2.8
XBB.2.3,#f7bcdf,GJ.2
XBB.2.3,#f7bcdf,GJ.3
XBB.2.3,#f7bcdf,GJ.4
XBB.2.3,#f7bcdf,GJ.5
XBB.2.3,#f7bcdf,GJ.5.1
XBB.2.3,#f7bcdf,GJ.6
XBB.2.3,#f7bcdf,GJ.7
XBB.1.5.70,#46783c,GK.1
GK.1.1,#90fae5,GK.1.1
GK.1.1,#90fae5,GK.1.1.1
XBB.1.5.70,#46783c,GK.1.10
XBB.1.5.70,#46783c,GK.1.10.1
XBB.1.5.70,#46783c,GK.1.11
XBB.1.5.70,#46783c,GK.1.11.1
XBB.1.5.70,#46783c,GK.1.2
XBB.1.5.70,#46783c,GK.1.2.1
XBB.1.5.70,#46783c,GK.1.3
XBB.1.5.70,#46783c,GK.1.4
XBB.1.5.70,#46783c,GK.1.5
XBB.1.5.70,#46783c,GK.1.6
XBB.1.5.70,#46783c,GK.1.6.1
XBB.1.5.70,#46783c,GK.1.7
XBB.1.5.70,#46783c,GK.1.8
XBB.1.5.70,#46783c,GK.1.8.1
XBB.1.5.70,#46783c,GK.1.9
XBB.1.5.70,#46783c,GK.10
XBB.1.5.70,#46783c,GK.11
XBB.1.5.70,#46783c,GK.12
GK.2,#9d8577,GK.2
GK.2,#9d8577,GK.2.1
GK.2,#9d8577,GK.2.1.1
GK.2,#9d8577,GK.2.2
GK.2,#9d8577,GK.2.3
GK.2,#9d8577,GK.2.4
XBB.1.5.70,#46783c,GK.3
XBB.1.5.70,#46783c,GK.3.1
XBB.1.5.70,#46783c,GK.3.2
XBB.1.5.70,#46783c,GK.4
XBB.1.5.70,#46783c,GK.5
XBB.1.5.70,#46783c,GK.5.1
XBB.1.5.70,#46783c,GK.6
XBB.1.5.70,#46783c,GK.7
XBB.1.5.70,#46783c,GK.8
XBB.1.5.70,#46783c,GK.8.1
XBB.1.5.70,#46783c,GK.9
Other,#797979,GL.1
Other,#797979,GL.2
Other,#797979,GL.3
XBB.2.3,#f7bcdf,GM.1
XBB.2.3,#f7bcdf,GM.2
XBB.2.3,#f7bcdf,GM.3
XBB.2.3,#f7bcdf,GM.3.1
XBB.1.5,#3F51B5,GN.1
XBB.1.5,#3F51B5,GN.1.1
XBB.1.5,#3F51B5,GN.1.2
XBB.1.5,#3F51B5,GN.1.3
XBB.1.5,#3F51B5,GN.1.4
XBB.1.5,#3F51B5,GN.2
XBB.1.5,#3F51B5,GN.3
XBB.1.5,#3F51B5,GN.4
XBB.1.5,#3F51B5,GN.5
CH.1.1,#827717,GP.1
CH.1.1,#827717,GP.2
CH.1.1,#827717,GP.3
CH.1.1,#827717,GQ.1
CH.1.1,#827717,GQ.1.1
XBB.1.5,#3F51B5,GR.1
XBB.2.3,#f7bcdf,GS.1
XBB.2.3,#f7bcdf,GS.2
XBB.2.3,#f7bcdf,GS.3
XBB.2.3,#f7bcdf,GS.4
XBB.2.3,#f7bcdf,GS.4.1
XBB.2.3,#f7bcdf,GS.4.1.1
XBB.2.3,#f7bcdf,GS.5
XBB.2.3,#f7bcdf,GS.6
XBB.2.3,#f7bcdf,GS.7
XBB.2.3,#f7bcdf,GS.7.1
XBB.2.3,#f7bcdf,GS.8
Other,#797979,GT.1
XBB.1.5,#3F51B5,GU.1
XBB.1.5,#3F51B5,GV.1
XBB,#9FA8DA,GW.1
XBB,#9FA8DA,GW.1.1
XBB,#9FA8DA,GW.2
XBB,#9FA8DA,GW.3
XBB,#9FA8DA,GW.4
XBB,#9FA8DA,GW.5
XBB,#9FA8DA,GW.5.1
XBB,#9FA8DA,GW.5.1.1
XBB,#9FA8DA,GW.5.2
XBB,#9FA8DA,GW.5.3
XBB,#9FA8DA,GW.5.3.1
XBB.1.16,#4527A0,GY.1
XBB.1.16,#4527A0,GY.1.1
XBB.1.16,#4527A0,GY.1.1.1
XBB.1.16,#4527A0,GY.2
XBB.1.16,#4527A0,GY.2.1
XBB.1.16,#4527A0,GY.3
XBB.1.16,#4527A0,GY.4
XBB.1.16,#4527A0,GY.5
XBB.1.16,#4527A0,GY.6
XBB.1.16,#4527A0,GY.7
XBB.1.16,#4527A0,GY.8
XBB.1.16,#4527A0,GY.9
XBB.2.3,#f7bcdf,GZ.1
XBB.1.5,#3F51B5,HA.1
XBB.1.5,#3F51B5,HA.2
XBB,#9FA8DA,HB.1
XBB.1.5,#3F51B5,HC.1
XBB.1.5,#3F51B5,HC.2
XBB.1.5,#3F51B5,HC.3
XBB.1.5,#3F51B5,HC.4
XBB.1.5,#3F51B5,HD.1
XBB.1.5,#3F51B5,HD.1.1
FE.1.1,#499894,HE.1
FE.1.1,#499894,HE.2
HF.1,#d399ad,HF.1
HF.1,#d399ad,HF.1.1
HF.1,#d399ad,HF.1.2
XBB.2.3.8,#b9b2e8,HG.1
XBB.2.3.8,#b9b2e8,HG.1.1
XBB.2.3.8,#b9b2e8,HG.2
XBB.2.3.8,#b9b2e8,HG.3
XBB.2.3,#f7bcdf,HH.1
XBB.2.3,#f7bcdf,HH.1.1
XBB.2.3,#f7bcdf,HH.2
XBB.2.3,#f7bcdf,HH.2.1
XBB.2.3,#f7bcdf,HH.3
XBB.2.3,#f7bcdf,HH.4
XBB.2.3,#f7bcdf,HH.5
XBB.2.3,#f7bcdf,HH.6
XBB.2.3,#f7bcdf,HH.7
XBB.2.3,#f7bcdf,HH.8
XBB.2.3,#f7bcdf,HH.8.1
XBB.1.5.1,#1A237E,HJ.1
EG.5,#f28e2b,HK.1
EG.5,#f28e2b,HK.1.2
EG.5,#f28e2b,HK.11
EG.5,#f28e2b,HK.11.1
EG.5,#f28e2b,HK.12
EG.5,#f28e2b,HK.13
EG.5,#f28e2b,HK.13.1
EG.5,#f28e2b,HK.13.2
EG.5,#f28e2b,HK.13.2.1
EG.5,#f28e2b,HK.14
EG.5,#f28e2b,HK.15
EG.5,#f28e2b,HK.16
EG.5,#f28e2b,HK.17
EG.5,#f28e2b,HK.18
EG.5,#f28e2b,HK.19
EG.5,#f28e2b,HK.2
EG.5,#f28e2b,HK.2.1
EG.5,#f28e2b,HK.20
EG.5,#f28e2b,HK.20.1
EG.5,#f28e2b,HK.21
EG.5,#f28e2b,HK.22
EG.5,#f28e2b,HK.23
EG.5,#f28e2b,HK.23.1
EG.5,#f28e2b,HK.23.1.1
EG.5,#f28e2b,HK.24
EG.5,#f28e2b,HK.24.1
EG.5,#f28e2b,HK.25
EG.5,#f28e2b,HK.26
EG.5,#f28e2b,HK.26.1
EG.5,#f28e2b,HK.27
EG.5,#f28e2b,HK.27.1
EG.5,#f28e2b,HK.27.1.1
EG.5,#f28e2b,HK.28
EG.5,#f28e2b,HK.29
HK.3,#859dbc,HK.3
HK.3,#859dbc,HK.3.1
HK.3,#859dbc,HK.3.10
HK.3,#859dbc,HK.3.11
HK.3,#859dbc,HK.3.12
HK.3,#859dbc,HK.3.13
HK.3,#859dbc,HK.3.14
HK.3,#859dbc,HK.3.2
HK.3,#859dbc,HK.3.2.1
HK.3,#859dbc,HK.3.2.2
HK.3,#859dbc,HK.3.3
HK.3,#859dbc,HK.3.4
HK.3,#859dbc,HK.3.5
HK.3,#859dbc,HK.3.6
HK.3,#859dbc,HK.3.7
HK.3,#859dbc,HK.3.8
HK.3,#859dbc,HK.3.9
EG.5,#f28e2b,HK.30
EG.5,#f28e2b,HK.31
EG.5,#f28e2b,HK.32
EG.5,#f28e2b,HK.33
KP.3,#b06589,NP.2
KP.3,#b06589,NQ.1
KP.3,#b06589,NR.1
JN.1.16,#bc3a88,NS.1
JN.1.16,#bc3a88,NS.1.1
JN.1.16,#bc3a88,NS.1.2
JN.1.16,#bc3a88,NS.2
JN.1.16,#bc3a88,NS.3
LF.7,#3e8aa1,NT.1
LF.7,#3e8aa1,NT.2
LF.7,#3e8aa1,NT.2.1
LF.7,#3e8aa1,NT.3
LF.7,#3e8aa1,NT.4
LF.7,#3e8aa1,NT.5
JN.1,#660099,NU.1
KP.3,#b06589,NV.1
NW.1,#be95b4,NW.1
NW.1,#be95b4,NW.1.1
NW.1,#be95b4,NW.1.1.1
NW.1,#be95b4,NW.1.2
NW.1,#be95b4,NW.1.2.1
NW.1,#be95b4,NW.1.2.2
NW.1,#be95b4,NW.1.2.3
NW.1,#be95b4,NW.1.2.4
NW.1,#be95b4,NW.1.2.5
NW.1,#be95b4,NW.1.2.6
NW.1,#be95b4,NW.1.3
NW.1,#be95b4,NW.1.4
NW.1,#be95b4,NW.1.5
NW.1,#be95b4,NW.1.6
NW.1,#be95b4,NW.1.7
NW.1,#be95b4,NW.1.7.1
NW.1,#be95b4,NW.1.7.2
NW.1,#be95b4,NW.1.7.3
NW.1,#be95b4,NW.1.7.4
NW.1,#be95b4,NW.1.8
LP.8.1,#ff860c,NW.2
LP.8.1,#ff860c,NW.3
LP.8.1,#ff860c,NW.3.1
LP.8.1,#ff860c,NW.3.2
LP.8.1,#ff860c,NY.1
LP.8.1,#ff860c,NY.1.1
LP.8.1,#ff860c,NY.1.2
LP.8.1,#ff860c,NY.1.2.1
LP.8.1,#ff860c,NY.10
LP.8.1,#ff860c,NY.11
LP.8.1,#ff860c,NY.11.1
LP.8.1,#ff860c,NY.12
LP.8.1,#ff860c,NY.12.1
LP.8.1,#ff860c,NY.13
LP.8.1,#ff860c,NY.13.1
LP.8.1,#ff860c,NY.13.2
LP.8.1,#ff860c,NY.13.2.1
LP.8.1,#ff860c,NY.13.3
LP.8.1,#ff860c,NY.13.3.1
LP.8.1,#ff860c,NY.14
LP.8.1,#ff860c,NY.15
LP.8.1,#ff860c,NY.15.1
LP.8.1,#ff860c,NY.15.2
LP.8.1,#ff860c,NY.16
LP.8.1,#ff860c,NY.16.1
LP.8.1,#ff860c,NY.16.2
LP.8.1,#ff860c,NY.17
LP.8.1,#ff860c,NY.17.1
LP.8.1,#ff860c,NY.17.2
LP.8.1,#ff860c,NY.18
LP.8.1,#ff860c,NY.18.1
LP.8.1,#ff860c,NY.19
LP.8.1,#ff860c,NY.2
LP.8.1,#ff860c,NY.20
LP.8.1,#ff860c,NY.20.1
LP.8.1,#ff860c,NY.21
LP.8.1,#ff860c,NY.22
LP.8.1,#ff860c,NY.23
LP.8.1,#ff860c,NY.24
LP.8.1,#ff860c,NY.25
LP.8.1,#ff860c,NY.25.1
LP.8.1,#ff860c,NY.26
LP.8.1,#ff860c,NY.26.1
LP.8.1,#ff860c,NY.26.2
LP.8.1,#ff860c,NY.26.3
LP.8.1,#ff860c,NY.26.4
LP.8.1,#ff860c,NY.3
LP.8.1,#ff860c,NY.3.1
LP.8.1,#ff860c,NY.3.1.1
LP.8.1,#ff860c,NY.3.1.2
LP.8.1,#ff860c,NY.3.1.3
LP.8.1,#ff860c,NY.3.2
LP.8.1,#ff860c,NY.3.3
LP.8.1,#ff860c,NY.3.3.1
LP.8.1,#ff860c,NY.3.4
LP.8.1,#ff860c,NY.3.5
LP.8.1,#ff860c,NY.3.6
LP.8.1,#ff860c,NY.3.7
LP.8.1,#ff860c,NY.3.7.1
LP.8.1,#ff860c,NY.3.8
LP.8.1,#ff860c,NY.4
LP.8.1,#ff860c,NY.4.1
LP.8.1,#ff860c,NY.5
LP.8.1,#ff860c,NY.6
LP.8.1,#ff860c,NY.7
LP.8.1,#ff860c,NY.7.1
LP.8.1,#ff860c,NY.7.1.1
LP.8.1,#ff860c,NY.7.1.2
LP.8.1,#ff860c,NY.7.2
LP.8.1,#ff860c,NY.8
LP.8.1,#ff860c,NY.9
LB.1,#795653,NZ.1
Other,#797979,P.1
Other,#797979,P.1.1
Other,#797979,P.1.10
Other,#797979,P.1.10.1
Other,#797979,P.1.10.2
Other,#797979,P.1.11
Other,#797979,P.1.12
Other,#797979,P.1.12.1
Other,#797979,P.1.13
Other,#797979,P.1.14
Other,#797979,P.1.15
Other,#797979,P.1.16
Other,#797979,P.1.17
Other,#797979,P.1.17.1
Other,#797979,P.1.2
Other,#797979,P.1.3
Other,#797979,P.1.4
Other,#797979,P.1.5
Other,#797979,P.1.6
Other,#797979,P.1.7
Other,#797979,P.1.7.1
Other,#797979,P.1.8
Other,#797979,P.1.9
Other,#797979,P.2
Other,#797979,P.3
Other,#797979,P.4
Other,#797979,P.5
Other,#797979,P.6
Other,#797979,P.7
PA.1,#4545ff,PA.1
PA.1,#4545ff,PA.1.1
PA.1,#4545ff,PA.1.2
PA.1,#4545ff,PA.1.3
PA.1,#4545ff,PA.1.4
MC.10.1,#0956d1,PA.2
MC.10.1,#0956d1,PA.3
MC.10.1,#0956d1,PA.4
MC.10.1,#0956d1,PA.4.1
MC.10.1,#0956d1,PA.4.2
KP.3,#b06589,PB.1
KP.3,#b06589,PB.2
LF.7.2.1,#8480ff,PC.1
LF.7.2.1,#8480ff,PC.2
LF.7.2.1,#8480ff,PC.2.1
LF.7.2.1,#8480ff,PC.2.1.1
LF.7.2.1,#8480ff,PC.2.1.2
LF.7.2.1,#8480ff,PC.2.2
LF.7.2.1,#8480ff,PC.2.2.1
LF.7.2.1,#8480ff,PC.2.3
LF.7.2.1,#8480ff,PC.3
LF.7.2.1,#8480ff,PC.3.1
LF.7.2.1,#8480ff,PC.3.2
LF.7.2.1,#8480ff,PC.3.3
LF.7.2.1,#8480ff,PC.3.4
LF.7.2.1,#8480ff,PC.4
LF.7.2.1,#8480ff,PC.4.1
LF.7.2.1,#8480ff,PC.4.1.1
LF.7.2.1,#8480ff,PC.5
LP.8.1,#ff860c,PD.1
LP.8.1,#ff860c,PD.1.1
LP.8.1,#ff860c,PD.1.2
LP.8.1,#ff860c,PD.1.2.1
LP.8.1,#ff860c,PD.2
LP.8.1,#ff860c,PD.2.1
LP.8.1,#ff860c,PD.3
KP.3.1.1,#2f92a1,PE.1
KP.3.1.1,#2f92a1,PE.1.1
KP.3.1.1,#2f92a1,PE.1.1.1
KP.3.1.1,#2f92a1,PE.1.2
KP.3.1.1,#2f92a1,PE.1.3
KP.3.1.1,#2f92a1,PE.1.4
KP.3.1.1,#2f92a1,PE.1.4.1
KP.3.1.1,#2f92a1,PE.1.4.2
KP.3.1.1,#2f92a1,PE.1.4.3
KP.3.1.1,#2f92a1,PE.1.5
KP.3.1.1,#2f92a1,PE.1.6
KP.3.1.1,#2f92a1,PE.1.7
KP.3.1.1,#2f92a1,PE.2
KP.3.1.1,#2f92a1,PE.3
KP.3.1.1,#2f92a1,PE.4
KP.3.1.1,#2f92a1,PE.4.1
LP.8.1,#ff860c,PF.1
LP.8.1,#ff860c,PF.2
LP.8.1,#ff860c,PF.2.1
LP.8.1,#ff860c,PF.2.2
LP.8.1,#ff860c,PF.2.2.1
LP.8.1,#ff860c,PF.2.3
LP.8.1,#ff860c,PF.2.4
LP.8.1,#ff860c,PF.3
LP.8.1,#ff860c,PF.3.1
LP.8.1,#ff860c,PF.4
LP.8.1,#ff860c,PF.5
KP.3,#b06589,PG.1
KP.3,#b06589,PG.2
KP.3,#b06589,PG.3
KP.3,#b06589,PG.3.1
KP.3,#b06589,PG.3.2
KP.3,#b06589,PG.4
KP.3,#b06589,PG.4.1
KP.3,#b06589,PG.5
KP.3,#b06589,PG.6
MC.10.1,#0956d1,PH.1
MC.10.1,#0956d1,PJ.1
JN.1,#660099,PK.1
JN.1,#660099,PK.1.1
LF.7,#3e8aa1,PL.1
LF.7,#3e8aa1,PL.1.1
LF.7,#3e8aa1,PL.1.2
LF.7,#3e8aa1,PL.2
LF.7,#3e8aa1,PL.3
LF.7,#3e8aa1,PL.4
LF.7,#3e8aa1,PL.5
LF.7,#3e8aa1,PL.6
KP.3,#b06589,PM.1
KP.3,#b06589,PM.1.1
KP.3,#b06589,PM.1.2
KP.3,#b06589,PM.2
KP.3,#b06589,PM.3
XDV.1,#d367b6,PN.1
LP.8.1,#ff860c,PP.1
LP.8.1,#ff860c,PP.1.1
LP.8.1,#ff860c,PP.1.1.1
LP.8.1,#ff860c,PP.2
LP.8.1,#ff860c,PP.2.1
NB.1.8.1,#8e1299,PQ.1
NB.1.8.1,#8e1299,PQ.1.1
NB.1.8.1,#8e1299,PQ.1.2
NB.1.8.1,#8e1299,PQ.1.3
NB.1.8.1,#8e1299,PQ.1.4
NB.1.8.1,#8e1299,PQ.1.5
NB.1.8.1,#8e1299,PQ.1.6
NB.1.8.1,#8e1299,PQ.1.6.1
NB.1.8.1,#8e1299,PQ.10
NB.1.8.1,#8e1299,PQ.10.1
NB.1.8.1,#8e1299,PQ.10.1.1
NB.1.8.1,#8e1299,PQ.10.1.2
NB.1.8.1,#8e1299,PQ.10.1.3
NB.1.8.1,#8e1299,PQ.10.1.4
NB.1.8.1,#8e1299,PQ.11
NB.1.8.1,#8e1299,PQ.12
NB.1.8.1,#8e1299,PQ.13
NB.1.8.1,#8e1299,PQ.13.1
NB.1.8.1,#8e1299,PQ.13.2
NB.1.8.1,#8e1299,PQ.14
NB.1.8.1,#8e1299,PQ.14.1
NB.1.8.1,#8e1299,PQ.14.1.1
NB.1.8.1,#8e1299,PQ.14.2
NB.1.8.1,#8e1299,PQ.14.3
NB.1.8.1,#8e1299,PQ.14.3.1
NB.1.8.1,#8e1299,PQ.14.4
NB.1.8.1,#8e1299,PQ.15
NB.1.8.1,#8e1299,PQ.16
NB.1.8.1,#8e1299,PQ.17
NB.1.8.1,#8e1299,PQ.17.1
NB.1.8.1,#8e1299,PQ.17.2
NB.1.8.1,#8e1299,PQ.17.3
NB.1.8.1,#8e1299,PQ.17.4
NB.1.8.1,#8e1299,PQ.18
NB.1.8.1,#8e1299,PQ.19
NB.1.8.1,#8e1299,PQ.2
NB.1.8.1,#8e1299,PQ.2.1
NB.1.8.1,#8e1299,PQ.2.2
NB.1.8.1,#8e1299,PQ.2.3
NB.1.8.1,#8e1299,PQ.2.4
NB.1.8.1,#8e1299,PQ.2.4.1
NB.1.8.1,#8e1299,PQ.2.4.2
NB.1.8.1,#8e1299,PQ.2.5
NB.1.8.1,#8e1299,PQ.2.5.1
NB.1.8.1,#8e1299,PQ.2.5.2
NB.1.8.1,#8e1299,PQ.2.6
NB.1.8.1,#8e1299,PQ.2.7
NB.1.8.1,#8e1299,PQ.2.7.1
NB.1.8.1,#8e1299,PQ.2.8
NB.1.8.1,#8e1299,PQ.2.8.1
NB.1.8.1,#8e1299,PQ.2.8.2
NB.1.8.1,#8e1299,PQ.2.9
NB.1.8.1,#8e1299,PQ.20
NB.1.8.1,#8e1299,PQ.21
NB.1.8.1,#8e1299,PQ.22
NB.1.8.1,#8e1299,PQ.23
NB.1.8.1,#8e1299,PQ.24
NB.1.8.1,#8e1299,PQ.25
NB.1.8.1,#8e1299,PQ.25.1
NB.1.8.1,#8e1299,PQ.25.2
NB.1.8.1,#8e1299,PQ.25.3
NB.1.8.1,#8e1299,PQ.25.3.1
NB.1.8.1,#8e1299,PQ.26
NB.1.8.1,#8e1299,PQ.27
NB.1.8.1,#8e1299,PQ.28
NB.1.8.1,#8e1299,PQ.29
NB.1.8.1,#8e1299,PQ.3
NB.1.8.1,#8e1299,PQ.30
NB.1.8.1,#8e1299,PQ.31
NB.1.8.1,#8e1299,PQ.31.1
NB.1.8.1,#8e1299,PQ.32
NB.1.8.1,#8e1299,PQ.33
NB.1.8.1,#8e1299,PQ.34
NB.1.8.1,#8e1299,PQ.34.1
NB.1.8.1,#8e1299,PQ.35
NB.1.8.1,#8e1299,PQ.36
NB.1.8.1,#8e1299,PQ.37
NB.1.8.1,#8e1299,PQ.38
NB.1.8.1,#8e1299,PQ.39
NB.1.8.1,#8e1299,PQ.4
NB.1.8.1,#8e1299,PQ.4.1
NB.1.8.1,#8e1299,PQ.4.2
NB.1.8.1,#8e1299,PQ.4.3
NB.1.8.1,#8e1299,PQ.4.4
NB.1.8.1,#8e1299,PQ.4.5
NB.1.8.1,#8e1299,PQ.5
NB.1.8.1,#8e1299,PQ.5.1
NB.1.8.1,#8e1299,PQ.5.1.1
NB.1.8.1,#8e1299,PQ.5.1.2
NB.1.8.1,#8e1299,PQ.6
NB.1.8.1,#8e1299,PQ.7
NB.1.8.1,#8e1299,PQ.8
NB.1.8.1,#8e1299,PQ.8.1
NB.1.8.1,#8e1299,PQ.9
NB.1.8.1,#8e1299,PQ.9.1
NB.1.8.1,#8e1299,PQ.9.1.1
LP.8.1,#ff860c,PR.1
LP.8.1,#ff860c,PR.2
LP.8.1,#ff860c,PR.3
JN.1,#660099,PS.1
JN.1,#660099,PS.2
JN.1,#660099,PS.3
XEC.4,#06bc61,PT.1
XEC.4,#06bc61,PU.1
LF.7.7.1,#3a54ff,PV.1
LF.7.7.1,#3a54ff,PV.2
LF.7.7.1,#3a54ff,PV.3
LF.7.7.1,#3a54ff,PV.3.1
LF.7.9,#604aa1,PW.1
LF.7.9,#604aa1,PW.2
LF.7.9,#604aa1,PW.3
LF.7.9,#604aa1,PY.1
LF.7.9,#604aa1,PY.1.1
LF.7.9,#604aa1,PY.1.1.1
LF.7.9,#604aa1,PY.1.2
LF.7.9,#604aa1,PY.1.3
LF.7.9,#604aa1,PY.1.4
LF.7.9,#604aa1,PY.1.4.1
LF.7.9,#604aa1,PY.1.5
LF.7.9,#604aa1,PY.1.6
LF.7.9,#604aa1,PY.1.7
LF.7.9,#604aa1,PY.1.8
LF.7.9,#604aa1,PY.2
LF.7.9,#604aa1,PY.3
LF.7.9,#604aa1,PY.4
LF.7.9,#604aa1,PY.4.1
LF.7.9,#604aa1,PY.5
LF.7.9,#604aa1,PY.6
LF.7.9,#604aa1,PY.7
LF.7,#3e8aa1,PZ.1
Other,#797979,Q.1
Other,#797979,Q.2
Other,#797979,Q.3
Other,#797979,Q.4
Other,#797979,Q.5
Other,#797979,Q.6
Other,#797979,Q.7
Other,#797979,Q.8
LF.7,#3e8aa1,QA.1
LF.7,#3e8aa1,QA.2
LF.7,#3e8aa1,QA.3
LF.7,#3e8aa1,QA.4
LF.7,#3e8aa1,QA.5
LF.7,#3e8aa1,QA.6
LF.7,#3e8aa1,QA.7
LF.7,#3e8aa1,QB.1
LF.7,#3e8aa1,QC.1
LF.7,#3e8aa1,QC.2
LF.7,#3e8aa1,QC.2.1
LF.7,#3e8aa1,QC.2.2
LF.7,#3e8aa1,QC.2.3
LF.7,#3e8aa1,QC.3
LF.7,#3e8aa1,QC.4
LF.7,#3e8aa1,QC.4.1
LF.7,#3e8aa1,QC.5
LF.7,#3e8aa1,QC.6
LF.7,#3e8aa1,QD.1
LP.8.1,#ff860c,QE.1
XFG,#4e6ea1,QF.1
XFG,#4e6ea1,QF.1.1
XFG,#4e6ea1,QF.1.1.1
XFG,#4e6ea1,QF.2
XFG,#4e6ea1,QF.2.1
XFG,#4e6ea1,QF.3
XFG,#4e6ea1,QF.4
XFG,#4e6ea1,QF.5
XFG,#4e6ea1,QF.5.1
XFG,#4e6ea1,QF.6
XEC.4,#06bc61,QG.1
LP.8.1,#ff860c,QH.1
LF.7,#3e8aa1,QJ.1
LF.7,#3e8aa1,QJ.2
XFG,#4e6ea1,QK.1
XFG,#4e6ea1,QK.1.1
XFG,#4e6ea1,QK.2
XFG,#4e6ea1,QK.3
XFG,#4e6ea1,QK.4
XDV.1,#d367b6,QL.1
NW.1,#be95b4,QM.1
NW.1,#be95b4,QM.2
NW.1,#be95b4,QM.3
XDV.1,#d367b6,QN.1
KP.3.1.1,#2f92a1,QP.1
XFG,#4e6ea1,QQ.1
LF.7.7.2,#8686ff,QR.1
LF.7.7.2,#8686ff,QR.2
XFG,#4e6ea1,QS.1
XFG,#4e6ea1,QS.2
XFG,#4e6ea1,QT.1
XFG,#4e6ea1,QT.1.1
XFG,#4e6ea1,QT.1.2
XFG,#4e6ea1,QT.2
XFG,#4e6ea1,QT.3
LP.8.1,#ff860c,QU.1
LP.8.1,#ff860c,QU.2
LF.7,#3e8aa1,QV.1
LF.7,#3e8aa1,QV.2
XFG,#4e6ea1,QW.1
XFG,#4e6ea1,QW.1.1
XFG,#4e6ea1,QY.1
XFG,#4e6ea1,QZ.1
Other,#797979,R.1
Other,#797979,R.2
Other,#797979,RA.1
XFG,#4e6ea1,RB.1
XFG,#4e6ea1,RB.2
NB.1.8.1,#8e1299,RC.1
NB.1.8.1,#8e1299,RC.2
B.1.1.529,#E26028,RD.1
B.1.1.529,#E26028,RD.1.1
B.1.1.529,#E26028,RD.1.2
B.1.1.529,#E26028,RE.1
B.1.1.529,#E26028,RE.1.1
B.1.1.529,#E26028,RE.2
B.1.1.529,#E26028,RE.2.1
B.1.1.529,#E26028,RE.2.2
LF.7.9,#604aa1,RF.1
LF.7.9,#604aa1,RF.2
LF.7.9,#604aa1,RF.3
LF.7.9,#604aa1,RF.4
NW.1,#be95b4,RG.1
NW.1,#be95b4,RG.1.1
NW.1,#be95b4,RG.1.2
Other,#797979,S.1
Other,#797979,U.1
Other,#797979,U.2
Other,#797979,U.3
Other,#797979,V.1
Other,#797979,V.2
Other,#797979,W.1
Other,#797979,W.2
Other,#797979,W.3
Other,#797979,W.4
Other,#797979,XA
Other,#797979,XAA
Other,#797979,XAB
Other,#797979,XAC
Other,#797979,XAD
Other,#797979,XAE
Other,#797979,XAF
Other,#797979,XAG
Other,#797979,XAH
Other,#797979,XAJ
Other,#797979,XAK
Other,#797979,XAL
Other,#797979,XAM
Other,#797979,XAN
Other,#797979,XAP
Other,#797979,XAQ
Other,#797979,XAR
Other,#797979,XAS
Other,#797979,XAT
Other,#797979,XAU
Other,#797979,XAV
Other,#797979,XAW
Other,#797979,XAY
Other,#797979,XAY.1
Other,#797979,XAY.1.1
Other,#797979,XAY.1.1.1
Other,#797979,XAY.1.1.2
Other,#797979,XAY.1.1.3
Other,#797979,XAY.1.2
Other,#797979,XAY.2
Other,#797979,XAY.2.1
Other,#797979,XAY.2.2
Other,#797979,XAY.2.3
Other,#797979,XAY.3
Other,#797979,XAZ
Other,#797979,XB
Other,#797979,XBA
XBB,#9FA8DA,XBB
XBB,#9FA8DA,XBB.1
XBB,#9FA8DA,XBB.1.1
XBB,#9FA8DA,XBB.1.10
XBB,#9FA8DA,XBB.1.11
XBB,#9FA8DA,XBB.1.11.1
XBB,#9FA8DA,XBB.1.12
XBB,#9FA8DA,XBB.1.12.1
XBB,#9FA8DA,XBB.1.13
XBB,#9FA8DA,XBB.1.13.1
XBB,#9FA8DA,XBB.1.14
XBB,#9FA8DA,XBB.1.14.1
XBB,#9FA8DA,XBB.1.15
XBB,#9FA8DA,XBB.1.15.1
XBB.1.16,#4527A0,XBB.1.16
XBB.1.16.1,#F89B9B,XBB.1.16.1
XBB.1.16,#4527A0,XBB.1.16.10
XBB.1.16.11,#d37295,XBB.1.16.11
XBB.1.16,#4527A0,XBB.1.16.12
XBB.1.16,#4527A0,XBB.1.16.13
XBB.1.16,#4527A0,XBB.1.16.14
XBB.1.16.15,#e3b5fa,XBB.1.16.15
XBB.1.16,#4527A0,XBB.1.16.16
XBB.1.16.17,#8f8cb0,XBB.1.16.17
XBB.1.16,#4527A0,XBB.1.16.18
XBB.1.16,#4527A0,XBB.1.16.19
XBB.1.16,#4527A0,XBB.1.16.2
XBB.1.16,#4527A0,XBB.1.16.20
XBB.1.16,#4527A0,XBB.1.16.21
XBB.1.16,#4527A0,XBB.1.16.22
XBB.1.16,#4527A0,XBB.1.16.23
XBB.1.16,#4527A0,XBB.1.16.24
XBB.1.16,#4527A0,XBB.1.16.25
XBB.1.16,#4527A0,XBB.1.16.26
XBB.1.16,#4527A0,XBB.1.16.27
XBB.1.16,#4527A0,XBB.1.16.28
XBB.1.16,#4527A0,XBB.1.16.29
XBB.1.16,#4527A0,XBB.1.16.3
XBB.1.16,#4527A0,XBB.1.16.30
XBB.1.16,#4527A0,XBB.1.16.31
XBB.1.16,#4527A0,XBB.1.16.32
XBB.1.16,#4527A0,XBB.1.16.4
XBB.1.16,#4527A0,XBB.1.16.5
XBB.1.16.6,#59a14f,XBB.1.16.6
XBB.1.16,#4527A0,XBB.1.16.7
XBB.1.16,#4527A0,XBB.1.16.8
XBB.1.16,#4527A0,XBB.1.16.9
XBB,#9FA8DA,XBB.1.17
XBB,#9FA8DA,XBB.1.17.1
XBB,#9FA8DA,XBB.1.17.2
XBB,#9FA8DA,XBB.1.18
XBB,#9FA8DA,XBB.1.18.1
XBB,#9FA8DA,XBB.1.19
XBB,#9FA8DA,XBB.1.19.1
XBB,#9FA8DA,XBB.1.19.2
XBB,#9FA8DA,XBB.1.2
XBB,#9FA8DA,XBB.1.20
XBB,#9FA8DA,XBB.1.21
XBB,#9FA8DA,XBB.1.22
XBB,#9FA8DA,XBB.1.22.1
XBB,#9FA8DA,XBB.1.22.2
XBB,#9FA8DA,XBB.1.22.3
XBB,#9FA8DA,XBB.1.23
XBB,#9FA8DA,XBB.1.24
XBB,#9FA8DA,XBB.1.24.1
XBB,#9FA8DA,XBB.1.24.2
XBB,#9FA8DA,XBB.1.24.3
XBB,#9FA8DA,XBB.1.25
XBB,#9FA8DA,XBB.1.26
XBB,#9FA8DA,XBB.1.27
XBB,#9FA8DA,XBB.1.28
XBB,#9FA8DA,XBB.1.28.1
XBB,#9FA8DA,XBB.1.29
XBB,#9FA8DA,XBB.1.3
XBB,#9FA8DA,XBB.1.30
XBB,#9FA8DA,XBB.1.31
XBB,#9FA8DA,XBB.1.31.1
XBB,#9FA8DA,XBB.1.31.2
XBB,#9FA8DA,XBB.1.32
XBB,#9FA8DA,XBB.1.32.1
XBB,#9FA8DA,XBB.1.33
XBB,#9FA8DA,XBB.1.34
XBB,#9FA8DA,XBB.1.34.1
XBB,#9FA8DA,XBB.1.34.2
XBB,#9FA8DA,XBB.1.35
XBB,#9FA8DA,XBB.1.36
XBB,#9FA8DA,XBB.1.37
XBB,#9FA8DA,XBB.1.37.1
XBB,#9FA8DA,XBB.1.38
XBB,#9FA8DA,XBB.1.38.1
XBB,#9FA8DA,XBB.1.39
XBB,#9FA8DA,XBB.1.4
XBB,#9FA8DA,XBB.1.4.1
XBB,#9FA8DA,XBB.1.4.2
XBB,#9FA8DA,XBB.1.40
XBB,#9FA8DA,XBB.1.41
XBB,#9FA8DA,XBB.1.41.1
XBB,#9FA8DA,XBB.1.41.2
XBB,#9FA8DA,XBB.1.41.3
XBB,#9FA8DA,XBB.1.42
XBB,#9FA8DA,XBB.1.42.1
XBB.1.42.2,#75d1a3,XBB.1.42.2
XBB,#9FA8DA,XBB.1.43
XBB,#9FA8DA,XBB.1.43.1
XBB,#9FA8DA,XBB.1.44
XBB,#9FA8DA,XBB.1.44.1
XBB,#9FA8DA,XBB.1.45
XBB,#9FA8DA,XBB.1.45.1
XBB,#9FA8DA,XBB.1.46
XBB,#9FA8DA,XBB.1.47
XBB,#9FA8DA,XBB.1.47.1
XBB,#9FA8DA,XBB.1.48
XBB,#9FA8DA,XBB.1.49
XBB.1.5,#3F51B5,XBB.1.5
XBB.1.5.1,#1A237E,XBB.1.5.1
XBB.1.5.10,#f97a57,XBB.1.5.10
XBB.1.5,#3F51B5,XBB.1.5.100
XBB.1.5,#3F51B5,XBB.1.5.101
XBB.1.5,#3F51B5,XBB.1.5.102
XBB.1.5,#3F51B5,XBB.1.5.103
XBB.1.5,#3F51B5,XBB.1.5.104
XBB.1.5,#3F51B5,XBB.1.5.105
XBB.1.5,#3F51B5,XBB.1.5.106
XBB.1.5,#3F51B5,XBB.1.5.107
XBB.1.5,#3F51B5,XBB.1.5.108
XBB.1.5,#3F51B5,XBB.1.5.109
XBB.1.5,#3F51B5,XBB.1.5.11
XBB.1.5,#3F51B5,XBB.1.5.110
XBB.1.5,#3F51B5,XBB.1.5.12
XBB.1.5,#3F51B5,XBB.1.5.13
XBB.1.5,#3F51B5,XBB.1.5.14
XBB.1.5,#3F51B5,XBB.1.5.15
XBB.1.5,#3F51B5,XBB.1.5.16
XBB.1.5,#3F51B5,XBB.1.5.17
XBB.1.5,#3F51B5,XBB.1.5.18
XBB.1.5,#3F51B5,XBB.1.5.19
XBB.1.5,#3F51B5,XBB.1.5.2
XBB.1.5,#3F51B5,XBB.1.5.20
XBB.1.5,#3F51B5,XBB.1.5.21
XBB.1.5,#3F51B5,XBB.1.5.22
XBB.1.5,#3F51B5,XBB.1.5.23
XBB.1.5,#3F51B5,XBB.1.5.24
XBB.1.5,#3F51B5,XBB.1.5.25
XBB.1.5,#3F51B5,XBB.1.5.26
XBB.1.5,#3F51B5,XBB.1.5.27
XBB.1.5,#3F51B5,XBB.1.5.28
XBB.1.5,#3F51B5,XBB.1.5.29
XBB.1.5,#3F51B5,XBB.1.5.3
XBB.1.5,#3F51B5,XBB.1.5.30
XBB.1.5,#3F51B5,XBB.1.5.31
XBB.1.5,#3F51B5,XBB.1.5.32
XBB.1.5,#3F51B5,XBB.1.5.33
XBB.1.5,#3F51B5,XBB.1.5.34
XBB.1.5,#3F51B5,XBB.1.5.35
XBB.1.5,#3F51B5,XBB.1.5.36
XBB.1.5,#3F51B5,XBB.1.5.37
XBB.1.5,#3F51B5,XBB.1.5.38
XBB.1.5,#3F51B5,XBB.1.5.39
XBB.1.5,#3F51B5,XBB.1.5.4
XBB.1.5,#3F51B5,XBB.1.5.40
XBB.1.5,#3F51B5,XBB.1.5.41
XBB.1.5,#3F51B5,XBB.1.5.42
XBB.1.5,#3F51B5,XBB.1.5.43
XBB.1.5,#3F51B5,XBB.1.5.44
XBB.1.5,#3F51B5,XBB.1.5.45
XBB.1.5,#3F51B5,XBB.1.5.46
XBB.1.5,#3F51B5,XBB.1.5.47
XBB.1.5,#3F51B5,XBB.1.5.48
XBB.1.5,#3F51B5,XBB.1.5.49
XBB.1.5,#3F51B5,XBB.1.5.5
XBB.1.5,#3F51B5,XBB.1.5.50
XBB.1.5,#3F51B5,XBB.1.5.51
XBB.1.5,#3F51B5,XBB.1.5.52
XBB.1.5,#3F51B5,XBB.1.5.53
XBB.1.5,#3F51B5,XBB.1.5.54
XBB.1.5,#3F51B5,XBB.1.5.55
XBB.1.5,#3F51B5,XBB.1.5.56
XBB.1.5,#3F51B5,XBB.1.5.57
XBB.1.5,#3F51B5,XBB.1.5.58
XBB.1.5.59,#ffbe7d,XBB.1.5.59
XBB.1.5,#3F51B5,XBB.1.5.6
XBB.1.5,#3F51B5,XBB.1.5.60
XBB.1.5,#3F51B5,XBB.1.5.61
XBB.1.5,#3F51B5,XBB.1.5.62
XBB.1.5,#3F51B5,XBB.1.5.63
XBB.1.5,#3F51B5,XBB.1.5.64
XBB.1.5,#3F51B5,XBB.1.5.65
XBB.1.5,#3F51B5,XBB.1.5.66
XBB.1.5,#3F51B5,XBB.1.5.67
XBB.1.5.68,#86bcb6,XBB.1.5.68
XBB.1.5,#3F51B5,XBB.1.5.69
XBB.1.5,#3F51B5,XBB.1.5.7
XBB.1.5.70,#46783c,XBB.1.5.70
XBB.1.5,#3F51B5,XBB.1.5.71
XBB.1.5.72,#254220,XBB.1.5.72
XBB.1.5,#3F51B5,XBB.1.5.73
XBB.1.5,#3F51B5,XBB.1.5.74
XBB.1.5,#3F51B5,XBB.1.5.75
XBB.1.5,#3F51B5,XBB.1.5.76
XBB.1.5,#3F51B5,XBB.1.5.77
XBB.1.5,#3F51B5,XBB.1.5.78
XBB.1.5,#3F51B5,XBB.1.5.79
XBB.1.5,#3F51B5,XBB.1.5.8
XBB.1.5,#3F51B5,XBB.1.5.80
XBB.1.5,#3F51B5,XBB.1.5.81
XBB.1.5,#3F51B5,XBB.1.5.82
XBB.1.5,#3F51B5,XBB.1.5.83
XBB.1.5,#3F51B5,XBB.1.5.84
XBB.1.5,#3F51B5,XBB.1.5.85
XBB.1.5,#3F51B5,XBB.1.5.86
XBB.1.5,#3F51B5,XBB.1.5.87
XBB.1.5,#3F51B5,XBB.1.5.88
XBB.1.5,#3F51B5,XBB.1.5.89
XBB.1.5,#3F51B5,XBB.1.5.9
XBB.1.5,#3F51B5,XBB.1.5.90
XBB.1.5,#3F51B5,XBB.1.5.91
XBB.1.5,#3F51B5,XBB.1.5.92
XBB.1.5,#3F51B5,XBB.1.5.93
XBB.1.5,#3F51B5,XBB.1.5.94
XBB.1.5,#3F51B5,XBB.1.5.95
XBB.1.5,#3F51B5,XBB.1.5.96
XBB.1.5,#3F51B5,XBB.1.5.97
XBB.1.5,#3F51B5,XBB.1.5.98
XBB.1.5,#3F51B5,XBB.1.5.99
XBB,#9FA8DA,XBB.1.6
XBB,#9FA8DA,XBB.1.7
XBB,#9FA8DA,XBB.1.8
XBB,#9FA8DA,XBB.1.9
XBB.1.9.1,#304FFE,XBB.1.9.1
XBB.1.9.2,#536DFE,XBB.1.9.2
XBB,#9FA8DA,XBB.1.9.3
XBB,#9FA8DA,XBB.1.9.4
XBB,#9FA8DA,XBB.1.9.5
XBB,#9FA8DA,XBB.1.9.6
XBB,#9FA8DA,XBB.1.9.7
XBB,#9FA8DA,XBB.2
XBB,#9FA8DA,XBB.2.1
XBB,#9FA8DA,XBB.2.10
XBB,#9FA8DA,XBB.2.11
XBB,#9FA8DA,XBB.2.11.1
XBB,#9FA8DA,XBB.2.12
XBB,#9FA8DA,XBB.2.2
XBB.2.3,#f7bcdf,XBB.2.3
XBB.2.3,#f7bcdf,XBB.2.3.1
XBB.2.3,#f7bcdf,XBB.2.3.10
XBB.2.3,#f7bcdf,XBB.2.3.11
XBB.2.3,#f7bcdf,XBB.2.3.12
XBB.2.3,#f7bcdf,XBB.2.3.13
XBB.2.3,#f7bcdf,XBB.2.3.14
XBB.2.3,#f7bcdf,XBB.2.3.15
XBB.2.3,#f7bcdf,XBB.2.3.16
XBB.2.3,#f7bcdf,XBB.2.3.17
XBB.2.3,#f7bcdf,XBB.2.3.18
XBB.2.3,#f7bcdf,XBB.2.3.19
XBB.2.3,#f7bcdf,XBB.2.3.2
XBB.2.3,#f7bcdf,XBB.2.3.20
XBB.2.3,#f7bcdf,XBB.2.3.21
XBB.2.3,#f7bcdf,XBB.2.3.22
XBB.2.3,#f7bcdf,XBB.2.3.3
XBB.2.3,#f7bcdf,XBB.2.3.4
XBB.2.3,#f7bcdf,XBB.2.3.5
XBB.2.3,#f7bcdf,XBB.2.3.6
XBB.2.3,#f7bcdf,XBB.2.3.7
XBB.2.3.8,#b9b2e8,XBB.2.3.8
XBB.2.3,#f7bcdf,XBB.2.3.9
XBB,#9FA8DA,XBB.2.4
XBB,#9FA8DA,XBB.2.5
XBB,#9FA8DA,XBB.2.6
XBB,#9FA8DA,XBB.2.6.1
XBB,#9FA8DA,XBB.2.6.2
XBB,#9FA8DA,XBB.2.6.3
XBB,#9FA8DA,XBB.2.7
XBB,#9FA8DA,XBB.2.7.1
XBB,#9FA8DA,XBB.2.8
XBB,#9FA8DA,XBB.2.9
XBB,#9FA8DA,XBB.3
XBB,#9FA8DA,XBB.3.1
XBB,#9FA8DA,XBB.3.2
XBB,#9FA8DA,XBB.3.3
XBB,#9FA8DA,XBB.3.4
XBB,#9FA8DA,XBB.3.5
XBB,#9FA8DA,XBB.4
XBB,#9FA8DA,XBB.4.1
XBB,#9FA8DA,XBB.5
XBB,#9FA8DA,XBB.6
XBB,#9FA8DA,XBB.6.1
XBB,#9FA8DA,XBB.7
XBB,#9FA8DA,XBB.8
XBB,#9FA8DA,XBB.8.1
XBB,#9FA8DA,XBB.8.2
XBB,#9FA8DA,XBB.9
Other,#797979,XBC
Other,#797979,XBC.1
Other,#797979,XBC.1.1
Other,#797979,XBC.1.1.1
Other,#797979,XBC.1.1.2
Other,#797979,XBC.1.2
Other,#797979,XBC.1.2.1
Other,#797979,XBC.1.3
Other,#797979,XBC.1.3.1
Other,#797979,XBC.1.4
Other,#797979,XBC.1.5
Other,#797979,XBC.1.6
Other,#797979,XBC.1.6.1
Other,#797979,XBC.1.6.2
Other,#797979,XBC.1.6.3
Other,#797979,XBC.1.6.4
Other,#797979,XBC.1.6.5
Other,#797979,XBC.1.6.6
Other,#797979,XBC.1.7
Other,#797979,XBC.1.7.1
Other,#797979,XBC.1.7.2
Other,#797979,XBC.2
Other,#797979,XBC.2.1
Other,#797979,XBD
Other,#797979,XBE
Other,#797979,XBF
Other,#797979,XBF.1
Other,#797979,XBF.1.1
Other,#797979,XBF.10
Other,#797979,XBF.2
Other,#797979,XBF.3
Other,#797979,XBF.4
Other,#797979,XBF.5
Other,#797979,XBF.6
Other,#797979,XBF.7
Other,#797979,XBF.7.1
Other,#797979,XBF.8
Other,#797979,XBF.8.1
Other,#797979,XBF.9
Other,#797979,XBG
Other,#797979,XBH
Other,#797979,XBJ
Other,#797979,XBJ.1
Other,#797979,XBJ.1.1
Other,#797979,XBJ.2
Other,#797979,XBJ.3
Other,#797979,XBJ.4
Other,#797979,XBK
Other,#797979,XBK.1
Other,#797979,XBL
Other,#797979,XBL.1
Other,#797979,XBL.2
Other,#797979,XBL.3
Other,#797979,XBL.3.1
Other,#797979,XBM
Other,#797979,XBN
Other,#797979,XBP
Other,#797979,XBQ
Other,#797979,XBR
Other,#797979,XBS
Other,#797979,XBT
Other,#797979,XBU
Other,#797979,XBV
Other,#797979,XBW
Other,#797979,XBY
Other,#797979,XBZ
Other,#797979,XC
Other,#797979,XCA
Other,#797979,XCB
Other,#797979,XCC
Other,#797979,XCD
Other,#797979,XCE
Other,#797979,XCF
Other,#797979,XCF.1
Other,#797979,XCF.2
Other,#797979,XCF.3
Other,#797979,XCG
Other,#797979,XCH
Other,#797979,XCH.1
Other,#797979,XCJ
Other,#797979,XCK
Other,#797979,XCL
Other,#797979,XCM
Other,#797979,XCN
Other,#797979,XCP
Other,#797979,XCQ
Other,#797979,XCR
Other,#797979,XCS
Other,#797979,XCT
Other,#797979,XCT.1
Other,#797979,XCU
Other,#797979,XCV
Other,#797979,XCW
Other,#797979,XCY
Other,#797979,XCZ
Other,#797979,XD
Other,#797979,XDA
Other,#797979,XDA.1
Other,#797979,XDB
Other,#797979,XDC
Other,#797979,XDD
Other,#797979,XDD.1
Other,#797979,XDD.1.1
Other,#797979,XDD.1.1.1
Other,#797979,XDD.2
Other,#797979,XDD.3
Other,#797979,XDE
Other,#797979,XDF
Other,#797979,XDG
Other,#797979,XDH
Other,#797979,XDJ
Other,#797979,XDK
Other,#797979,XDK.1
Other,#797979,XDK.1.1
Other,#797979,XDK.1.2
Other,#797979,XDK.2
Other,#797979,XDK.3
Other,#797979,XDK.4
Other,#797979,XDK.4.1
Other,#797979,XDK.5
Other,#797979,XDK.6
Other,#797979,XDL
Other,#797979,XDM
Other,#797979,XDN
XDP,#b60052,XDP
XDP,#b60052,XDP.1
XDP,#b60052,XDP.2
XDP,#b60052,XDP.3
Other,#797979,XDQ
Other,#797979,XDQ.1
Other,#797979,XDQ.1.1
Other,#797979,XDQ.2
Other,#797979,XDQ.3
Other,#797979,XDR
Other,#797979,XDR.1
Other,#797979,XDR.1.1
Other,#797979,XDR.1.2
Other,#797979,XDS
Other,#797979,XDT
Other,#797979,XDU
Other,#797979,XDV
XDV.1,#d367b6,XDV.1
XDV.1,#d367b6,XDV.1.1
XDV.1,#d367b6,XDV.1.10
XDV.1,#d367b6,XDV.1.11
XDV.1,#d367b6,XDV.1.12
XDV.1,#d367b6,XDV.1.2
XDV.1,#d367b6,XDV.1.2.1
XDV.1,#d367b6,XDV.1.3
XDV.1,#d367b6,XDV.1.4
XDV.1,#d367b6,XDV.1.5
XDV.1,#d367b6,XDV.1.5.1
XDV.1,#d367b6,XDV.1.6
XDV.1,#d367b6,XDV.1.7
XDV.1,#d367b6,XDV.1.7.1
XDV.1,#d367b6,XDV.1.7.2
XDV.1,#d367b6,XDV.1.7.3
XDV.1,#d367b6,XDV.1.7.4
XDV.1,#d367b6,XDV.1.7.5
XDV.1,#d367b6,XDV.1.8
XDV.1,#d367b6,XDV.1.9
XDV.1,#d367b6,XDV.1.9.1
Other,#797979,XDW
Other,#797979,XDY
Other,#797979,XDY.1
Other,#797979,XDY.1.1
Other,#797979,XDY.10
Other,#797979,XDY.11
Other,#797979,XDY.12
Other,#797979,XDY.12.1
Other,#797979,XDY.12.1.1
Other,#797979,XDY.2
Other,#797979,XDY.3
Other,#797979,XDY.3.1
Other,#797979,XDY.3.2
Other,#797979,XDY.3.3
Other,#797979,XDY.4
Other,#797979,XDY.5
Other,#797979,XDY.5.1
Other,#797979,XDY.6
Other,#797979,XDY.7
Other,#797979,XDY.8
Other,#797979,XDY.9
Other,#797979,XDZ
Other,#797979,XE
Other,#797979,XEA
Other,#797979,XEB
XEC,#4ca14c,XEC
XEC,#4ca14c,XEC.1
XEC,#4ca14c,XEC.10
XEC,#4ca14c,XEC.11
XEC,#4ca14c,XEC.11.1
XEC,#4ca14c,XEC.11.1.1
XEC,#4ca14c,XEC.12
XEC,#4ca14c,XEC.13
XEC,#4ca14c,XEC.14
XEC,#4ca14c,XEC.14.1
XEC,#4ca14c,XEC.14.1.1
XEC,#4ca14c,XEC.15
XEC,#4ca14c,XEC.16
XEC,#4ca14c,XEC.17
XEC,#4ca14c,XEC.18
XEC,#4ca14c,XEC.18.1
XEC,#4ca14c,XEC.18.1.1
XEC,#4ca14c,XEC.18.2
XEC,#4ca14c,XEC.18.3
XEC,#4ca14c,XEC.18.4
XEC,#4ca14c,XEC.19
XEC,#4ca14c,XEC.2
XEC,#4ca14c,XEC.2.1
XEC,#4ca14c,XEC.2.10
XEC,#4ca14c,XEC.2.2
XEC,#4ca14c,XEC.2.2.1
XEC,#4ca14c,XEC.2.3
XEC,#4ca14c,XEC.2.3.1
XEC,#4ca14c,XEC.2.4
XEC,#4ca14c,XEC.2.5
XEC,#4ca14c,XEC.2.6
XEC,#4ca14c,XEC.2.7
XEC,#4ca14c,XEC.2.8
XEC,#4ca14c,XEC.2.9
XEC,#4ca14c,XEC.20
XEC,#4ca14c,XEC.20.1
XEC,#4ca14c,XEC.21
XEC,#4ca14c,XEC.22
XEC,#4ca14c,XEC.23
XEC,#4ca14c,XEC.23.1
XEC,#4ca14c,XEC.24
XEC,#4ca14c,XEC.24.1
XEC,#4ca14c,XEC.25
XEC,#4ca14c,XEC.25.1
XEC,#4ca14c,XEC.25.1.1
XEC,#4ca14c,XEC.25.1.2
XEC,#4ca14c,XEC.25.1.3
XEC,#4ca14c,XEC.26
XEC,#4ca14c,XEC.27
XEC,#4ca14c,XEC.27.1
XEC,#4ca14c,XEC.27.2
XEC,#4ca14c,XEC.27.2.1
XEC,#4ca14c,XEC.27.2.2
XEC,#4ca14c,XEC.28
XEC,#4ca14c,XEC.29
XEC,#4ca14c,XEC.3
XEC,#4ca14c,XEC.30
XEC,#4ca14c,XEC.31
XEC,#4ca14c,XEC.32
XEC,#4ca14c,XEC.32.1
XEC,#4ca14c,XEC.32.2
XEC,#4ca14c,XEC.32.3
XEC,#4ca14c,XEC.33
XEC,#4ca14c,XEC.34
XEC,#4ca14c,XEC.35
XEC,#4ca14c,XEC.35.1
XEC,#4ca14c,XEC.36
XEC,#4ca14c,XEC.37
XEC,#4ca14c,XEC.38
XEC,#4ca14c,XEC.39
XEC.4,#06bc61,XEC.4
XEC.4,#06bc61,XEC.4.1
XEC.4,#06bc61,XEC.4.1.1
XEC.4,#06bc61,XEC.4.1.2
XEC.4,#06bc61,XEC.4.1.3
XEC.4,#06bc61,XEC.4.1.4
XEC.4,#06bc61,XEC.4.1.5
XEC.4,#06bc61,XEC.4.1.6
XEC.4,#06bc61,XEC.4.2
XEC.4,#06bc61,XEC.4.3
XEC.4,#06bc61,XEC.4.4
XEC.4,#06bc61,XEC.4.5
XEC.4,#06bc61,XEC.4.5.1
XEC.4,#06bc61,XEC.4.6
XEC.4,#06bc61,XEC.4.6.1
XEC.4,#06bc61,XEC.4.7
XEC.4,#06bc61,XEC.4.8
XEC.4,#06bc61,XEC.4.9
XEC,#4ca14c,XEC.40
XEC,#4ca14c,XEC.41
XEC,#4ca14c,XEC.42
XEC,#4ca14c,XEC.43
XEC,#4ca14c,XEC.5
XEC,#4ca14c,XEC.5.1
XEC,#4ca14c,XEC.6
XEC,#4ca14c,XEC.7
XEC,#4ca14c,XEC.8
XEC,#4ca14c,XEC.8.1
XEC,#4ca14c,XEC.9
Other,#797979,XED
Other,#797979,XEE
Other,#797979,XEF
Other,#797979,XEF.1
Other,#797979,XEF.2
Other,#797979,XEF.3
Other,#797979,XEG
Other,#797979,XEH
Other,#797979,XEJ
Other,#797979,XEJ.1
Other,#797979,XEJ.2
Other,#797979,XEJ.3
XEK,#7eb1e8,XEK
XEK,#7eb1e8,XEK.1
XEK,#7eb1e8,XEK.1.1
XEK,#7eb1e8,XEK.1.2
XEK,#7eb1e8,XEK.1.2.1
XEK,#7eb1e8,XEK.2
XEK,#7eb1e8,XEK.2.1
XEK,#7eb1e8,XEK.3
XEK,#7eb1e8,XEK.4
XEK,#7eb1e8,XEK.5
XEK,#7eb1e8,XEK.5.1
XEK,#7eb1e8,XEK.5.2
XEK,#7eb1e8,XEK.6
XEK,#7eb1e8,XEK.7
XEK,#7eb1e8,XEK.7.1
XEK,#7eb1e8,XEK.8
Other,#797979,XEL
Other,#797979,XEL.1
Other,#797979,XEL.2
Other,#797979,XEL.3
Other,#797979,XEL.4
Other,#797979,XEL.5
Other,#797979,XEL.6
Other,#797979,XEM
Other,#797979,XEN
Other,#797979,XEN.1
Other,#797979,XEN.2
Other,#797979,XEP
Other,#797979,XEP.1
Other,#797979,XEP.1.1
Other,#797979,XEP.2
Other,#797979,XEP.3
XEQ,#7660f1,XEQ
Other,#797979,XER
Other,#797979,XES
Other,#797979,XES.1
Other,#797979,XES.1.1
Other,#797979,XET
Other,#797979,XEU
Other,#797979,XEV
Other,#797979,XEW
Other,#797979,XEY
Other,#797979,XEZ
Other,#797979,XF
Other,#797979,XFA
Other,#797979,XFB
Other,#797979,XFB.1
Other,#797979,XFB.2
Other,#797979,XFB.3
XFC,#b66920,XFC
XFC,#b66920,XFC.1
XFC,#b66920,XFC.1.1
XFC,#b66920,XFC.1.1.1
XFC,#b66920,XFC.1.10
XFC,#b66920,XFC.1.11
XFC,#b66920,XFC.1.12
XFC,#b66920,XFC.1.2
XFC,#b66920,XFC.1.2.1
XFC,#b66920,XFC.1.3
XFC,#b66920,XFC.1.3.1
XFC,#b66920,XFC.1.4
XFC,#b66920,XFC.1.5
XFC,#b66920,XFC.1.6
XFC,#b66920,XFC.1.7
XFC,#b66920,XFC.1.8
XFC,#b66920,XFC.1.9
XFC,#b66920,XFC.2
XFC,#b66920,XFC.3
XFC,#b66920,XFC.3.1
XFC,#b66920,XFC.3.2
XFC,#b66920,XFC.3.3
XFC,#b66920,XFC.4
Other,#797979,XFD
Other,#797979,XFE
Other,#797979,XFF
Other,#797979,XFF.1
XFG,#4e6ea1,XFG
XFG,#4e6ea1,XFG.1
XFG,#4e6ea1,XFG.1.1
XFG,#4e6ea1,XFG.1.2
XFG,#4e6ea1,XFG.1.3
XFG,#4e6ea1,XFG.10
XFG,#4e6ea1,XFG.10.1
XFG,#4e6ea1,XFG.10.2
XFG,#4e6ea1,XFG.10.3
XFG,#4e6ea1,XFG.10.4
XFG,#4e6ea1,XFG.11
XFG,#4e6ea1,XFG.12
XFG,#4e6ea1,XFG.13
XFG,#4e6ea1,XFG.14
XFG,#4e6ea1,XFG.14.1
XFG,#4e6ea1,XFG.14.1.1
XFG,#4e6ea1,XFG.14.1.2
XFG,#4e6ea1,XFG.14.1.3
XFG,#4e6ea1,XFG.14.2
XFG,#4e6ea1,XFG.14.2.1
XFG,#4e6ea1,XFG.14.3
XFG,#4e6ea1,XFG.14.4
XFG,#4e6ea1,XFG.15
XFG,#4e6ea1,XFG.16
XFG,#4e6ea1,XFG.17
XFG,#4e6ea1,XFG.17.1
XFG,#4e6ea1,XFG.17.2
XFG,#4e6ea1,XFG.17.2.1
XFG,#4e6ea1,XFG.17.3
XFG,#4e6ea1,XFG.17.4
XFG,#4e6ea1,XFG.18
XFG,#4e6ea1,XFG.18.1
XFG,#4e6ea1,XFG.19
XFG,#4e6ea1,XFG.2
XFG,#4e6ea1,XFG.2.1
XFG,#4e6ea1,XFG.2.2
XFG,#4e6ea1,XFG.2.3
XFG,#4e6ea1,XFG.2.3.1
XFG,#4e6ea1,XFG.2.4
XFG,#4e6ea1,XFG.21
XFG,#4e6ea1,XFG.22
XFG,#4e6ea1,XFG.22.1
XFG,#4e6ea1,XFG.22.2
XFG,#4e6ea1,XFG.22.3
XFG,#4e6ea1,XFG.23
XFG,#4e6ea1,XFG.23.1
XFG,#4e6ea1,XFG.23.1.1
XFG,#4e6ea1,XFG.23.1.2
XFG,#4e6ea1,XFG.23.1.3
XFG,#4e6ea1,XFG.23.1.4
XFG,#4e6ea1,XFG.23.1.5
XFG,#4e6ea1,XFG.23.2
XFG,#4e6ea1,XFG.24
XFG,#4e6ea1,XFG.25
XFG,#4e6ea1,XFG.26
XFG,#4e6ea1,XFG.28
XFG,#4e6ea1,XFG.29
XFG,#4e6ea1,XFG.3
XFG,#4e6ea1,XFG.3.1
XFG,#4e6ea1,XFG.3.1.1
XFG,#4e6ea1,XFG.3.1.10
XFG,#4e6ea1,XFG.3.1.2
XFG,#4e6ea1,XFG.3.1.3
XFG,#4e6ea1,XFG.3.1.4
XFG,#4e6ea1,XFG.3.1.5
XFG,#4e6ea1,XFG.3.1.6
XFG,#4e6ea1,XFG.3.1.7
XFG,#4e6ea1,XFG.3.1.8
XFG,#4e6ea1,XFG.3.1.9
XFG,#4e6ea1,XFG.3.10
XFG,#4e6ea1,XFG.3.10.1
XFG,#4e6ea1,XFG.3.10.2
XFG,#4e6ea1,XFG.3.11
XFG,#4e6ea1,XFG.3.12
XFG,#4e6ea1,XFG.3.12.1
XFG,#4e6ea1,XFG.3.13
XFG,#4e6ea1,XFG.3.14
XFG,#4e6ea1,XFG.3.15
XFG,#4e6ea1,XFG.3.16
XFG,#4e6ea1,XFG.3.16.1
XFG,#4e6ea1,XFG.3.17
XFG,#4e6ea1,XFG.3.18
XFG,#4e6ea1,XFG.3.18.1
XFG,#4e6ea1,XFG.3.19
XFG,#4e6ea1,XFG.3.2
XFG,#4e6ea1,XFG.3.20
XFG,#4e6ea1,XFG.3.21
XFG,#4e6ea1,XFG.3.22
XFG,#4e6ea1,XFG.3.23
XFG,#4e6ea1,XFG.3.24
XFG,#4e6ea1,XFG.3.25
XFG,#4e6ea1,XFG.3.26
XFG,#4e6ea1,XFG.3.27
XFG,#4e6ea1,XFG.3.27.1
XFG,#4e6ea1,XFG.3.27.2
XFG,#4e6ea1,XFG.3.28
XFG,#4e6ea1,XFG.3.29
XFG,#4e6ea1,XFG.3.3
XFG,#4e6ea1,XFG.3.3.1
XFG,#4e6ea1,XFG.3.30
XFG,#4e6ea1,XFG.3.30.1
XFG,#4e6ea1,XFG.3.30.2
XFG,#4e6ea1,XFG.3.4
XFG,#4e6ea1,XFG.3.4.1
XFG,#4e6ea1,XFG.3.4.2
XFG,#4e6ea1,XFG.3.4.3
XFG,#4e6ea1,XFG.3.4.4
XFG,#4e6ea1,XFG.3.4.5
XFG,#4e6ea1,XFG.3.4.6
XFG,#4e6ea1,XFG.3.4.7
XFG,#4e6ea1,XFG.3.4.8
XFG,#4e6ea1,XFG.3.4.9
XFG,#4e6ea1,XFG.3.5
XFG,#4e6ea1,XFG.3.5.1
XFG,#4e6ea1,XFG.3.5.2
XFG,#4e6ea1,XFG.3.6
XFG,#4e6ea1,XFG.3.6.1
XFG,#4e6ea1,XFG.3.6.2
XFG,#4e6ea1,XFG.3.7
XFG,#4e6ea1,XFG.3.7.1
XFG,#4e6ea1,XFG.3.8
XFG,#4e6ea1,XFG.3.8.1
XFG,#4e6ea1,XFG.3.9
XFG,#4e6ea1,XFG.30
XFG,#4e6ea1,XFG.31
XFG,#4e6ea1,XFG.32
XFG,#4e6ea1,XFG.33
XFG,#4e6ea1,XFG.34
XFG,#4e6ea1,XFG.35
XFG,#4e6ea1,XFG.36
XFG,#4e6ea1,XFG.4
XFG,#4e6ea1,XFG.4.1
XFG,#4e6ea1,XFG.4.1.1
XFG,#4e6ea1,XFG.4.1.2
XFG,#4e6ea1,XFG.4.1.3
XFG,#4e6ea1,XFG.4.1.4
XFG,#4e6ea1,XFG.4.1.5
XFG,#4e6ea1,XFG.4.2
XFG,#4e6ea1,XFG.4.3
XFG,#4e6ea1,XFG.4.4
XFG,#4e6ea1,XFG.4.5
XFG,#4e6ea1,XFG.5
XFG,#4e6ea1,XFG.5.1
XFG,#4e6ea1,XFG.5.1.1
XFG,#4e6ea1,XFG.5.1.2
XFG,#4e6ea1,XFG.5.1.3
XFG,#4e6ea1,XFG.5.1.4
XFG,#4e6ea1,XFG.5.1.5
XFG,#4e6ea1,XFG.5.1.6
XFG,#4e6ea1,XFG.5.2
XFG,#4e6ea1,XFG.5.2.1
XFG,#4e6ea1,XFG.5.2.2
XFG,#4e6ea1,XFG.5.2.3
XFG,#4e6ea1,XFG.5.2.4
XFG,#4e6ea1,XFG.5.2.5
XFG,#4e6ea1,XFG.5.2.6
XFG,#4e6ea1,XFG.5.3
XFG,#4e6ea1,XFG.5.4
XFG,#4e6ea1,XFG.5.4.1
XFG,#4e6ea1,XFG.6
XFG,#4e6ea1,XFG.6.1
XFG,#4e6ea1,XFG.6.10
XFG,#4e6ea1,XFG.6.11
XFG,#4e6ea1,XFG.6.12
XFG,#4e6ea1,XFG.6.2
XFG,#4e6ea1,XFG.6.2.1
XFG,#4e6ea1,XFG.6.3
XFG,#4e6ea1,XFG.6.3.1
XFG,#4e6ea1,XFG.6.3.2
XFG,#4e6ea1,XFG.6.4
XFG,#4e6ea1,XFG.6.5
XFG,#4e6ea1,XFG.6.5.1
XFG,#4e6ea1,XFG.6.6
XFG,#4e6ea1,XFG.6.7
XFG,#4e6ea1,XFG.6.8
XFG,#4e6ea1,XFG.6.9
XFG,#4e6ea1,XFG.7
XFG,#4e6ea1,XFG.7.1
XFG,#4e6ea1,XFG.7.1.1
XFG,#4e6ea1,XFG.7.1.2
XFG,#4e6ea1,XFG.8
XFG,#4e6ea1,XFG.8.1
XFG,#4e6ea1,XFG.8.2
XFG,#4e6ea1,XFG.8.2.1
XFG,#4e6ea1,XFG.8.3
XFG,#4e6ea1,XFG.8.4
XFG,#4e6ea1,XFG.8.5
XFG,#4e6ea1,XFG.9
XFG,#4e6ea1,XFG.9.1
XFG,#4e6ea1,XFG.9.2
XFG,#4e6ea1,XFG.9.3
XFG,#4e6ea1,XFG.9.3.1
XFG,#4e6ea1,XFG.9.3.2
XFG,#4e6ea1,XFG.9.4
XFG,#4e6ea1,XFG.9.4.1
XFG,#4e6ea1,XFG.9.4.2
XFG,#4e6ea1,XFG.9.5
XFG,#4e6ea1,XFG.9.6
Other,#797979,XFH
Other,#797979,XFH.1
Other,#797979,XFH.2
Other,#797979,XFJ
Other,#797979,XFJ.1
Other,#797979,XFJ.1.1
Other,#797979,XFJ.1.2
Other,#797979,XFJ.1.3
Other,#797979,XFJ.10
Other,#797979,XFJ.2
Other,#797979,XFJ.2.1
Other,#797979,XFJ.2.2
Other,#797979,XFJ.3
Other,#797979,XFJ.3.1
Other,#797979,XFJ.3.1.1
Other,#797979,XFJ.3.1.2
Other,#797979,XFJ.3.1.3
Other,#797979,XFJ.3.2
Other,#797979,XFJ.4
Other,#797979,XFJ.4.1
Other,#797979,XFJ.5
Other,#797979,XFJ.6
Other,#797979,XFJ.7
Other,#797979,XFJ.8
Other,#797979,XFJ.8.1
Other,#797979,XFJ.9
Other,#797979,XFK
Other,#797979,XFL
Other,#797979,XFM
Other,#797979,XFN
Other,#797979,XFN.1
Other,#797979,XFN.2
Other,#797979,XFN.2.1
Other,#797979,XFP
Other,#797979,XFP.1
Other,#797979,XFP.1.1
Other,#797979,XFP.2
Other,#797979,XFQ
Other,#797979,XFR
Other,#797979,XFS
Other,#797979,XFT
Other,#797979,XFT.1
Other,#797979,XFU
Other,#797979,XFV
Other,#797979,XFV.1
Other,#797979,XFV.2
Other,#797979,XFW
Other,#797979,XFW.1
Other,#797979,XFW.1.1
Other,#797979,XFW.1.1.1
Other,#797979,XFY
Other,#797979,XFY.1
Other,#797979,XFZ
Other,#797979,XFZ.1
Other,#797979,XG
Other,#797979,XGA
Other,#797979,XGB
Other,#797979,XGC
Other,#797979,XGD
Other,#797979,XH
Other,#797979,XJ
Other,#797979,XK
Other,#797979,XL
Other,#797979,XM
Other,#797979,XN
Other,#797979,XP
Other,#797979,XQ
Other,#797979,XR
Other,#797979,XS
Other,#797979,XT
Other,#797979,XU
Other,#797979,XV
Other,#797979,XW
Other,#797979,XY
Other,#797979,XZ
Other,#797979,Y.1
Other,#797979,Z.1
Other,#797979,Other
EG.5,#f28e2b,HK.34
EG.5,#f28e2b,HK.34.1
EG.5,#f28e2b,HK.4
EG.5,#f28e2b,HK.5
EG.5,#f28e2b,HK.6
EG.5,#f28e2b,HK.7
EG.5,#f28e2b,HK.8
EG.5,#f28e2b,HK.8.1
EG.5,#f28e2b,HK.9
XBB.1.42.2,#75d1a3,HL.1
XBB.1.42.2,#75d1a3,HL.2
XBB.1.5,#3F51B5,HM.1
FL.1.5.1,#8cd17d,HN.1
FL.1.5.1,#8cd17d,HN.2
FL.1.5.1,#8cd17d,HN.2.1
FL.1.5.1,#8cd17d,HN.3
FL.1.5.1,#8cd17d,HN.3.1
FL.1.5.1,#8cd17d,HN.4
FL.1.5.1,#8cd17d,HN.4.1
FL.1.5.1,#8cd17d,HN.4.1.1
FL.1.5.1,#8cd17d,HN.4.2
FL.1.5.1,#8cd17d,HN.5
FL.1.5.1,#8cd17d,HN.6
FL.1.5.1,#8cd17d,HN.7
FL.1.5.1,#8cd17d,HN.8
XBB.1.5,#3F51B5,HP.1
XBB.1.5,#3F51B5,HP.1.1
XBB.1.5,#3F51B5,HQ.1
XBB.1.5,#3F51B5,HR.1
XBB.1.5,#3F51B5,HR.1.1
XBB.1.5,#3F51B5,HS.1
XBB.1.5,#3F51B5,HS.1.1
XBB.1.5,#3F51B5,HT.1
XBB.1.5,#3F51B5,HT.2
XBB,#9FA8DA,HU.1
XBB,#9FA8DA,HU.1.1
XBB,#9FA8DA,HU.2
HV.1,#797765,HV.1
HV.1,#797765,HV.1.1
HV.1,#797765,HV.1.10
HV.1,#797765,HV.1.11
HV.1,#797765,HV.1.2
HV.1,#797765,HV.1.3
HV.1,#797765,HV.1.4
HV.1,#797765,HV.1.5
HV.1,#797765,HV.1.6
HV.1,#797765,HV.1.6.1
HV.1,#797765,HV.1.7
HV.1,#797765,HV.1.8
HV.1,#797765,HV.1.9
EG.5,#f28e2b,HV.2
Other,#797979,HW.1
Other,#797979,HW.1.1
Other,#797979,HW.1.2
Other,#797979,HW.1.3
XBB.1.5,#3F51B5,HY.1
XBB.1.5.68,#86bcb6,HZ.1
XBB.1.5.68,#86bcb6,HZ.2
XBB.1.5.68,#86bcb6,HZ.3
XBB.2.3,#f7bcdf,JA.1
XBB.1.5,#3F51B5,JB.1
XBB.1.5,#3F51B5,JB.1.1
XBB.1.5,#3F51B5,JB.2
XBB.1.5,#3F51B5,JB.2.1
XBB,#9FA8DA,JC.1
XBB,#9FA8DA,JC.2
XBB,#9FA8DA,JC.3
XBB,#9FA8DA,JC.4
XBB,#9FA8DA,JC.5
XBB,#9FA8DA,JC.5.1
XBB,#9FA8DA,JC.6
XBB.1.5,#3F51B5,JD.1
JD.1.1,#80f192,JD.1.1
JD.1.1,#80f192,JD.1.1.1
JD.1.1,#80f192,JD.1.1.2
JD.1.1,#80f192,JD.1.1.3
JD.1.1,#80f192,JD.1.1.4
JD.1.1,#80f192,JD.1.1.5
JD.1.1,#80f192,JD.1.1.6
JD.1.1,#80f192,JD.1.1.7
JD.1.1,#80f192,JD.1.1.8
XBB.1.5,#3F51B5,JD.1.2
XBB.1.5,#3F51B5,JD.1.2.1
XBB.1.5,#3F51B5,JD.1.2.2
XBB.1.5,#3F51B5,JD.2
XBB.1.5,#3F51B5,JD.2.1
XBB.2.3,#f7bcdf,JE.1
XBB.2.3,#f7bcdf,JE.1.1
XBB.2.3,#f7bcdf,JE.1.1.1
JF.1,#fff1a9,JF.1
JF.1,#fff1a9,JF.1.1
JF.1,#fff1a9,JF.1.1.1
JF.1,#fff1a9,JF.1.1.2
XBB.1.16.6,#59a14f,JF.2
XBB.1.16.6,#59a14f,JF.3
XBB.1.16.6,#59a14f,JF.4
EG.5,#f28e2b,JG.1
EG.5,#f28e2b,JG.2
JG.3,#66a172,JG.3
JG.3,#66a172,JG.3.1
JG.3,#66a172,JG.3.2
JG.3,#66a172,JG.3.3
JG.3,#66a172,JG.3.4
EG.5,#f28e2b,JG.4
BQ.1,#006064,JH.1
BQ.1,#006064,JH.2
EG.5,#f28e2b,JJ.1
XBB.1.5,#3F51B5,JK.1
CH.1.1,#827717,JL.1
XBB.1.16.15,#e3b5fa,JM.1
XBB.1.16.15,#e3b5fa,JM.2
JN.1,#660099,JN.1
JN.1,#660099,JN.1.1
JN.1,#660099,JN.1.1.1
JN.1,#660099,JN.1.1.10
JN.1,#660099,JN.1.1.2
JN.1,#660099,JN.1.1.3
JN.1,#660099,JN.1.1.4
JN.1,#660099,JN.1.1.5
JN.1,#660099,JN.1.1.6
JN.1,#660099,JN.1.1.7
JN.1,#660099,JN.1.1.8
JN.1,#660099,JN.1.1.9
JN.1,#660099,JN.1.10
JN.1,#660099,JN.1.11
JN.1.11.1,#5c9cf1,JN.1.11.1
JN.1,#660099,JN.1.11.2
JN.1,#660099,JN.1.12
JN.1.13,#e83c78,JN.1.13
JN.1.13.1,#f2591c,JN.1.13.1
JN.1,#660099,JN.1.14
JN.1,#660099,JN.1.15
JN.1,#660099,JN.1.15.1
JN.1.16,#bc3a88,JN.1.16
JN.1.16.1,#366298,JN.1.16.1
JN.1.16,#bc3a88,JN.1.16.2
JN.1.16,#bc3a88,JN.1.16.3
JN.1.16,#bc3a88,JN.1.16.4
JN.1.16,#bc3a88,JN.1.16.5
JN.1,#660099,JN.1.17
JN.1.18,#4df230,JN.1.18
JN.1.18,#4df230,JN.1.18.1
JN.1.18,#4df230,JN.1.18.2
JN.1.18,#4df230,JN.1.18.3
JN.1.18,#4df230,JN.1.18.4
JN.1.18,#4df230,JN.1.18.5
JN.1.18.6,#e16b1d,JN.1.18.6
JN.1.18,#4df230,JN.1.18.7
JN.1.18,#4df230,JN.1.18.8
JN.1.18,#4df230,JN.1.18.9
JN.1,#660099,JN.1.19
JN.1,#660099,JN.1.2
JN.1,#660099,JN.1.2.1
JN.1,#660099,JN.1.20
JN.1,#660099,JN.1.21
JN.1,#660099,JN.1.22
JN.1,#660099,JN.1.23
JN.1,#660099,JN.1.23.1
JN.1,#660099,JN.1.24
JN.1,#660099,JN.1.24.1
JN.1,#660099,JN.1.25
JN.1,#660099,JN.1.25.1
JN.1,#660099,JN.1.26
JN.1,#660099,JN.1.27
JN.1,#660099,JN.1.28
JN.1,#660099,JN.1.28.1
JN.1,#660099,JN.1.29
JN.1,#660099,JN.1.29.1
JN.1,#660099,JN.1.3
JN.1,#660099,JN.1.30
JN.1,#660099,JN.1.30.1
JN.1,#660099,JN.1.31
JN.1.32,#2e7919,JN.1.32
JN.1.32,#2e7919,JN.1.32.1
JN.1,#660099,JN.1.34
JN.1,#660099,JN.1.35
JN.1,#660099,JN.1.36
JN.1,#660099,JN.1.36.1
JN.1,#660099,JN.1.37
JN.1,#660099,JN.1.38
JN.1,#660099,JN.1.38.1
JN.1,#660099,JN.1.39
JN.1,#660099,JN.1.39.1
JN.1,#660099,JN.1.39.2
JN.1,#660099,JN.1.39.3
JN.1,#660099,JN.1.4
JN.1,#660099,JN.1.4.1
JN.1,#660099,JN.1.4.2
JN.1.4.3,#9d1010,JN.1.4.3
JN.1,#660099,JN.1.4.4
JN.1,#660099,JN.1.4.5
JN.1,#660099,JN.1.4.6
JN.1,#660099,JN.1.4.7
JN.1,#660099,JN.1.4.8
JN.1,#660099,JN.1.4.9
JN.1,#660099,JN.1.40
JN.1,#660099,JN.1.41
JN.1,#660099,JN.1.42
JN.1,#660099,JN.1.42.1
JN.1,#660099,JN.1.42.2
JN.1,#660099,JN.1.43
JN.1,#660099,JN.1.43.1
JN.1,#660099,JN.1.44
JN.1,#660099,JN.1.44.1
JN.1,#660099,JN.1.45
JN.1,#660099,JN.1.46
JN.1,#660099,JN.1.47
JN.1,#660099,JN.1.47.1
JN.1,#660099,JN.1.47.2
JN.1,#660099,JN.1.48
JN.1,#660099,JN.1.48.1
JN.1,#660099,JN.1.48.2
JN.1,#660099,JN.1.48.3
JN.1,#660099,JN.1.49
JN.1,#660099,JN.1.49.1
JN.1,#660099,JN.1.49.2
JN.1,#660099,JN.1.49.3
JN.1,#660099,JN.1.5
JN.1,#660099,JN.1.50
JN.1,#660099,JN.1.50.1
JN.1,#660099,JN.1.50.2
JN.1,#660099,JN.1.51
JN.1,#660099,JN.1.51.1
JN.1,#660099,JN.1.52
JN.1,#660099,JN.1.53
JN.1,#660099,JN.1.53.1
JN.1,#660099,JN.1.54
JN.1,#660099,JN.1.54.1
JN.1,#660099,JN.1.55
JN.1,#660099,JN.1.55.1
JN.1,#660099,JN.1.55.2
JN.1,#660099,JN.1.56
JN.1,#660099,JN.1.56.1
JN.1,#660099,JN.1.57
JN.1,#660099,JN.1.57.1
JN.1,#660099,JN.1.58
JN.1,#660099,JN.1.58.1
JN.1,#660099,JN.1.58.2
JN.1,#660099,JN.1.58.3
JN.1,#660099,JN.1.59
JN.1,#660099,JN.1.59.1
JN.1,#660099,JN.1.6
JN.1,#660099,JN.1.6.1
JN.1,#660099,JN.1.60
JN.1,#660099,JN.1.61
JN.1,#660099,JN.1.62
JN.1,#660099,JN.1.63
JN.1,#660099,JN.1.63.1
JN.1,#660099,JN.1.64
JN.1,#660099,JN.1.64.1
JN.1,#660099,JN.1.65
JN.1,#660099,JN.1.65.1
JN.1,#660099,JN.1.66
JN.1,#660099,JN.1.67
JN.1,#660099,JN.1.67.1
JN.1,#660099,JN.1.68
JN.1,#660099,JN.1.68.1
JN.1,#660099,JN.1.69
JN.1.7,#cf15e8,JN.1.7
JN.1.7,#cf15e8,JN.1.7.1
JN.1.7,#cf15e8,JN.1.7.2
JN.1.7,#cf15e8,JN.1.7.3
JN.1.7,#cf15e8,JN.1.7.4
JN.1.7,#cf15e8,JN.1.7.5
JN.1.7,#cf15e8,JN.1.7.6
JN.1.7,#cf15e8,JN.1.7.7
JN.1.7,#cf15e8,JN.1.7.8
JN.1.7,#cf15e8,JN.1.7.9
JN.1,#660099,JN.1.8
JN.1.8.1,#ffb027,JN.1.8.1
JN.1,#660099,JN.1.8.2
JN.1,#660099,JN.1.8.3
JN.1,#660099,JN.1.8.4
JN.1,#660099,JN.1.9
JN.1,#660099,JN.1.9.1
JN.1,#660099,JN.1.9.2
BA.2.86,#d771f1,JN.10
BA.2.86,#d771f1,JN.11
BA.2.86,#d771f1,JN.11.1
BA.2.86,#d771f1,JN.12
BA.2.86,#d771f1,JN.13
BA.2.86,#d771f1,JN.13.1
BA.2.86,#d771f1,JN.14
BA.2.86,#d771f1,JN.15
BA.2.86,#d771f1,JN.16
BA.2.86,#d771f1,JN.17
BA.2.86,#d771f1,JN.18
BA.2.86,#d771f1,JN.19
BA.2.86,#d771f1,JN.2
BA.2.86,#d771f1,JN.2.1
BA.2.86,#d771f1,JN.2.2
BA.2.86,#d771f1,JN.2.2.1
BA.2.86,#d771f1,JN.2.3
BA.2.86,#d771f1,JN.2.4
BA.2.86,#d771f1,JN.2.5
BA.2.86,#d771f1,JN.3
BA.2.86,#d771f1,JN.3.1
BA.2.86,#d771f1,JN.3.2
BA.2.86,#d771f1,JN.3.2.1
BA.2.86,#d771f1,JN.3.3
BA.2.86,#d771f1,JN.4
BA.2.86,#d771f1,JN.5
BA.2.86,#d771f1,JN.5.1
BA.2.86,#d771f1,JN.6
BA.2.86,#d771f1,JN.7
BA.2.86,#d771f1,JN.8
BA.2.86,#d771f1,JN.9
CH.1.1,#827717,JP.1
CH.1.1,#827717,JP.1.1
BA.2.86,#d771f1,JQ.1
BA.2.86,#d771f1,JQ.2
BA.2.86,#d771f1,JQ.2.1
BA.2.86,#d771f1,JQ.2.1.1
BA.2.86,#d771f1,JQ.2.1.2
EG.5,#f28e2b,JR.1
EG.5,#f28e2b,JR.1.1
EG.5,#f28e2b,JR.1.1.1
XBB.2.3,#f7bcdf,JS.1
XBB.2.3,#f7bcdf,JS.2
Other,#797979,JT.1
XBB.2.3,#f7bcdf,JU.1
CH.1.1,#827717,JV.1
CH.1.1,#827717,JV.2
XBB,#9FA8DA,JW.1
XBB,#9FA8DA,JW.1.1
XBB.2.3,#f7bcdf,JY.1
XBB.2.3,#f7bcdf,JY.1.1
XBB.1.5,#3F51B5,JZ.1
Other,#797979,K.1
Other,#797979,K.2
Other,#797979,K.3
XBB.1.5,#3F51B5,KA.1
EG.5.1.8,#e14d6f,KB.1
EG.5.1.8,#e14d6f,KB.2
EG.5.1.8,#e14d6f,KB.3
EG.5.1.8,#e14d6f,KB.4
XBB.1.9.1,#304FFE,KC.1
XBB.1.9.1,#304FFE,KC.1.1
Other,#797979,KD.1
Other,#797979,KD.2
Other,#797979,KD.3
Other,#797979,KD.4
XBB,#9FA8DA,KE.1
XBB,#9FA8DA,KE.2
XBB,#9FA8DA,KE.3
XBB.1.9.1,#304FFE,KF.1
XBB.1.9.1,#304FFE,KF.2
CH.1.1,#827717,KG.1
CH.1.1,#827717,KG.2
XBB.2.3,#f7bcdf,KH.1
XBB.1.16,#4527A0,KJ.1
JD.1.1,#80f192,KK.1
JD.1.1,#80f192,KK.2
HV.1,#797765,KL.1
HV.1,#797765,KL.1.1
XBB.1.5,#3F51B5,KM.1
XBB.1.5.70,#46783c,KN.1
XBB.1.5.70,#46783c,KN.1.1
JN.1.11.1,#5c9cf1,KP.1
KP.1.1,#cbff86,KP.1.1
KP.1.1,#cbff86,KP.1.1.1
KP.1.1,#cbff86,KP.1.1.2
KP.1.1.3,#1eb3b6,KP.1.1.3
KP.1.1,#cbff86,KP.1.1.4
KP.1.1,#cbff86,KP.1.1.5
KP.1.1,#cbff86,KP.1.1.6
KP.1.2,#d487c6,KP.1.2
KP.2,#536B8F,KP.2
KP.2,#536B8F,KP.2.1
KP.2,#536B8F,KP.2.10
KP.2,#536B8F,KP.2.11
KP.2,#536B8F,KP.2.12
KP.2,#536B8F,KP.2.13
KP.2,#536B8F,KP.2.14
KP.2,#536B8F,KP.2.14.1
KP.2,#536B8F,KP.2.14.2
KP.2.15,#175dff,KP.2.15
KP.2.15,#175dff,KP.2.15.1
KP.2,#536B8F,KP.2.16
KP.2,#536B8F,KP.2.17
KP.2,#536B8F,KP.2.18
KP.2,#536B8F,KP.2.19
KP.2,#536B8F,KP.2.2
KP.2,#536B8F,KP.2.2.1
KP.2,#536B8F,KP.2.2.2
KP.2,#536B8F,KP.2.20
KP.2,#536B8F,KP.2.20.1
KP.2,#536B8F,KP.2.22
KP.2,#536B8F,KP.2.23
KP.2,#536B8F,KP.2.24
KP.2,#536B8F,KP.2.25
KP.2,#536B8F,KP.2.25.1
KP.2,#536B8F,KP.2.25.2
KP.2,#536B8F,KP.2.25.3
KP.2,#536B8F,KP.2.26
KP.2,#536B8F,KP.2.27
KP.2,#536B8F,KP.2.28
KP.2,#536B8F,KP.2.28.1
KP.2.3,#628de8,KP.2.3
KP.2.3,#628de8,KP.2.3.1
KP.2.3,#628de8,KP.2.3.10
KP.2.3,#628de8,KP.2.3.11
KP.2.3,#628de8,KP.2.3.12
KP.2.3,#628de8,KP.2.3.13
KP.2.3,#628de8,KP.2.3.14
KP.2.3,#628de8,KP.2.3.15
KP.2.3,#628de8,KP.2.3.2
KP.2.3,#628de8,KP.2.3.3
KP.2.3,#628de8,KP.2.3.4
KP.2.3,#628de8,KP.2.3.5
KP.2.3,#628de8,KP.2.3.6
KP.2.3,#628de8,KP.2.3.7
KP.2.3,#628de8,KP.2.3.8
KP.2.3,#628de8,KP.2.3.9
KP.2,#536B8F,KP.2.4
KP.2,#536B8F,KP.2.5
KP.2,#536B8F,KP.2.6
KP.2,#536B8F,KP.2.6.1
KP.2,#536B8F,KP.2.6.2
KP.2,#536B8F,KP.2.6.3
KP.2,#536B8F,KP.2.6.4
KP.2,#536B8F,KP.2.7
KP.2,#536B8F,KP.2.8
KP.2,#536B8F,KP.2.9
KP.3,#b06589,KP.3
KP.3,#b06589,KP.3.1
KP.3.1.1,#2f92a1,KP.3.1.1
KP.3,#b06589,KP.3.1.10
KP.3,#b06589,KP.3.1.11
KP.3,#b06589,KP.3.1.12
KP.3,#b06589,KP.3.1.2
KP.3,#b06589,KP.3.1.3
KP.3,#b06589,KP.3.1.4
KP.3,#b06589,KP.3.1.5
KP.3,#b06589,KP.3.1.6
KP.3,#b06589,KP.3.1.7
KP.3,#b06589,KP.3.1.8
KP.3,#b06589,KP.3.1.9
KP.3,#b06589,KP.3.2
KP.3,#b06589,KP.3.2.1
KP.3,#b06589,KP.3.2.2
KP.3,#b06589,KP.3.2.3
KP.3,#b06589,KP.3.2.4
KP.3,#b06589,KP.3.2.5
KP.3,#b06589,KP.3.2.6
KP.3,#b06589,KP.3.2.7
KP.3,#b06589,KP.3.2.8
KP.3,#b06589,KP.3.2.9
KP.3,#b06589,KP.3.3
KP.3,#b06589,KP.3.3.1
KP.3,#b06589,KP.3.3.10
KP.3,#b06589,KP.3.3.2
KP.3,#b06589,KP.3.3.3
KP.3,#b06589,KP.3.3.4
KP.3,#b06589,KP.3.3.5
KP.3,#b06589,KP.3.3.6
KP.3,#b06589,KP.3.3.7
KP.3,#b06589,KP.3.3.8
KP.3,#b06589,KP.3.3.9
KP.3,#b06589,KP.3.4
KP.3,#b06589,KP.3.4.1
KP.3,#b06589,KP.3.5
KP.3,#b06589,KP.3.6
KP.3,#b06589,KP.3.7
JN.1.11.1,#5c9cf1,KP.4
KP.4.1,#ff473a,KP.4.1
KP.4.1,#ff473a,KP.4.1.1
KP.4.1,#ff473a,KP.4.1.2
KP.4.1,#ff473a,KP.4.1.3
JN.1.11.1,#5c9cf1,KP.4.2
JN.1.11.1,#5c9cf1,KP.4.2.1
JN.1.11.1,#5c9cf1,KP.4.2.2
JN.1.11.1,#5c9cf1,KP.4.2.3
JN.1.11.1,#5c9cf1,KP.4.2.4
JN.1.11.1,#5c9cf1,KP.4.2.5
JN.1.11.1,#5c9cf1,KP.4.2.6
JN.1.11.1,#5c9cf1,KP.5
JN.1.11.1,#5c9cf1,KP.6
JN.1.11.1,#5c9cf1,KP.7
JN.1.11.1,#5c9cf1,KP.7.1
KQ.1,#e86cde,KQ.1
JN.1,#660099,KR.1
JN.1,#660099,KR.1.1
JN.1,#660099,KR.1.2
JN.1,#660099,KR.1.3
JN.1,#660099,KR.1.4
JN.1,#660099,KR.3
JN.1,#660099,KR.4
JN.1,#660099,KR.4.1
JN.1,#660099,KR.5
KS.1,#b771bc,KS.1
KS.1,#b771bc,KS.1.1
KS.1,#b771bc,KS.1.1.1
KS.1,#b771bc,KS.1.1.2
KS.1,#b771bc,KS.1.1.3
KS.1,#b771bc,KS.1.2
KS.1,#b771bc,KS.1.3
KS.1,#b771bc,KS.1.4
KS.1,#b771bc,KS.1.5
JN.1.13.1,#f2591c,KS.2
GE.1,#66534c,KT.1
GE.1,#66534c,KT.1.1
GE.1,#66534c,KT.1.2
JN.1,#660099,KU.1
JN.1,#660099,KU.2
JN.1,#660099,KU.2.1
JN.1,#660099,KU.2.2
JN.1,#660099,KV.1
KV.2,#e14365,KV.2
JN.1,#660099,KW.1
KW.1.1,#34a0ff,KW.1.1
KW.1.1,#34a0ff,KW.1.1.1
JN.1,#660099,KW.1.2
JN.1,#660099,KY.1
JN.1,#660099,KZ.1
JN.1,#660099,KZ.1.1
JN.1,#660099,KZ.1.1.1
Other,#797979,L.1
Other,#797979,L.2
Other,#797979,L.3
Other,#797979,L.4
JN.1.16,#bc3a88,LA.1
JN.1.16,#bc3a88,LA.2
LB.1,#795653,LB.1
LB.1,#795653,LB.1.1
LB.1,#795653,LB.1.10
LB.1,#795653,LB.1.11
LB.1,#795653,LB.1.11.1
LB.1,#795653,LB.1.11.2
LB.1,#795653,LB.1.2
LB.1,#795653,LB.1.2.1
LB.1,#795653,LB.1.2.2
LB.1,#795653,LB.1.2.3
LB.1,#795653,LB.1.3
LB.1.3.1,#67b4bc,LB.1.3.1
LB.1,#795653,LB.1.3.2
LB.1,#795653,LB.1.3.3
LB.1,#795653,LB.1.3.4
LB.1,#795653,LB.1.3.5
LB.1,#795653,LB.1.4
LB.1,#795653,LB.1.4.1
LB.1,#795653,LB.1.4.2
LB.1,#795653,LB.1.4.3
LB.1,#795653,LB.1.5
LB.1,#795653,LB.1.6
LB.1,#795653,LB.1.7
LB.1,#795653,LB.1.7.1
LB.1,#795653,LB.1.7.2
LB.1,#795653,LB.1.7.3
LB.1,#795653,LB.1.7.4
LB.1,#795653,LB.1.8
LB.1,#795653,LB.1.9
JN.1,#660099,LC.1
JN.1,#660099,LD.1
JN.1,#660099,LD.1.1
JN.1,#660099,LD.2
JN.1,#660099,LE.1
JN.1,#660099,LE.1.1
JN.1,#660099,LE.1.2
JN.1,#660099,LE.1.3
JN.1,#660099,LE.1.3.1
JN.1,#660099,LE.2
JN.1.16.1,#366298,LF.1
JN.1.16.1,#366298,LF.1.1
JN.1.16.1,#366298,LF.1.1.1
JN.1.16.1,#366298,LF.10
JN.1.16.1,#366298,LF.2
JN.1.16.1,#366298,LF.3
LF.3.1,#d73e95,LF.3.1
LF.3.1,#d73e95,LF.3.1.1
LF.3.1,#d73e95,LF.3.1.2
JN.1.16.1,#366298,LF.4
JN.1.16.1,#366298,LF.4.1
JN.1.16.1,#366298,LF.5
JN.1.16.1,#366298,LF.6
LF.7,#3e8aa1,LF.7
LF.7,#3e8aa1,LF.7.1
LF.7,#3e8aa1,LF.7.1.1
LF.7,#3e8aa1,LF.7.1.10
LF.7,#3e8aa1,LF.7.1.11
LF.7,#3e8aa1,LF.7.1.12
LF.7,#3e8aa1,LF.7.1.13
LF.7,#3e8aa1,LF.7.1.14
LF.7,#3e8aa1,LF.7.1.15
LF.7,#3e8aa1,LF.7.1.2
LF.7,#3e8aa1,LF.7.1.3
LF.7,#3e8aa1,LF.7.1.4
LF.7,#3e8aa1,LF.7.1.5
LF.7,#3e8aa1,LF.7.1.6
LF.7,#3e8aa1,LF.7.1.7
LF.7,#3e8aa1,LF.7.1.8
LF.7,#3e8aa1,LF.7.1.9
LF.7,#3e8aa1,LF.7.10
LF.7,#3e8aa1,LF.7.10.1
LF.7,#3e8aa1,LF.7.10.2
LF.7,#3e8aa1,LF.7.11
LF.7,#3e8aa1,LF.7.11.1
LF.7,#3e8aa1,LF.7.11.2
LF.7,#3e8aa1,LF.7.11.3
LF.7,#3e8aa1,LF.7.11.4
LF.7,#3e8aa1,LF.7.12
LF.7,#3e8aa1,LF.7.12.1
LF.7,#3e8aa1,LF.7.2
LF.7.2.1,#8480ff,LF.7.2.1
LF.7,#3e8aa1,LF.7.2.2
LF.7,#3e8aa1,LF.7.3
LF.7,#3e8aa1,LF.7.3.1
LF.7,#3e8aa1,LF.7.3.2
LF.7,#3e8aa1,LF.7.3.3
LF.7,#3e8aa1,LF.7.3.4
LF.7,#3e8aa1,LF.7.3.5
LF.7,#3e8aa1,LF.7.3.6
LF.7,#3e8aa1,LF.7.4
LF.7,#3e8aa1,LF.7.5
LF.7,#3e8aa1,LF.7.6
LF.7,#3e8aa1,LF.7.6.1
LF.7,#3e8aa1,LF.7.6.2
LF.7,#3e8aa1,LF.7.6.3
LF.7,#3e8aa1,LF.7.6.4
LF.7,#3e8aa1,LF.7.6.5
LF.7,#3e8aa1,LF.7.7
LF.7.7.1,#3a54ff,LF.7.7.1
LF.7.7.2,#8686ff,LF.7.7.2
LF.7,#3e8aa1,LF.7.8
LF.7.9,#604aa1,LF.7.9
LF.7.9,#604aa1,LF.7.9.1
LF.7.9,#604aa1,LF.7.9.2
LF.7.9,#604aa1,LF.7.9.3
LF.7.9,#604aa1,LF.7.9.4
LF.7.9,#604aa1,LF.7.9.5
JN.1.16.1,#366298,LF.8
JN.1.16.1,#366298,LF.8.1
JN.1.16.1,#366298,LF.8.1.1
JN.1.16.1,#366298,LF.9
JN.1.16.1,#366298,LF.9.1
KW.1.1,#34a0ff,LG.1
JN.1.18,#4df230,LH.1
JN.1.18,#4df230,LH.2
JN.1.18,#4df230,LH.3
JN.1,#660099,LJ.1
JN.1.7,#cf15e8,LK.1
JN.1.7,#cf15e8,LK.2
JN.1.7,#cf15e8,LK.2.1
JN.1,#660099,LL.1
JN.1,#660099,LM.1
JN.1,#660099,LN.1
JN.1,#660099,LN.1.1
LP.1,#a74f9b,LP.1
LP.1,#a74f9b,LP.1.1
LP.1,#a74f9b,LP.1.2
LP.1,#a74f9b,LP.1.2.1
KP.1.1.3,#1eb3b6,LP.10
KP.1.1.3,#1eb3b6,LP.10.1
KP.1.1.3,#1eb3b6,LP.10.1.1
KP.1.1.3,#1eb3b6,LP.11
KP.1.1.3,#1eb3b6,LP.2
KP.1.1.3,#1eb3b6,LP.3
KP.1.1.3,#1eb3b6,LP.4
KP.1.1.3,#1eb3b6,LP.5
KP.1.1.3,#1eb3b6,LP.6
KP.1.1.3,#1eb3b6,LP.7
KP.1.1.3,#1eb3b6,LP.8
LP.8.1,#ff860c,LP.8.1
LP.8.1,#ff860c,LP.8.1.1
LP.8.1,#ff860c,LP.8.1.10
LP.8.1,#ff860c,LP.8.1.11
LP.8.1,#ff860c,LP.8.1.12
LP.8.1,#ff860c,LP.8.1.13
LP.8.1,#ff860c,LP.8.1.14
LP.8.1,#ff860c,LP.8.1.15
LP.8.1,#ff860c,LP.8.1.16
LP.8.1,#ff860c,LP.8.1.2
LP.8.1,#ff860c,LP.8.1.3
LP.8.1,#ff860c,LP.8.1.4
LP.8.1,#ff860c,LP.8.1.5
LP.8.1,#ff860c,LP.8.1.6
LP.8.1,#ff860c,LP.8.1.7
LP.8.1,#ff860c,LP.8.1.8
LP.8.1,#ff860c,LP.8.1.9
KP.1.1.3,#1eb3b6,LP.8.2
KP.1.1.3,#1eb3b6,LP.8.2.1
KP.1.1.3,#1eb3b6,LP.9
JN.1.18,#4df230,LQ.1
JN.1.18,#4df230,LQ.1.1
JN.1.18,#4df230,LQ.1.1.1
JN.1.18,#4df230,LQ.1.2
JN.1.18,#4df230,LQ.2
JN.1.18,#4df230,LQ.3
JN.1,#660099,LR.1
JN.1,#660099,LR.2
JN.1,#660099,LR.3
JN.1.18,#4df230,LS.1
JN.1.18,#4df230,LS.2
JN.1.18,#4df230,LS.2.1
JN.1.18,#4df230,LS.2.1.1
JN.1,#660099,LT.1
JN.1,#660099,LU.1
JN.1,#660099,LU.2
JN.1,#660099,LU.2.1
JN.1,#660099,LU.2.1.1
JN.1,#660099,LU.2.2
BA.2.86,#d771f1,LV.1
BA.2.86,#d771f1,LV.2
KP.3,#b06589,LW.1
KP.3,#b06589,LW.1.1
KP.3,#b06589,LW.1.2
JN.1.18.6,#e16b1d,LY.1
JN.1.18.6,#e16b1d,LY.2
JN.1.18,#4df230,LZ.1
JN.1.18,#4df230,LZ.1.1
JN.1.18,#4df230,LZ.2
JN.1.18,#4df230,LZ.2.1
JN.1.18,#4df230,LZ.2.1.1
JN.1.18,#4df230,LZ.2.1.2
JN.1.18,#4df230,LZ.2.2
JN.1.18,#4df230,LZ.3
JN.1.18,#4df230,LZ.4
JN.1.18,#4df230,LZ.5
Other,#797979,M.1
Other,#797979,M.2
Other,#797979,M.3
JN.1.18,#4df230,MA.1
JN.1.18,#4df230,MA.1.1
JN.1.18,#4df230,MA.1.1.1
JN.1.18,#4df230,MA.1.2
JN.1,#660099,MB.1
JN.1,#660099,MB.1.1
JN.1,#660099,MB.1.1.1
JN.1,#660099,MB.1.1.2
JN.1,#660099,MB.1.1.3
MC.1,#b6b614,MC.1
MC.1,#b6b614,MC.1.1
MC.1,#b6b614,MC.1.1.1
MC.1,#b6b614,MC.1.2
MC.1,#b6b614,MC.1.3
MC.1,#b6b614,MC.1.3.1
MC.1,#b6b614,MC.1.4
MC.1,#b6b614,MC.1.4.1
MC.1,#b6b614,MC.1.5
MC.1,#b6b614,MC.1.6
MC.1,#b6b614,MC.1.7
KP.3.1.1,#2f92a1,MC.10
MC.10.1,#0956d1,MC.10.1
MC.10.1,#0956d1,MC.10.1.1
MC.10.1,#0956d1,MC.10.1.2
MC.10.1,#0956d1,MC.10.1.3
MC.10.1,#0956d1,MC.10.1.4
MC.10.1,#0956d1,MC.10.1.5
MC.10.1,#0956d1,MC.10.1.6
MC.10.1,#0956d1,MC.10.1.7
MC.10.1,#0956d1,MC.10.1.8
KP.3.1.1,#2f92a1,MC.10.2
KP.3.1.1,#2f92a1,MC.10.2.1
KP.3.1.1,#2f92a1,MC.10.2.2
KP.3.1.1,#2f92a1,MC.10.2.3
KP.3.1.1,#2f92a1,MC.11
KP.3.1.1,#2f92a1,MC.11.1
KP.3.1.1,#2f92a1,MC.11.2
KP.3.1.1,#2f92a1,MC.11.3
KP.3.1.1,#2f92a1,MC.11.3.1
KP.3.1.1,#2f92a1,MC.12
KP.3.1.1,#2f92a1,MC.13
KP.3.1.1,#2f92a1,MC.13.1
KP.3.1.1,#2f92a1,MC.13.2
KP.3.1.1,#2f92a1,MC.13.2.1
KP.3.1.1,#2f92a1,MC.13.2.2
KP.3.1.1,#2f92a1,MC.13.2.3
KP.3.1.1,#2f92a1,MC.13.2.4
KP.3.1.1,#2f92a1,MC.13.3
KP.3.1.1,#2f92a1,MC.13.3.1
KP.3.1.1,#2f92a1,MC.13.4
KP.3.1.1,#2f92a1,MC.14
KP.3.1.1,#2f92a1,MC.15
KP.3.1.1,#2f92a1,MC.16
KP.3.1.1,#2f92a1,MC.17
KP.3.1.1,#2f92a1,MC.17.1
KP.3.1.1,#2f92a1,MC.18
KP.3.1.1,#2f92a1,MC.18.1
KP.3.1.1,#2f92a1,MC.18.2
MC.19,#206cbc,MC.19
MC.19,#206cbc,MC.19.1
MC.19,#206cbc,MC.19.1.1
KP.3.1.1,#2f92a1,MC.2
KP.3.1.1,#2f92a1,MC.2.1
KP.3.1.1,#2f92a1,MC.20
KP.3.1.1,#2f92a1,MC.21
KP.3.1.1,#2f92a1,MC.21.1
KP.3.1.1,#2f92a1,MC.21.2
KP.3.1.1,#2f92a1,MC.22
KP.3.1.1,#2f92a1,MC.23
KP.3.1.1,#2f92a1,MC.24
KP.3.1.1,#2f92a1,MC.24.1
KP.3.1.1,#2f92a1,MC.24.2
KP.3.1.1,#2f92a1,MC.25
KP.3.1.1,#2f92a1,MC.26
KP.3.1.1,#2f92a1,MC.26.1
KP.3.1.1,#2f92a1,MC.27
KP.3.1.1,#2f92a1,MC.28
MC.28.1,#287ba1,MC.28.1
MC.28.1,#287ba1,MC.28.1.1
KP.3.1.1,#2f92a1,MC.29
KP.3.1.1,#2f92a1,MC.3
KP.3.1.1,#2f92a1,MC.30
KP.3.1.1,#2f92a1,MC.30.1
KP.3.1.1,#2f92a1,MC.30.1.1
KP.3.1.1,#2f92a1,MC.31
KP.3.1.1,#2f92a1,MC.32
KP.3.1.1,#2f92a1,MC.32.1
KP.3.1.1,#2f92a1,MC.32.1.1
KP.3.1.1,#2f92a1,MC.33
KP.3.1.1,#2f92a1,MC.33.1
KP.3.1.1,#2f92a1,MC.33.1.1
KP.3.1.1,#2f92a1,MC.33.2
KP.3.1.1,#2f92a1,MC.35
KP.3.1.1,#2f92a1,MC.36
KP.3.1.1,#2f92a1,MC.36.1
KP.3.1.1,#2f92a1,MC.36.2
KP.3.1.1,#2f92a1,MC.37
KP.3.1.1,#2f92a1,MC.38
KP.3.1.1,#2f92a1,MC.39
KP.3.1.1,#2f92a1,MC.4
KP.3.1.1,#2f92a1,MC.40
KP.3.1.1,#2f92a1,MC.40.1
KP.3.1.1,#2f92a1,MC.41
KP.3.1.1,#2f92a1,MC.42
KP.3.1.1,#2f92a1,MC.43
KP.3.1.1,#2f92a1,MC.44
KP.3.1.1,#2f92a1,MC.45
KP.3.1.1,#2f92a1,MC.46
KP.3.1.1,#2f92a1,MC.46.1
KP.3.1.1,#2f92a1,MC.5
KP.3.1.1,#2f92a1,MC.6
KP.3.1.1,#2f92a1,MC.6.1
KP.3.1.1,#2f92a1,MC.7
KP.3.1.1,#2f92a1,MC.8
KP.3.1.1,#2f92a1,MC.8.1
KP.3.1.1,#2f92a1,MC.9
KP.3.1.1,#2f92a1,MC.9.1
KP.3.1.1,#2f92a1,MC.9.2
KP.3.1.1,#2f92a1,MC.9.3
JN.1,#660099,MD.1
JN.1,#660099,MD.1.1
JN.1,#660099,MD.1.1.1
JN.1,#660099,MD.1.1.2
JN.1,#660099,MD.1.2
JN.1,#660099,MD.2
JN.1,#660099,MD.3
JN.1,#660099,MD.3.1
JN.1,#660099,MD.3.1.1
JN.1,#660099,MD.3.1.2
JN.1,#660099,MD.3.1.3
JN.1,#660099,MD.3.1.4
JN.1,#660099,MD.4
JN.1,#660099,MD.4.1
JN.1,#660099,ME.1
JN.1,#660099,MF.1
JN.1,#660099,MF.2
KP.1.1,#cbff86,MG.1
KP.1.1,#cbff86,MG.2
KP.1.1,#cbff86,MG.3
KP.1.1,#cbff86,MG.4
LB.1,#795653,MH.1
JN.1,#660099,MJ.1
JN.1,#660099,MJ.1.1
JN.1,#660099,MJ.2
JN.1,#660099,MJ.2.1
JN.1,#660099,MJ.2.1.1
KP.3,#b06589,MK.1
KP.3,#b06589,MK.2
KP.3,#b06589,MK.3
KP.3,#b06589,ML.1
KP.3,#b06589,ML.2
KP.3,#b06589,MM.1
KP.3,#b06589,MM.2
JN.1.18,#4df230,MN.1
BA.2.86,#d771f1,MP.1
BA.2.86,#d771f1,MP.1.1
JN.1.7,#cf15e8,MQ.1
JN.1.7,#cf15e8,MQ.2
KP.3,#b06589,MR.1
KP.3,#b06589,MR.2
JN.1,#660099,MS.1
JN.1.16,#bc3a88,MT.1
JN.1.16,#bc3a88,MT.1.1
KP.1.1,#cbff86,MU.1
KP.1.1,#cbff86,MU.1.1
KP.1.1,#cbff86,MU.2
KP.1.1,#cbff86,MU.2.1
KP.1.1,#cbff86,MU.2.1.1
KP.1.1,#cbff86,MU.3
KP.1.1,#cbff86,MU.4
KP.1.1,#cbff86,MU.5
KP.1.1,#cbff86,MU.6
JN.1,#660099,MV.1
JN.1,#660099,MV.1.1
JN.1,#660099,MV.1.1.1
JN.1,#660099,MV.1.2
JN.1,#660099,MV.1.3
JN.1,#660099,MV.1.3.1
JN.1,#660099,MV.1.3.2
JN.1,#660099,MV.1.4
JN.1,#660099,MV.1.4.1
JN.1,#660099,MV.1.5
JN.1,#660099,MV.1.6
JN.1,#660099,MV.1.7
JN.1,#660099,MV.1.8
JN.1,#660099,MV.1.9
JN.1,#660099,MV.2
JN.1,#660099,MV.3
KP.2.3,#628de8,MW.1
KP.3,#b06589,MY.1
JN.1,#660099,MZ.1
JN.1,#660099,MZ.2
JN.1,#660099,MZ.3
JN.1,#660099,MZ.4
JN.1,#660099,MZ.4.1
JN.1,#660099,MZ.5
Other,#797979,N.1
Other,#797979,N.10
Other,#797979,N.2
Other,#797979,N.3
Other,#797979,N.4
Other,#797979,N.5
Other,#797979,N.6
Other,#797979,N.7
Other,#797979,N.8
Other,#797979,N.9
JN.1,#660099,NA.1
JN.1,#660099,NA.1.1
JN.1,#660099,NA.2
XDV.1,#d367b6,NB.1
XDV.1,#d367b6,NB.1.1
XDV.1,#d367b6,NB.1.1.1
XDV.1,#d367b6,NB.1.10
XDV.1,#d367b6,NB.1.11
XDV.1,#d367b6,NB.1.12
XDV.1,#d367b6,NB.1.13
XDV.1,#d367b6,NB.1.2
XDV.1,#d367b6,NB.1.2.1
XDV.1,#d367b6,NB.1.3
XDV.1,#d367b6,NB.1.3.1
XDV.1,#d367b6,NB.1.4
XDV.1,#d367b6,NB.1.5
XDV.1,#d367b6,NB.1.5.1
XDV.1,#d367b6,NB.1.5.2
XDV.1,#d367b6,NB.1.5.3
XDV.1,#d367b6,NB.1.6
XDV.1,#d367b6,NB.1.6.1
XDV.1,#d367b6,NB.1.7
XDV.1,#d367b6,NB.1.7.1
XDV.1,#d367b6,NB.1.8
NB.1.8.1,#8e1299,NB.1.8.1
XDV.1,#d367b6,NB.1.9
KS.1,#b771bc,NC.1
KS.1,#b771bc,NC.1.1
KS.1,#b771bc,NC.1.2
KS.1,#b771bc,NC.1.2.1
KS.1,#b771bc,NC.1.2.2
KS.1,#b771bc,NC.2
JN.1.16.1,#366298,ND.1
JN.1.16.1,#366298,ND.1.1
JN.1.16.1,#366298,ND.1.1.1
JN.1.16.1,#366298,ND.1.1.2
JN.1.16.1,#366298,ND.1.1.3
JN.1.16.1,#366298,ND.2
JN.1.16.1,#366298,ND.2.1
JN.1.16.1,#366298,ND.3
KP.1.1,#cbff86,NE.1
JN.1.16,#bc3a88,NF.1
JN.1.16,#bc3a88,NF.1.1
JN.1.16,#bc3a88,NF.1.2
JN.1.16,#bc3a88,NF.1.3
JN.1.16,#bc3a88,NF.1.4
JN.1.16,#bc3a88,NF.1.5
KP.2.3,#628de8,NG.1
KP.2,#536B8F,NH.1
KP.2,#536B8F,NH.2
KP.2,#536B8F,NH.3
KP.2,#536B8F,NH.4
JN.1,#660099,NJ.1
KP.2.3,#628de8,NK.1
LB.1.3.1,#67b4bc,NL.1
LB.1.3.1,#67b4bc,NL.1.1
LB.1.3.1,#67b4bc,NL.10
LB.1.3.1,#67b4bc,NL.11
LB.1.3.1,#67b4bc,NL.12
LB.1.3.1,#67b4bc,NL.13
LB.1.3.1,#67b4bc,NL.14
LB.1.3.1,#67b4bc,NL.15
LB.1.3.1,#67b4bc,NL.16
LB.1.3.1,#67b4bc,NL.16.1
LB.1.3.1,#67b4bc,NL.17
LB.1.3.1,#67b4bc,NL.18
LB.1.3.1,#67b4bc,NL.19
LB.1.3.1,#67b4bc,NL.2
LB.1.3.1,#67b4bc,NL.2.1
LB.1.3.1,#67b4bc,NL.20
LB.1.3.1,#67b4bc,NL.21
LB.1.3.1,#67b4bc,NL.22
LB.1.3.1,#67b4bc,NL.22.1
LB.1.3.1,#67b4bc,NL.23
LB.1.3.1,#67b4bc,NL.3
LB.1.3.1,#67b4bc,NL.3.1
LB.1.3.1,#67b4bc,NL.4
LB.1.3.1,#67b4bc,NL.4.1
LB.1.3.1,#67b4bc,NL.4.1.1
LB.1.3.1,#67b4bc,NL.4.2
LB.1.3.1,#67b4bc,NL.5
LB.1.3.1,#67b4bc,NL.5.1
LB.1.3.1,#67b4bc,NL.5.2
LB.1.3.1,#67b4bc,NL.5.2.1
LB.1.3.1,#67b4bc,NL.6
LB.1.3.1,#67b4bc,NL.6.1
LB.1.3.1,#67b4bc,NL.7
LB.1.3.1,#67b4bc,NL.8
LB.1.3.1,#67b4bc,NL.8.1
LB.1.3.1,#67b4bc,NL.9
KP.2.3,#628de8,NM.1
KP.2.3,#628de8,NM.2
KP.2.3,#628de8,NM.3
KP.2.3,#628de8,NN.1
KP.2.3,#628de8,NN.1.1
KP.2.3,#628de8,NN.2
KP.3,#b06589,NP.1
Other,#797979,A
Other,#797979,A.1
Other,#797979,A.11
Other,#797979,A.12
Other,#797979,A.15
Other,#797979,A.16
Other,#797979,A.17
Other,#797979,A.18
Other,#797979,A.19
Other,#797979,A.2
Other,#797979,A.2.2
Other,#797979,A.2.3
Other,#797979,A.2.4
Other,#797979,A.2.5
Other,#797979,A.2.5.1
Other,#797979,A.2.5.2
Other,#797979,A.2.5.3
Other,#797979,A.21
Other,#797979,A.22
Other,#797979,A.23
Other,#797979,A.23.1
Other,#797979,A.24
Other,#797979,A.25
Other,#797979,A.26
Other,#797979,A.27
Other,#797979,A.28
Other,#797979,A.29
Other,#797979,A.3
Other,#797979,A.30
Other,#797979,A.4
Other,#797979,A.5
Other,#797979,A.6
Other,#797979,A.7
Other,#797979,A.9
Other,#797979,AA.1
Other,#797979,AA.2
Other,#797979,AA.3
Other,#797979,AA.4
Other,#797979,AA.5
Other,#797979,AA.6
Other,#797979,AA.7
Other,#797979,AA.8
Other,#797979,AB.1
Other,#797979,AC.1
Other,#797979,AD.1
Other,#797979,AD.2
Other,#797979,AD.2.1
Other,#797979,AE.1
Other,#797979,AE.2
Other,#797979,AE.3
Other,#797979,AE.4
Other,#797979,AE.5
Other,#797979,AE.6
Other,#797979,AE.7
Other,#797979,AE.8
Other,#797979,AF.1
Other,#797979,AG.1
Other,#797979,AH.1
Other,#797979,AH.2
Other,#797979,AH.3
Other,#797979,AJ.1
Other,#797979,AK.1
Other,#797979,AK.2
Other,#797979,AL.1
Other,#797979,AM.1
Other,#797979,AM.2
Other,#797979,AM.3
Other,#797979,AM.4
Other,#797979,AN.1
Other,#797979,AP.1
Other,#797979,AQ.1
Other,#797979,AQ.2
Other,#797979,AS.1
Other,#797979,AS.2
Other,#797979,AT.1
Other,#797979,AU.1
Other,#797979,AU.2
Other,#797979,AU.3
Other,#797979,AV.1
Other,#797979,AW.1
B.1.617.2,#B39DDB,AY.1
B.1.617.2,#B39DDB,AY.10
B.1.617.2,#B39DDB,AY.100
B.1.617.2,#B39DDB,AY.101
B.1.617.2,#B39DDB,AY.102
B.1.617.2,#B39DDB,AY.102.1
B.1.617.2,#B39DDB,AY.102.2
B.1.617.2,#B39DDB,AY.103
B.1.617.2,#B39DDB,AY.103.1
B.1.617.2,#B39DDB,AY.103.2
B.1.617.2,#B39DDB,AY.104
B.1.617.2,#B39DDB,AY.105
B.1.617.2,#B39DDB,AY.106
B.1.617.2,#B39DDB,AY.107
B.1.617.2,#B39DDB,AY.108
B.1.617.2,#B39DDB,AY.109
B.1.617.2,#B39DDB,AY.11
B.1.617.2,#B39DDB,AY.110
B.1.617.2,#B39DDB,AY.111
B.1.617.2,#B39DDB,AY.112
B.1.617.2,#B39DDB,AY.112.1
B.1.617.2,#B39DDB,AY.112.2
B.1.617.2,#B39DDB,AY.112.3
B.1.617.2,#B39DDB,AY.113
B.1.617.2,#B39DDB,AY.114
B.1.617.2,#B39DDB,AY.116
B.1.617.2,#B39DDB,AY.116.1
B.1.617.2,#B39DDB,AY.117
B.1.617.2,#B39DDB,AY.118
B.1.617.2,#B39DDB,AY.119
B.1.617.2,#B39DDB,AY.119.1
B.1.617.2,#B39DDB,AY.119.2
B.1.617.2,#B39DDB,AY.120
B.1.617.2,#B39DDB,AY.120.1
B.1.617.2,#B39DDB,AY.120.2
B.1.617.2,#B39DDB,AY.120.2.1
B.1.617.2,#B39DDB,AY.121
B.1.617.2,#B39DDB,AY.121.1
B.1.617.2,#B39DDB,AY.122
B.1.617.2,#B39DDB,AY.122.1
B.1.617.2,#B39DDB,AY.122.2
B.1.617.2,#B39DDB,AY.122.3
B.1.617.2,#B39DDB,AY.122.4
B.1.617.2,#B39DDB,AY.122.5
B.1.617.2,#B39DDB,AY.122.6
B.1.617.2,#B39DDB,AY.123
B.1.617.2,#B39DDB,AY.123.1
B.1.617.2,#B39DDB,AY.124
B.1.617.2,#B39DDB,AY.124.1
B.1.617.2,#B39DDB,AY.124.1.1
B.1.617.2,#B39DDB,AY.125
B.1.617.2,#B39DDB,AY.125.1
B.1.617.2,#B39DDB,AY.126
B.1.617.2,#B39DDB,AY.127
B.1.617.2,#B39DDB,AY.127.1
B.1.617.2,#B39DDB,AY.127.2
B.1.617.2,#B39DDB,AY.127.3
B.1.617.2,#B39DDB,AY.128
B.1.617.2,#B39DDB,AY.129
B.1.617.2,#B39DDB,AY.13
B.1.617.2,#B39DDB,AY.130
B.1.617.2,#B39DDB,AY.131
B.1.617.2,#B39DDB,AY.132
B.1.617.2,#B39DDB,AY.133
B.1.617.2,#B39DDB,AY.134
B.1.617.2,#B39DDB,AY.14
B.1.617.2,#B39DDB,AY.15
B.1.617.2,#B39DDB,AY.16
B.1.617.2,#B39DDB,AY.16.1
B.1.617.2,#B39DDB,AY.17
B.1.617.2,#B39DDB,AY.18
B.1.617.2,#B39DDB,AY.19
B.1.617.2,#B39DDB,AY.2
B.1.617.2,#B39DDB,AY.20
B.1.617.2,#B39DDB,AY.20.1
B.1.617.2,#B39DDB,AY.21
B.1.617.2,#B39DDB,AY.22
B.1.617.2,#B39DDB,AY.23
B.1.617.2,#B39DDB,AY.23.1
B.1.617.2,#B39DDB,AY.23.2
B.1.617.2,#B39DDB,AY.24
B.1.617.2,#B39DDB,AY.24.1
B.1.617.2,#B39DDB,AY.25
B.1.617.2,#B39DDB,AY.25.1
B.1.617.2,#B39DDB,AY.25.1.1
B.1.617.2,#B39DDB,AY.25.1.2
B.1.617.2,#B39DDB,AY.25.2
B.1.617.2,#B39DDB,AY.25.3
B.1.617.2,#B39DDB,AY.26
B.1.617.2,#B39DDB,AY.26.1
B.1.617.2,#B39DDB,AY.27
B.1.617.2,#B39DDB,AY.28
B.1.617.2,#B39DDB,AY.29
B.1.617.2,#B39DDB,AY.29.1
B.1.617.2,#B39DDB,AY.29.2
B.1.617.2,#B39DDB,AY.3
B.1.617.2,#B39DDB,AY.3.1
B.1.617.2,#B39DDB,AY.3.2
B.1.617.2,#B39DDB,AY.3.3
B.1.617.2,#B39DDB,AY.3.4
B.1.617.2,#B39DDB,AY.30
B.1.617.2,#B39DDB,AY.31
B.1.617.2,#B39DDB,AY.32
B.1.617.2,#B39DDB,AY.33
B.1.617.2,#B39DDB,AY.33.1
B.1.617.2,#B39DDB,AY.33.2
B.1.617.2,#B39DDB,AY.34
B.1.617.2,#B39DDB,AY.34.1
B.1.617.2,#B39DDB,AY.34.1.1
B.1.617.2,#B39DDB,AY.34.2
B.1.617.2,#B39DDB,AY.35
B.1.617.2,#B39DDB,AY.36
B.1.617.2,#B39DDB,AY.36.1
B.1.617.2,#B39DDB,AY.37
B.1.617.2,#B39DDB,AY.38
B.1.617.2,#B39DDB,AY.39
B.1.617.2,#B39DDB,AY.39.1
B.1.617.2,#B39DDB,AY.39.1.1
B.1.617.2,#B39DDB,AY.39.1.2
B.1.617.2,#B39DDB,AY.39.1.3
B.1.617.2,#B39DDB,AY.39.1.4
B.1.617.2,#B39DDB,AY.39.2
B.1.617.2,#B39DDB,AY.39.3
B.1.617.2,#B39DDB,AY.4
B.1.617.2,#B39DDB,AY.4.1
B.1.617.2,#B39DDB,AY.4.10
B.1.617.2,#B39DDB,AY.4.11
B.1.617.2,#B39DDB,AY.4.12
B.1.617.2,#B39DDB,AY.4.13
B.1.617.2,#B39DDB,AY.4.14
B.1.617.2,#B39DDB,AY.4.15
B.1.617.2,#B39DDB,AY.4.16
B.1.617.2,#B39DDB,AY.4.17
B.1.617.2,#B39DDB,AY.4.2
B.1.617.2,#B39DDB,AY.4.2.1
B.1.617.2,#B39DDB,AY.4.2.2
B.1.617.2,#B39DDB,AY.4.2.3
B.1.617.2,#B39DDB,AY.4.2.4
B.1.617.2,#B39DDB,AY.4.2.5
B.1.617.2,#B39DDB,AY.4.3
B.1.617.2,#B39DDB,AY.4.4
B.1.617.2,#B39DDB,AY.4.5
B.1.617.2,#B39DDB,AY.4.6
B.1.617.2,#B39DDB,AY.4.7
B.1.617.2,#B39DDB,AY.4.8
B.1.617.2,#B39DDB,AY.4.9
B.1.617.2,#B39DDB,AY.40
B.1.617.2,#B39DDB,AY.41
B.1.617.2,#B39DDB,AY.42
B.1.617.2,#B39DDB,AY.42.1
B.1.617.2,#B39DDB,AY.43
B.1.617.2,#B39DDB,AY.43.1
B.1.617.2,#B39DDB,AY.43.2
B.1.617.2,#B39DDB,AY.43.3
B.1.617.2,#B39DDB,AY.43.4
B.1.617.2,#B39DDB,AY.43.5
B.1.617.2,#B39DDB,AY.43.6
B.1.617.2,#B39DDB,AY.43.7
B.1.617.2,#B39DDB,AY.43.8
B.1.617.2,#B39DDB,AY.43.9
B.1.617.2,#B39DDB,AY.44
B.1.617.2,#B39DDB,AY.45
B.1.617.2,#B39DDB,AY.46
B.1.617.2,#B39DDB,AY.46.1
B.1.617.2,#B39DDB,AY.46.2
B.1.617.2,#B39DDB,AY.46.3
B.1.617.2,#B39DDB,AY.46.4
B.1.617.2,#B39DDB,AY.46.5
B.1.617.2,#B39DDB,AY.46.6
B.1.617.2,#B39DDB,AY.46.6.1
B.1.617.2,#B39DDB,AY.47
B.1.617.2,#B39DDB,AY.48
B.1.617.2,#B39DDB,AY.49
B.1.617.2,#B39DDB,AY.5
B.1.617.2,#B39DDB,AY.5.1
B.1.617.2,#B39DDB,AY.5.2
B.1.617.2,#B39DDB,AY.5.3
B.1.617.2,#B39DDB,AY.5.4
B.1.617.2,#B39DDB,AY.5.5
B.1.617.2,#B39DDB,AY.5.6
B.1.617.2,#B39DDB,AY.5.7
B.1.617.2,#B39DDB,AY.50
B.1.617.2,#B39DDB,AY.51
B.1.617.2,#B39DDB,AY.52
B.1.617.2,#B39DDB,AY.53
B.1.617.2,#B39DDB,AY.54
B.1.617.2,#B39DDB,AY.55
B.1.617.2,#B39DDB,AY.56
B.1.617.2,#B39DDB,AY.57
B.1.617.2,#B39DDB,AY.58
B.1.617.2,#B39DDB,AY.59
B.1.617.2,#B39DDB,AY.6
B.1.617.2,#B39DDB,AY.60
B.1.617.2,#B39DDB,AY.61
B.1.617.2,#B39DDB,AY.62
B.1.617.2,#B39DDB,AY.63
B.1.617.2,#B39DDB,AY.64
B.1.617.2,#B39DDB,AY.65
B.1.617.2,#B39DDB,AY.66
B.1.617.2,#B39DDB,AY.67
B.1.617.2,#B39DDB,AY.68
B.1.617.2,#B39DDB,AY.69
B.1.617.2,#B39DDB,AY.7
B.1.617.2,#B39DDB,AY.7.1
B.1.617.2,#B39DDB,AY.7.2
B.1.617.2,#B39DDB,AY.70
B.1.617.2,#B39DDB,AY.71
B.1.617.2,#B39DDB,AY.72
B.1.617.2,#B39DDB,AY.73
B.1.617.2,#B39DDB,AY.74
B.1.617.2,#B39DDB,AY.75
B.1.617.2,#B39DDB,AY.75.2
B.1.617.2,#B39DDB,AY.75.3
B.1.617.2,#B39DDB,AY.76
B.1.617.2,#B39DDB,AY.77
B.1.617.2,#B39DDB,AY.78
B.1.617.2,#B39DDB,AY.79
B.1.617.2,#B39DDB,AY.8
B.1.617.2,#B39DDB,AY.80
B.1.617.2,#B39DDB,AY.81
B.1.617.2,#B39DDB,AY.82
B.1.617.2,#B39DDB,AY.83
B.1.617.2,#B39DDB,AY.84
B.1.617.2,#B39DDB,AY.85
B.1.617.2,#B39DDB,AY.86
B.1.617.2,#B39DDB,AY.87
B.1.617.2,#B39DDB,AY.88
B.1.617.2,#B39DDB,AY.9
B.1.617.2,#B39DDB,AY.9.2
B.1.617.2,#B39DDB,AY.9.2.1
B.1.617.2,#B39DDB,AY.9.2.2
B.1.617.2,#B39DDB,AY.90
B.1.617.2,#B39DDB,AY.91
B.1.617.2,#B39DDB,AY.91.1
B.1.617.2,#B39DDB,AY.92
B.1.617.2,#B39DDB,AY.93
B.1.617.2,#B39DDB,AY.94
B.1.617.2,#B39DDB,AY.95
B.1.617.2,#B39DDB,AY.98
B.1.617.2,#B39DDB,AY.98.1
B.1.617.2,#B39DDB,AY.98.1.1
B.1.617.2,#B39DDB,AY.99
B.1.617.2,#B39DDB,AY.99.1
B.1.617.2,#B39DDB,AY.99.2
Other,#797979,AZ.1
Other,#797979,AZ.2
Other,#797979,AZ.2.1
Other,#797979,AZ.3
Other,#797979,AZ.4
Other,#797979,AZ.5
Other,#797979,AZ.6
Other,#797979,B
Other,#797979,B.1
Other,#797979,B.1.1
Other,#797979,B.1.1.1
Other,#797979,B.1.1.10
Other,#797979,B.1.1.100
Other,#797979,B.1.1.101
Other,#797979,B.1.1.107
Other,#797979,B.1.1.109
Other,#797979,B.1.1.110
Other,#797979,B.1.1.111
Other,#797979,B.1.1.112
Other,#797979,B.1.1.113
Other,#797979,B.1.1.114
Other,#797979,B.1.1.115
Other,#797979,B.1.1.116
Other,#797979,B.1.1.117
Other,#797979,B.1.1.118
Other,#797979,B.1.1.119
Other,#797979,B.1.1.12
Other,#797979,B.1.1.120
Other,#797979,B.1.1.121
Other,#797979,B.1.1.122
Other,#797979,B.1.1.123
Other,#797979,B.1.1.125
Other,#797979,B.1.1.127
Other,#797979,B.1.1.128
Other,#797979,B.1.1.129
Other,#797979,B.1.1.13
Other,#797979,B.1.1.130
Other,#797979,B.1.1.132
Other,#797979,B.1.1.133
Other,#797979,B.1.1.134
Other,#797979,B.1.1.135
Other,#797979,B.1.1.136
Other,#797979,B.1.1.137
Other,#797979,B.1.1.138
Other,#797979,B.1.1.139
Other,#797979,B.1.1.14
Other,#797979,B.1.1.141
Other,#797979,B.1.1.142
Other,#797979,B.1.1.144
Other,#797979,B.1.1.145
Other,#797979,B.1.1.147
Other,#797979,B.1.1.148
Other,#797979,B.1.1.149
Other,#797979,B.1.1.15
Other,#797979,B.1.1.152
Other,#797979,B.1.1.153
Other,#797979,B.1.1.154
Other,#797979,B.1.1.155
Other,#797979,B.1.1.157
Other,#797979,B.1.1.158
Other,#797979,B.1.1.159
Other,#797979,B.1.1.16
Other,#797979,B.1.1.160
Other,#797979,B.1.1.161
Other,#797979,B.1.1.162
Other,#797979,B.1.1.163
Other,#797979,B.1.1.164
Other,#797979,B.1.1.165
Other,#797979,B.1.1.166
Other,#797979,B.1.1.168
Other,#797979,B.1.1.169
Other,#797979,B.1.1.17
Other,#797979,B.1.1.170
Other,#797979,B.1.1.171
Other,#797979,B.1.1.172
Other,#797979,B.1.1.174
Other,#797979,B.1.1.175
Other,#797979,B.1.1.176
Other,#797979,B.1.1.177
Other,#797979,B.1.1.178
Other,#797979,B.1.1.180
Other,#797979,B.1.1.181
Other,#797979,B.1.1.182
Other,#797979,B.1.1.184
Other,#797979,B.1.1.185
Other,#797979,B.1.1.186
Other,#797979,B.1.1.187
Other,#797979,B.1.1.189
Other,#797979,B.1.1.190
Other,#797979,B.1.1.191
Other,#797979,B.1.1.192
Other,#797979,B.1.1.193
Other,#797979,B.1.1.194
Other,#797979,B.1.1.196
Other,#797979,B.1.1.197
Other,#797979,B.1.1.198
Other,#797979,B.1.1.200
Other,#797979,B.1.1.201
Other,#797979,B.1.1.202
Other,#797979,B.1.1.203
Other,#797979,B.1.1.204
Other,#797979,B.1.1.205
Other,#797979,B.1.1.207
Other,#797979,B.1.1.208
Other,#797979,B.1.1.209
Other,#797979,B.1.1.210
Other,#797979,B.1.1.213
Other,#797979,B.1.1.214
Other,#797979,B.1.1.216
Other,#797979,B.1.1.217
Other,#797979,B.1.1.218
Other,#797979,B.1.1.219
Other,#797979,B.1.1.220
Other,#797979,B.1.1.221
Other,#797979,B.1.1.222
Other,#797979,B.1.1.224
Other,#797979,B.1.1.225
Other,#797979,B.1.1.226
Other,#797979,B.1.1.227
Other,#797979,B.1.1.228
Other,#797979,B.1.1.229
Other,#797979,B.1.1.230
Other,#797979,B.1.1.231
Other,#797979,B.1.1.232
Other,#797979,B.1.1.234
Other,#797979,B.1.1.236
Other,#797979,B.1.1.237
Other,#797979,B.1.1.239
Other,#797979,B.1.1.240
Other,#797979,B.1.1.241
Other,#797979,B.1.1.242
Other,#797979,B.1.1.243
Other,#797979,B.1.1.244
Other,#797979,B.1.1.249
Other,#797979,B.1.1.25
Other,#797979,B.1.1.251
Other,#797979,B.1.1.253
Other,#797979,B.1.1.254
Other,#797979,B.1.1.255
Other,#797979,B.1.1.256
Other,#797979,B.1.1.257
Other,#797979,B.1.1.258
Other,#797979,B.1.1.26
Other,#797979,B.1.1.261
Other,#797979,B.1.1.262
Other,#797979,B.1.1.263
Other,#797979,B.1.1.265
Other,#797979,B.1.1.266
Other,#797979,B.1.1.267
Other,#797979,B.1.1.268
Other,#797979,B.1.1.269
Other,#797979,B.1.1.27
Other,#797979,B.1.1.270
Other,#797979,B.1.1.271
Other,#797979,B.1.1.272
Other,#797979,B.1.1.273
Other,#797979,B.1.1.274
Other,#797979,B.1.1.275
Other,#797979,B.1.1.277
Other,#797979,B.1.1.279
Other,#797979,B.1.1.28
Other,#797979,B.1.1.280
Other,#797979,B.1.1.282
Other,#797979,B.1.1.283
Other,#797979,B.1.1.284
Other,#797979,B.1.1.285
Other,#797979,B.1.1.286
Other,#797979,B.1.1.288
Other,#797979,B.1.1.289
Other,#797979,B.1.1.29
Other,#797979,B.1.1.290
Other,#797979,B.1.1.291
Other,#797979,B.1.1.294
Other,#797979,B.1.1.296
Other,#797979,B.1.1.297
Other,#797979,B.1.1.298
Other,#797979,B.1.1.299
Other,#797979,B.1.1.3
Other,#797979,B.1.1.30
Other,#797979,B.1.1.300
Other,#797979,B.1.1.301
Other,#797979,B.1.1.302
Other,#797979,B.1.1.303
Other,#797979,B.1.1.304
Other,#797979,B.1.1.305
Other,#797979,B.1.1.306
Other,#797979,B.1.1.307
Other,#797979,B.1.1.308
Other,#797979,B.1.1.309
Other,#797979,B.1.1.31
Other,#797979,B.1.1.310
Other,#797979,B.1.1.311
Other,#797979,B.1.1.312
Other,#797979,B.1.1.315
Other,#797979,B.1.1.316
Other,#797979,B.1.1.317
Other,#797979,B.1.1.318
Other,#797979,B.1.1.319
Other,#797979,B.1.1.320
Other,#797979,B.1.1.322
Other,#797979,B.1.1.323
Other,#797979,B.1.1.324
Other,#797979,B.1.1.325
Other,#797979,B.1.1.326
Other,#797979,B.1.1.327
Other,#797979,B.1.1.328
Other,#797979,B.1.1.329
Other,#797979,B.1.1.33
Other,#797979,B.1.1.330
Other,#797979,B.1.1.331
Other,#797979,B.1.1.332
Other,#797979,B.1.1.333
Other,#797979,B.1.1.334
Other,#797979,B.1.1.335
Other,#797979,B.1.1.336
Other,#797979,B.1.1.337
Other,#797979,B.1.1.338
Other,#797979,B.1.1.339
Other,#797979,B.1.1.34
Other,#797979,B.1.1.340
Other,#797979,B.1.1.341
Other,#797979,B.1.1.342
Other,#797979,B.1.1.343
Other,#797979,B.1.1.344
Other,#797979,B.1.1.345
Other,#797979,B.1.1.346
Other,#797979,B.1.1.347
Other,#797979,B.1.1.348
Other,#797979,B.1.1.349
Other,#797979,B.1.1.350
Other,#797979,B.1.1.351
Other,#797979,B.1.1.352
Other,#797979,B.1.1.353
Other,#797979,B.1.1.354
Other,#797979,B.1.1.355
Other,#797979,B.1.1.356
Other,#797979,B.1.1.357
Other,#797979,B.1.1.358
Other,#797979,B.1.1.359
Other,#797979,B.1.1.360
Other,#797979,B.1.1.361
Other,#797979,B.1.1.362
Other,#797979,B.1.1.363
Other,#797979,B.1.1.364
Other,#797979,B.1.1.365
Other,#797979,B.1.1.366
Other,#797979,B.1.1.367
Other,#797979,B.1.1.368
Other,#797979,B.1.1.369
Other,#797979,B.1.1.37
Other,#797979,B.1.1.370
Other,#797979,B.1.1.371
Other,#797979,B.1.1.372
Other,#797979,B.1.1.373
Other,#797979,B.1.1.374
Other,#797979,B.1.1.375
Other,#797979,B.1.1.376
Other,#797979,B.1.1.377
Other,#797979,B.1.1.378
Other,#797979,B.1.1.379
Other,#797979,B.1.1.38
Other,#797979,B.1.1.380
Other,#797979,B.1.1.381
Other,#797979,B.1.1.382
Other,#797979,B.1.1.383
Other,#797979,B.1.1.384
Other,#797979,B.1.1.385
Other,#797979,B.1.1.386
Other,#797979,B.1.1.387
Other,#797979,B.1.1.388
Other,#797979,B.1.1.389
Other,#797979,B.1.1.39
Other,#797979,B.1.1.391
Other,#797979,B.1.1.392
Other,#797979,B.1.1.393
Other,#797979,B.1.1.394
Other,#797979,B.1.1.395
Other,#797979,B.1.1.396
Other,#797979,B.1.1.397
Other,#797979,B.1.1.398
Other,#797979,B.1.1.399
Other,#797979,B.1.1.4
Other,#797979,B.1.1.40
Other,#797979,B.1.1.400
Other,#797979,B.1.1.401
Other,#797979,B.1.1.402
Other,#797979,B.1.1.403
Other,#797979,B.1.1.404
Other,#797979,B.1.1.405
Other,#797979,B.1.1.406
Other,#797979,B.1.1.407
Other,#797979,B.1.1.408
Other,#797979,B.1.1.409
Other,#797979,B.1.1.41
Other,#797979,B.1.1.410
Other,#797979,B.1.1.411
Other,#797979,B.1.1.412
Other,#797979,B.1.1.413
Other,#797979,B.1.1.414
Other,#797979,B.1.1.415
Other,#797979,B.1.1.416
Other,#797979,B.1.1.417
Other,#797979,B.1.1.418
Other,#797979,B.1.1.419
Other,#797979,B.1.1.420
Other,#797979,B.1.1.421
Other,#797979,B.1.1.422
Other,#797979,B.1.1.423
Other,#797979,B.1.1.424
Other,#797979,B.1.1.425
Other,#797979,B.1.1.426
Other,#797979,B.1.1.427
Other,#797979,B.1.1.428
Other,#797979,B.1.1.429
Other,#797979,B.1.1.43
Other,#797979,B.1.1.430
Other,#797979,B.1.1.431
Other,#797979,B.1.1.432
Other,#797979,B.1.1.433
Other,#797979,B.1.1.434
Other,#797979,B.1.1.435
Other,#797979,B.1.1.436
Other,#797979,B.1.1.437
Other,#797979,B.1.1.438
Other,#797979,B.1.1.44
Other,#797979,B.1.1.440
Other,#797979,B.1.1.441
Other,#797979,B.1.1.442
Other,#797979,B.1.1.444
Other,#797979,B.1.1.445
Other,#797979,B.1.1.446
Other,#797979,B.1.1.447
Other,#797979,B.1.1.448
Other,#797979,B.1.1.449
Other,#797979,B.1.1.45
Other,#797979,B.1.1.450
Other,#797979,B.1.1.451
Other,#797979,B.1.1.452
Other,#797979,B.1.1.453
Other,#797979,B.1.1.456
Other,#797979,B.1.1.458
Other,#797979,B.1.1.459
Other,#797979,B.1.1.46
Other,#797979,B.1.1.461
Other,#797979,B.1.1.462
Other,#797979,B.1.1.463
Other,#797979,B.1.1.464
Other,#797979,B.1.1.465
Other,#797979,B.1.1.466
Other,#797979,B.1.1.467
Other,#797979,B.1.1.47
Other,#797979,B.1.1.48
Other,#797979,B.1.1.480
Other,#797979,B.1.1.481
Other,#797979,B.1.1.482
Other,#797979,B.1.1.483
Other,#797979,B.1.1.484
Other,#797979,B.1.1.485
Other,#797979,B.1.1.486
Other,#797979,B.1.1.487
Other,#797979,B.1.1.49
Other,#797979,B.1.1.5
Other,#797979,B.1.1.50
Other,#797979,B.1.1.500
Other,#797979,B.1.1.506
Other,#797979,B.1.1.507
Other,#797979,B.1.1.51
Other,#797979,B.1.1.512
Other,#797979,B.1.1.513
Other,#797979,B.1.1.514
Other,#797979,B.1.1.515
Other,#797979,B.1.1.516
Other,#797979,B.1.1.517
Other,#797979,B.1.1.518
Other,#797979,B.1.1.519
Other,#797979,B.1.1.52
Other,#797979,B.1.1.521
Other,#797979,B.1.1.522
Other,#797979,B.1.1.523
Other,#797979,B.1.1.524
Other,#797979,B.1.1.525
Other,#797979,B.1.1.526
Other,#797979,B.1.1.528
B.1.1.529,#E26028,B.1.1.529
Other,#797979,B.1.1.53
Other,#797979,B.1.1.54
Other,#797979,B.1.1.55
Other,#797979,B.1.1.56
Other,#797979,B.1.1.57
Other,#797979,B.1.1.58
Other,#797979,B.1.1.59
Other,#797979,B.1.1.61
Other,#797979,B.1.1.62
Other,#797979,B.1.1.63
Other,#797979,B.1.1.67
Other,#797979,B.1.1.7
Other,#797979,B.1.1.70
Other,#797979,B.1.1.71
Other,#797979,B.1.1.72
Other,#797979,B.1.1.74
Other,#797979,B.1.1.75
Other,#797979,B.1.1.77
Other,#797979,B.1.1.8
Other,#797979,B.1.1.82
Other,#797979,B.1.1.83
Other,#797979,B.1.1.84
Other,#797979,B.1.1.86
Other,#797979,B.1.1.87
Other,#797979,B.1.1.88
Other,#797979,B.1.1.89
Other,#797979,B.1.1.90
Other,#797979,B.1.1.91
Other,#797979,B.1.1.92
Other,#797979,B.1.1.93
Other,#797979,B.1.1.95
Other,#797979,B.1.1.97
Other,#797979,B.1.1.98
Other,#797979,B.1.1.99
Other,#797979,B.1.103
Other,#797979,B.1.104
Other,#797979,B.1.105
Other,#797979,B.1.106
Other,#797979,B.1.108
Other,#797979,B.1.110
Other,#797979,B.1.110.1
Other,#797979,B.1.110.2
Other,#797979,B.1.110.3
Other,#797979,B.1.111
Other,#797979,B.1.112
Other,#797979,B.1.113
Other,#797979,B.1.115
Other,#797979,B.1.116
Other,#797979,B.1.117
Other,#797979,B.1.118
Other,#797979,B.1.119
Other,#797979,B.1.12
Other,#797979,B.1.120
Other,#797979,B.1.124
Other,#797979,B.1.126
Other,#797979,B.1.127
Other,#797979,B.1.128
Other,#797979,B.1.13
Other,#797979,B.1.131
Other,#797979,B.1.134
Other,#797979,B.1.137
Other,#797979,B.1.139
Other,#797979,B.1.14
Other,#797979,B.1.140
Other,#797979,B.1.142
Other,#797979,B.1.143
Other,#797979,B.1.145
Other,#797979,B.1.146
Other,#797979,B.1.147
Other,#797979,B.1.149
Other,#797979,B.1.151
Other,#797979,B.1.153
Other,#797979,B.1.157
Other,#797979,B.1.158
Other,#797979,B.1.159
Other,#797979,B.1.160
Other,#797979,B.1.160.10
Other,#797979,B.1.160.11
Other,#797979,B.1.160.12
Other,#797979,B.1.160.13
Other,#797979,B.1.160.14
Other,#797979,B.1.160.15
Other,#797979,B.1.160.16
Other,#797979,B.1.160.17
Other,#797979,B.1.160.18
Other,#797979,B.1.160.19
Other,#797979,B.1.160.20
Other,#797979,B.1.160.21
Other,#797979,B.1.160.22
Other,#797979,B.1.160.23
Other,#797979,B.1.160.24
Other,#797979,B.1.160.25
Other,#797979,B.1.160.26
Other,#797979,B.1.160.27
Other,#797979,B.1.160.28
Other,#797979,B.1.160.29
Other,#797979,B.1.160.30
Other,#797979,B.1.160.31
Other,#797979,B.1.160.32
Other,#797979,B.1.160.33
Other,#797979,B.1.160.7
Other,#797979,B.1.160.8
Other,#797979,B.1.160.9
Other,#797979,B.1.161
Other,#797979,B.1.162
Other,#797979,B.1.163
Other,#797979,B.1.164
Other,#797979,B.1.165
Other,#797979,B.1.166
Other,#797979,B.1.167
Other,#797979,B.1.168
Other,#797979,B.1.169
Other,#797979,B.1.170
Other,#797979,B.1.173
Other,#797979,B.1.177
Other,#797979,B.1.177.10
Other,#797979,B.1.177.11
Other,#797979,B.1.177.12
Other,#797979,B.1.177.14
Other,#797979,B.1.177.15
Other,#797979,B.1.177.16
Other,#797979,B.1.177.17
Other,#797979,B.1.177.18
Other,#797979,B.1.177.19
Other,#797979,B.1.177.2
Other,#797979,B.1.177.20
Other,#797979,B.1.177.21
Other,#797979,B.1.177.23
Other,#797979,B.1.177.24
Other,#797979,B.1.177.25
Other,#797979,B.1.177.26
Other,#797979,B.1.177.27
Other,#797979,B.1.177.28
Other,#797979,B.1.177.29
Other,#797979,B.1.177.3
Other,#797979,B.1.177.30
Other,#797979,B.1.177.31
Other,#797979,B.1.177.32
Other,#797979,B.1.177.33
Other,#797979,B.1.177.34
Other,#797979,B.1.177.35
Other,#797979,B.1.177.36
Other,#797979,B.1.177.37
Other,#797979,B.1.177.38
Other,#797979,B.1.177.39
Other,#797979,B.1.177.4
Other,#797979,B.1.177.40
Other,#797979,B.1.177.41
Other,#797979,B.1.177.42
Other,#797979,B.1.177.43
Other,#797979,B.1.177.44
Other,#797979,B.1.177.45
Other,#797979,B.1.177.46
Other,#797979,B.1.177.47
Other,#797979,B.1.177.48
Other,#797979,B.1.177.49
Other,#797979,B.1.177.5
Other,#797979,B.1.177.50
Other,#797979,B.1.177.51
Other,#797979,B.1.177.52
Other,#797979,B.1.177.53
Other,#797979,B.1.177.54
Other,#797979,B.1.177.55
Other,#797979,B.1.177.56
Other,#797979,B.1.177.57
Other,#797979,B.1.177.58
Other,#797979,B.1.177.59
Other,#797979,B.1.177.6
Other,#797979,B.1.177.60
Other,#797979,B.1.177.61
Other,#797979,B.1.177.62
Other,#797979,B.1.177.63
Other,#797979,B.1.177.64
Other,#797979,B.1.177.65
Other,#797979,B.1.177.66
Other,#797979,B.1.177.67
Other,#797979,B.1.177.68
Other,#797979,B.1.177.69
Other,#797979,B.1.177.7
Other,#797979,B.1.177.70
Other,#797979,B.1.177.71
Other,#797979,B.1.177.72
Other,#797979,B.1.177.73
Other,#797979,B.1.177.74
Other,#797979,B.1.177.75
Other,#797979,B.1.177.76
Other,#797979,B.1.177.77
Other,#797979,B.1.177.78
Other,#797979,B.1.177.8
Other,#797979,B.1.177.80
Other,#797979,B.1.177.81
Other,#797979,B.1.177.82
Other,#797979,B.1.177.83
Other,#797979,B.1.177.84
Other,#797979,B.1.177.85
Other,#797979,B.1.177.86
Other,#797979,B.1.177.87
Other,#797979,B.1.177.88
Other,#797979,B.1.177.89
Other,#797979,B.1.177.9
Other,#797979,B.1.178
Other,#797979,B.1.179
Other,#797979,B.1.180
Other,#797979,B.1.181
Other,#797979,B.1.182
Other,#797979,B.1.184
Other,#797979,B.1.187
Other,#797979,B.1.188
Other,#797979,B.1.189
Other,#797979,B.1.190
Other,#797979,B.1.192
Other,#797979,B.1.194
Other,#797979,B.1.195
Other,#797979,B.1.198
Other,#797979,B.1.199
Other,#797979,B.1.2
Other,#797979,B.1.201
Other,#797979,B.1.203
Other,#797979,B.1.205
Other,#797979,B.1.206
Other,#797979,B.1.208
Other,#797979,B.1.210
Other,#797979,B.1.211
Other,#797979,B.1.212
Other,#797979,B.1.213
Other,#797979,B.1.214
Other,#797979,B.1.214.1
Other,#797979,B.1.214.2
Other,#797979,B.1.214.3
Other,#797979,B.1.214.4
Other,#797979,B.1.215
Other,#797979,B.1.218
Other,#797979,B.1.219
Other,#797979,B.1.22
Other,#797979,B.1.22.1
Other,#797979,B.1.220
Other,#797979,B.1.221
Other,#797979,B.1.221.1
Other,#797979,B.1.221.2
Other,#797979,B.1.221.3
Other,#797979,B.1.221.4
Other,#797979,B.1.222
Other,#797979,B.1.223
Other,#797979,B.1.224
Other,#797979,B.1.225
Other,#797979,B.1.227
Other,#797979,B.1.229
Other,#797979,B.1.23
Other,#797979,B.1.231
Other,#797979,B.1.232
Other,#797979,B.1.233
Other,#797979,B.1.234
Other,#797979,B.1.235
Other,#797979,B.1.236
Other,#797979,B.1.237
Other,#797979,B.1.238
Other,#797979,B.1.239
Other,#797979,B.1.240
Other,#797979,B.1.240.1
Other,#797979,B.1.240.2
Other,#797979,B.1.241
Other,#797979,B.1.242
Other,#797979,B.1.243
Other,#797979,B.1.243.1
Other,#797979,B.1.243.2
Other,#797979,B.1.245
Other,#797979,B.1.247
Other,#797979,B.1.248
Other,#797979,B.1.249
Other,#797979,B.1.250
Other,#797979,B.1.251
Other,#797979,B.1.252
Other,#797979,B.1.254
Other,#797979,B.1.256
Other,#797979,B.1.258
Other,#797979,B.1.258.10
Other,#797979,B.1.258.11
Other,#797979,B.1.258.12
Other,#797979,B.1.258.14
Other,#797979,B.1.258.15
Other,#797979,B.1.258.16
Other,#797979,B.1.258.17
Other,#797979,B.1.258.18
Other,#797979,B.1.258.19
Other,#797979,B.1.258.2
Other,#797979,B.1.258.20
Other,#797979,B.1.258.21
Other,#797979,B.1.258.22
Other,#797979,B.1.258.23
Other,#797979,B.1.258.24
Other,#797979,B.1.258.3
Other,#797979,B.1.258.4
Other,#797979,B.1.258.5
Other,#797979,B.1.258.6
Other,#797979,B.1.258.7
Other,#797979,B.1.258.9
Other,#797979,B.1.260
Other,#797979,B.1.263
Other,#797979,B.1.264
Other,#797979,B.1.264.1
Other,#797979,B.1.265
Other,#797979,B.1.267
Other,#797979,B.1.268
Other,#797979,B.1.270
Other,#797979,B.1.273
Other,#797979,B.1.274
Other,#797979,B.1.276
Other,#797979,B.1.277
Other,#797979,B.1.279
Other,#797979,B.1.280
Other,#797979,B.1.281
Other,#797979,B.1.282
Other,#797979,B.1.284
Other,#797979,B.1.285
Other,#797979,B.1.287
Other,#797979,B.1.289
