lineage,clinical_count,clinical_adjusted_pct,clinical_first_detection_date,ww_count_0.01,ww_adjusted_pct_0.01,ww_first_detection_date_0.01,ww_count_0.02,ww_adjusted_pct_0.02,ww_first_detection_date_0.02,ww_count_0.04,ww_adjusted_pct_0.04,ww_first_detection_date_0.04,ww_count_0.08,ww_adjusted_pct_0.08,ww_first_detection_date_0.08,ww_count_0.16,ww_adjusted_pct_0.16,ww_first_detection_date_0.16,ww_count_0.32,ww_adjusted_pct_0.32,ww_first_detection_date_0.32
A.15,0,0.0,,1,8.716581925180292e-05,2024-01-03,0,0.0,,0,0.0,,0,0.0,,0,0.0,,0,0.0,
AG.1,0,0.0,,1,8.229280081118687e-05,2023-12-26,0,0.0,,0,0.0,,0,0.0,,0,0.0,,0,0.0,
AY.1,0,0.0,,1,0.0012662627186901033,2023-09-28,1,0.001340153525913943,2023-09-28,1,0.001485567481777746,2023-09-28,1,0.0018085450826180567,2023-09-28,1,0.002568069792700837,2023-09-28,0,0.0,
AY.103,0,0.0,,2,0.0011726668469380288,2023-09-28,2,0.0012410960114754804,2023-09-28,2,0.001375761687568345,2023-09-28,2,0.0016748663829990156,2023-09-28,0,0.0,,0,0.0,
AY.104,0,0.0,,2,0.00042845809278089527,2025-02-26,1,0.00035055573090708795,2025-03-04,1,0.00038859293679151274,2025-03-04,0,0.0,,0,0.0,,0,0.0,
AY.107,0,0.0,,1,9.741989281630159e-05,2023-06-28,0,0.0,,0,0.0,,0,0.0,,0,0.0,,0,0.0,
AY.112,0,0.0,,1,7.712075021667003e-05,2025-03-05,0,0.0,,0,0.0,,0,0.0,,0,0.0,,0,0.0,
AY.116,0,0.0,,1,7.360602935770691e-05,2023-04-25,0,0.0,,0,0.0,,0,0.0,,0,0.0,,0,0.0,
AY.118,0,0.0,,1,0.00011228081043187859,2025-03-04,0,0.0,,0,0.0,,0,0.0,,0,0.0,,0,0.0,
AY.126,0,0.0,,6,0.0017275127278143319,2023-07-05,3,0.0015357020661737508,2023-09-06,2,0.001515817188067932,2023-09-28,1,0.0014251275075632683,2023-09-28,0,0.0,,0,0.0,
AY.127,0,0.0,,1,9.635738135940869e-05,2025-02-26,0,0.0,,0,0.0,,0,0.0,,0,0.0,,0,0.0,
AY.129,0,0.0,,1,0.00010169279333884342,2024-03-07,0,0.0,,0,0.0,,0,0.0,,0,0.0,,0,0.0,
AY.20,0,0.0,,1,0.00010513610155671104,2025-03-05,0,0.0,,0,0.0,,0,0.0,,0,0.0,,0,0.0,
AY.25,0,0.0,,2,0.0011637739195113678,2023-06-28,2,0.0012316841509897947,2023-06-28,2,0.0013653285889641917,2023-06-28,2,0.0016621650217963386,2023-06-28,0,0.0,,0,0.0,
AY.25.1.1,0,0.0,,1,0.0009108755241771473,2023-08-09,1,0.000964028259994492,2023-08-09,1,0.0010686305761766603,2023-08-09,1,0.0013009618192280433,2023-08-09,0,0.0,,0,0.0,
AY.25.3,0,0.0,,1,0.00042763757610871637,2024-05-02,1,0.0004525917070576293,2024-05-02,1,0.0005017003720290689,2024-05-02,0,0.0,,0,0.0,,0,0.0,
AY.3,0,0.0,,1,0.00011745657077398479,2023-04-25,0,0.0,,0,0.0,,0,0.0,,0,0.0,,0,0.0,
AY.3.3,0,0.0,,1,0.00131559580332503,2023-03-02,1,0.0013923653665863906,2023-03-02,1,0.001543444591502061,2023-03-02,1,0.0018790052693628521,2023-03-02,1,0.002668120755713288,2023-03-02,0,0.0,
AY.32,0,0.0,,2,0.00032291630382708884,2025-02-26,1,0.00025728827536487174,2025-03-04,0,0.0,,0,0.0,,0,0.0,,0,0.0,
AY.39,0,0.0,,1,0.00020440709217461862,2024-03-07,1,0.00021633495265738215,2024-03-07,0,0.0,,0,0.0,,0,0.0,,0,0.0,
AY.44,0,0.0,,1,0.0017389441825200083,2023-04-27,1,0.0018404175872622117,2023-04-27,1,0.002040112918155442,2023-04-27,1,0.0024836543821626276,2023-04-27,1,0.0035267010237355,2023-04-27,0,0.0,
AY.45,0,0.0,,4,0.0009623207801002826,2025-03-02,3,0.0009286648288609005,2025-03-03,2,0.000846626576483208,2025-03-03,0,0.0,,0,0.0,,0,0.0,
AY.88,0,0.0,,2,0.0001563956713638995,2025-02-26,0,0.0,,0,0.0,,0,0.0,,0,0.0,,0,0.0,
AY.98,0,0.0,,1,9.43912151370394e-05,2025-03-05,0,0.0,,0,0.0,,0,0.0,,0,0.0,,0,0.0,
B,1,0.0012134891453395948,2024-01-01,0,0.0,,0,0.0,,0,0.0,,0,0.0,,0,0.0,,0,0.0,
B.1,0,0.0,,1,0.0003134828131802616,2024-09-29,1,0.0003317756190686411,2024-09-29,1,0.00036777508054454313,2024-09-29,0,0.0,,0,0.0,,0,0.0,
B.1.1.101,0,0.0,,1,0.00015464407429228002,2023-05-08,1,0.00016366809064621686,2023-05-08,0,0.0,,0,0.0,,0,0.0,,0,0.0,
B.1.1.119,0,0.0,,1,0.0003727572264088043,2023-06-20,1,0.00039450889922624193,2023-06-20,1,0.00043731526323654413,2023-06-20,0,0.0,,0,0.0,,0,0.0,
B.1.1.125,0,0.0,,1,0.00010191604064913265,2023-06-22,0,0.0,,0,0.0,,0,0.0,,0,0.0,,0,0.0,
B.1.1.128,0,0.0,,1,8.832710273826296e-05,2023-12-27,0,0.0,,0,0.0,,0,0.0,,0,0.0,,0,0.0,
B.1.1.134,0,0.0,,1,9.999293399699719e-05,2024-03-07,0,0.0,,0,0.0,,0,0.0,,0,0.0,,0,0.0,
B.1.1.144,0,0.0,,1,0.00012739538203887914,2025-03-04,0,0.0,,0,0.0,,0,0.0,,0,0.0,,0,0.0,
B.1.1.160,0,0.0,,1,0.00026765828857347966,2023-06-22,1,0.0002832770750313996,2023-06-22,1,0.0003140141803624856,2023-06-22,0,0.0,,0,0.0,,0,0.0,
B.1.1.161,0,0.0,,3,0.005139194486291115,2023-05-18,1,0.0052883441651722825,2025-09-30,1,0.005862158306729331,2025-09-30,1,0.007136651622501033,2025-09-30,1,0.01013379186890021,2025-09-30,1,0.017898038119506313,2025-09-30
B.1.1.168,0,0.0,,1,0.0003772682794774855,2024-04-21,1,0.0003992831878366117,2024-04-21,1,0.0004426075881612951,2024-04-21,0,0.0,,0,0.0,,0,0.0,
B.1.1.169,0,0.0,,1,0.00013801122223883465,2023-04-17,1,0.00014606465417413273,2023-04-17,0,0.0,,0,0.0,,0,0.0,,0,0.0,
B.1.1.178,0,0.0,,3,0.000411057919185883,2023-12-04,2,0.00035445671508062206,2023-12-04,0,0.0,,0,0.0,,0,0.0,,0,0.0,
B.1.1.185,0,0.0,,2,0.00029275671838038846,2023-07-31,1,0.0002232829672439606,2023-12-28,0,0.0,,0,0.0,,0,0.0,,0,0.0,
B.1.1.192,0,0.0,,1,8.385486952828484e-05,2024-07-14,0,0.0,,0,0.0,,0,0.0,,0,0.0,,0,0.0,
B.1.1.197,0,0.0,,3,0.0008817818287074659,2023-08-02,2,0.0008371943921064602,2023-08-02,1,0.0007472937505132752,2023-08-02,1,0.0009097630732631957,2023-08-02,0,0.0,,0,0.0,
B.1.1.203,0,0.0,,2,0.0002174726244479229,2023-08-02,1,0.0001593437052608932,2023-08-02,0,0.0,,0,0.0,,0,0.0,,0,0.0,
B.1.1.208,0,0.0,,1,9.600826761305134e-05,2024-07-14,0,0.0,,0,0.0,,0,0.0,,0,0.0,,0,0.0,
B.1.1.216,0,0.0,,1,0.00021369537270151876,2023-07-02,1,0.00022616523646347867,2023-07-02,0,0.0,,0,0.0,,0,0.0,,0,0.0,
B.1.1.220,0,0.0,,1,0.00022117654243394418,2023-07-13,1,0.00023408295831289235,2023-07-13,0,0.0,,0,0.0,,0,0.0,,0,0.0,
B.1.1.237,0,0.0,,1,9.238397670921631e-05,2025-03-04,0,0.0,,0,0.0,,0,0.0,,0,0.0,,0,0.0,
B.1.1.253,0,0.0,,2,0.00014343937790800373,2023-07-02,0,0.0,,0,0.0,,0,0.0,,0,0.0,,0,0.0,
B.1.1.254,0,0.0,,1,0.00016561373166857222,2023-03-27,1,0.00017527786545354398,2023-03-27,0,0.0,,0,0.0,,0,0.0,,0,0.0,
B.1.1.26,0,0.0,,1,9.137307049111134e-05,2023-08-07,0,0.0,,0,0.0,,0,0.0,,0,0.0,,0,0.0,
B.1.1.270,0,0.0,,1,0.0001090843329196898,2023-11-05,0,0.0,,0,0.0,,0,0.0,,0,0.0,,0,0.0,
B.1.1.309,0,0.0,,2,0.0005710197841565482,2025-03-04,2,0.0006043407626307128,2025-03-04,1,0.0004344043912656263,2025-03-04,0,0.0,,0,0.0,,0,0.0,
B.1.1.324,0,0.0,,3,0.0004182120349210093,2023-04-04,1,0.0002555028249162158,2024-07-14,0,0.0,,0,0.0,,0,0.0,,0,0.0,
B.1.1.344,0,0.0,,1,6.916367286492181e-05,2024-09-29,0,0.0,,0,0.0,,0,0.0,,0,0.0,,0,0.0,
B.1.1.349,0,0.0,,1,7.682251300868126e-05,2023-12-28,0,0.0,,0,0.0,,0,0.0,,0,0.0,,0,0.0,
B.1.1.360,0,0.0,,2,0.0002206868557521466,2023-12-05,1,0.00016305041144835857,2023-12-28,0,0.0,,0,0.0,,0,0.0,,0,0.0,
B.1.1.362,0,0.0,,1,0.00013450623946729363,2023-03-16,1,0.0001423551435408201,2023-03-16,0,0.0,,0,0.0,,0,0.0,,0,0.0,
B.1.1.37,0,0.0,,1,0.0001324909853348578,2025-09-30,1,0.00014022229236283518,2025-09-30,0,0.0,,0,0.0,,0,0.0,,0,0.0,
B.1.1.386,0,0.0,,1,8.178469788242768e-05,2025-09-05,0,0.0,,0,0.0,,0,0.0,,0,0.0,,0,0.0,
B.1.1.387,0,0.0,,1,0.000152874060973699,2023-12-05,1,0.00016179479093139556,2023-12-05,0,0.0,,0,0.0,,0,0.0,,0,0.0,
B.1.1.388,0,0.0,,1,7.20062007097885e-05,2023-04-17,0,0.0,,0,0.0,,0,0.0,,0,0.0,,0,0.0,
B.1.1.407,0,0.0,,1,0.00030111557464516464,2023-08-02,1,0.0003186867094103246,2023-08-02,1,0.0003532659529077963,2023-08-02,0,0.0,,0,0.0,,0,0.0,
B.1.1.416,0,0.0,,1,6.806061916651645e-05,2023-05-22,0,0.0,,0,0.0,,0,0.0,,0,0.0,,0,0.0,
B.1.1.44,0,0.0,,1,9.330346414744022e-05,2023-08-07,0,0.0,,0,0.0,,0,0.0,,0,0.0,,0,0.0,
B.1.1.442,0,0.0,,3,0.0007336531973555054,2023-06-22,2,0.0006967929657651315,2023-06-22,1,0.0006089104431392897,2025-09-30,0,0.0,,0,0.0,,0,0.0,
B.1.1.45,0,0.0,,1,0.00011733401661255004,2023-02-26,0,0.0,,0,0.0,,0,0.0,,0,0.0,,0,0.0,
B.1.1.481,0,0.0,,1,0.00017636670003834927,2024-11-12,1,0.00018665830670171166,2024-11-12,0,0.0,,0,0.0,,0,0.0,,0,0.0,
B.1.1.482,0,0.0,,1,0.0002099955619360429,2023-04-24,1,0.0002222495289492465,2023-04-24,0,0.0,,0,0.0,,0,0.0,,0,0.0,
B.1.1.485,0,0.0,,1,7.614455663672281e-05,2023-03-27,0,0.0,,0,0.0,,0,0.0,,0,0.0,,0,0.0,
B.1.1.51,0,0.0,,1,0.0001892726469198178,2023-04-17,1,0.00020031736020077547,2023-04-17,0,0.0,,0,0.0,,0,0.0,,0,0.0,
B.1.1.529,4,0.004853956581358379,2023-04-18,33,0.008736668618484942,2023-01-09,20,0.007910018036671256,2023-02-16,11,0.0068828111005278525,2023-02-16,4,0.00458943726046739,2023-02-27,0,0.0,,0,0.0,
B.1.1.7,0,0.0,,26,0.034383862837552175,2023-01-09,24,0.03617694170007319,2023-01-09,21,0.039279567510019174,2023-01-11,17,0.045484208295385235,2023-01-23,10,0.05466731477997569,2023-02-27,6,0.07766075412549589,2023-03-07
B.1.1.71,0,0.0,,1,0.00011622042988081058,2023-03-16,0,0.0,,0,0.0,,0,0.0,,0,0.0,,0,0.0,
B.1.1.83,0,0.0,,1,9.330333165645489e-05,2023-05-22,0,0.0,,0,0.0,,0,0.0,,0,0.0,,0,0.0,
B.1.1.92,0,0.0,,2,0.0001875594722339454,2023-05-22,0,0.0,,0,0.0,,0,0.0,,0,0.0,,0,0.0,
B.1.1.99,0,0.0,,1,7.263023325071569e-05,2023-07-02,0,0.0,,0,0.0,,0,0.0,,0,0.0,,0,0.0,
B.1.104,0,0.0,,1,0.00011622049612630324,2025-08-04,0,0.0,,0,0.0,,0,0.0,,0,0.0,,0,0.0,
B.1.105,0,0.0,,1,0.00021791256076472728,2024-03-10,1,0.00023062851202938772,2024-03-10,0,0.0,,0,0.0,,0,0.0,,0,0.0,
B.1.131,0,0.0,,3,0.0008253121833929694,2023-04-30,1,0.0006784950082789743,2023-04-30,1,0.0007521154116729843,2023-04-30,1,0.0009156330129915526,2023-04-30,0,0.0,,0,0.0,
B.1.134,0,0.0,,1,8.832710273826296e-05,2024-03-10,0,0.0,,0,0.0,,0,0.0,,0,0.0,,0,0.0,
B.1.143,0,0.0,,1,0.000217653275906427,2023-04-27,1,0.00023035409700323365,2023-04-27,0,0.0,,0,0.0,,0,0.0,,0,0.0,
B.1.145,0,0.0,,2,0.00017565058626261437,2023-08-02,0,0.0,,0,0.0,,0,0.0,,0,0.0,,0,0.0,
B.1.147,0,0.0,,2,0.0003684905529625732,2025-09-03,1,0.00028044458472567036,2025-09-08,1,0.0003108743494332102,2025-09-08,0,0.0,,0,0.0,,0,0.0,
B.1.153,0,0.0,,1,6.691457214336992e-05,2024-03-03,0,0.0,,0,0.0,,0,0.0,,0,0.0,,0,0.0,
B.1.179,0,0.0,,2,0.00016387140896592618,2024-01-03,0,0.0,,0,0.0,,0,0.0,,0,0.0,,0,0.0,
B.1.180,0,0.0,,1,7.279717189223761e-05,2023-07-02,0,0.0,,0,0.0,,0,0.0,,0,0.0,,0,0.0,
B.1.192,0,0.0,,1,0.00010771649598709272,2023-07-02,0,0.0,,0,0.0,,0,0.0,,0,0.0,,0,0.0,
B.1.195,0,0.0,,2,0.0001750629887426543,2023-04-27,0,0.0,,0,0.0,,0,0.0,,0,0.0,,0,0.0,
B.1.199,0,0.0,,1,0.00011760688179684718,2023-12-04,0,0.0,,0,0.0,,0,0.0,,0,0.0,,0,0.0,
B.1.2,0,0.0,,1,0.0009220445142408757,2023-05-15,1,0.0009758489992406789,2023-05-15,1,0.00108173393000527,2023-05-15,1,0.0013169139765169047,2023-05-15,0,0.0,,0,0.0,
B.1.201,0,0.0,,1,0.00012044622985806587,2023-12-05,0,0.0,,0,0.0,,0,0.0,,0,0.0,,0,0.0,
B.1.206,0,0.0,,1,0.00012608087272787937,2023-12-05,0,0.0,,0,0.0,,0,0.0,,0,0.0,,0,0.0,
B.1.222,0,0.0,,1,0.0003134828131802616,2024-09-29,1,0.0003317756190686411,2024-09-29,1,0.00036777508054454313,2024-09-29,0,0.0,,0,0.0,,0,0.0,
B.1.223,0,0.0,,2,0.00026591391226056093,2023-04-18,1,0.00018450309006809491,2023-04-18,0,0.0,,0,0.0,,0,0.0,,0,0.0,
B.1.224,0,0.0,,7,0.00683284655922891,2023-04-30,7,0.007231566777747499,2023-04-30,6,0.007798745947438384,2023-07-02,6,0.009494273270540884,2023-07-02,2,0.0075827148637111095,2024-03-10,1,0.009078099401983303,2024-04-21
B.1.243,0,0.0,,5,0.008305310496771544,2023-04-23,2,0.008531005008295237,2023-04-23,2,0.009456665510441158,2023-04-23,2,0.011512641543826457,2023-04-23,2,0.01634754215808359,2023-04-23,2,0.028872601341216452,2023-04-23
B.1.370,0,0.0,,1,9.795449394212774e-05,2023-05-02,0,0.0,,0,0.0,,0,0.0,,0,0.0,,0,0.0,
B.1.377,0,0.0,,2,0.00035973130894011515,2023-04-18,2,0.0003807228744414437,2023-04-18,0,0.0,,0,0.0,,0,0.0,,0,0.0,
B.1.381,0,0.0,,1,7.981389447557167e-05,2024-12-15,0,0.0,,0,0.0,,0,0.0,,0,0.0,,0,0.0,
B.1.384,0,0.0,,1,7.886393411072075e-05,2024-11-12,0,0.0,,0,0.0,,0,0.0,,0,0.0,,0,0.0,
B.1.390,0,0.0,,1,0.00033828777545465366,2024-09-29,1,0.0003580280366448111,2024-09-29,1,0.0003968760283949859,2024-09-29,0,0.0,,0,0.0,,0,0.0,
B.1.391,0,0.0,,1,0.00028799724471420437,2025-08-04,1,0.0003048028795766032,2025-08-04,1,0.0003378756519275811,2025-08-04,0,0.0,,0,0.0,,0,0.0,
B.1.399,0,0.0,,1,0.0014302998076331903,2023-04-23,1,0.001513762746088369,2023-04-23,1,0.0016780142477943745,2023-04-23,1,0.002042831748565146,2023-04-23,1,0.0029007485384141257,2023-04-23,0,0.0,
B.1.403,0,0.0,,1,9.741995906179424e-05,2024-09-19,0,0.0,,0,0.0,,0,0.0,,0,0.0,,0,0.0,
B.1.416,0,0.0,,2,0.0002146844179070435,2023-12-05,0,0.0,,0,0.0,,0,0.0,,0,0.0,,0,0.0,
B.1.420,0,0.0,,1,8.716515679687626e-05,2023-04-18,0,0.0,,0,0.0,,0,0.0,,0,0.0,,0,0.0,
B.1.426,0,0.0,,2,0.0002855816690695793,2023-04-27,1,0.00022257484466752832,2023-06-22,0,0.0,,0,0.0,,0,0.0,,0,0.0,
B.1.438.3,0,0.0,,1,0.00012989283711244124,2025-09-08,0,0.0,,0,0.0,,0,0.0,,0,0.0,,0,0.0,
B.1.466,0,0.0,,1,9.366191850826368e-05,2023-04-18,0,0.0,,0,0.0,,0,0.0,,0,0.0,,0,0.0,
B.1.521,0,0.0,,1,0.0015767744877697232,2023-08-02,1,0.0016687847301874938,2023-08-02,1,0.0018498569613978567,2023-08-02,1,0.0022520348298680636,2023-08-02,1,0.0031978094846948995,2023-08-02,0,0.0,
B.1.533,0,0.0,,1,9.141877988105187e-05,2023-03-14,0,0.0,,0,0.0,,0,0.0,,0,0.0,,0,0.0,
B.1.540,0,0.0,,3,0.00036115028739305144,2023-06-29,1,0.00017179088759821116,2025-06-12,0,0.0,,0,0.0,,0,0.0,,0,0.0,
B.1.545,0,0.0,,2,0.00021232541591315634,2023-08-02,0,0.0,,0,0.0,,0,0.0,,0,0.0,,0,0.0,
B.1.555,0,0.0,,1,0.00016157275661585907,2023-11-14,1,0.0001710010855364775,2023-11-14,0,0.0,,0,0.0,,0,0.0,,0,0.0,
B.1.577,0,0.0,,8,0.0018176081214883659,2023-01-25,6,0.0017277300453392049,2023-02-28,2,0.0010905316740942297,2023-04-17,0,0.0,,0,0.0,,0,0.0,
B.1.595,0,0.0,,2,0.0004254329261127444,2023-05-02,2,0.00045025840811271174,2023-05-02,0,0.0,,0,0.0,,0,0.0,,0,0.0,
B.1.595.4,0,0.0,,1,0.00011788915384110311,2023-05-02,0,0.0,,0,0.0,,0,0.0,,0,0.0,,0,0.0,
B.1.600,0,0.0,,1,0.00010557080447959471,2024-03-10,0,0.0,,0,0.0,,0,0.0,,0,0.0,,0,0.0,
B.1.609,0,0.0,,1,0.00018918030070303937,2023-07-30,1,0.00020021962526299856,2023-07-30,0,0.0,,0,0.0,,0,0.0,,0,0.0,
B.1.617,0,0.0,,3,0.0006663349251798202,2024-05-02,3,0.0007052178716460216,2024-05-02,0,0.0,,0,0.0,,0,0.0,,0,0.0,
B.1.617.2,0,0.0,,7,0.001215653812111894,2025-02-25,4,0.0009614472583701154,2025-02-25,1,0.00042990736064531286,2025-03-05,0,0.0,,0,0.0,,0,0.0,
B.1.623,0,0.0,,2,0.004043585853824678,2023-03-29,2,0.004279543067448629,2023-03-29,2,0.004743896796102834,2023-03-29,2,0.005775268594848598,2023-03-29,2,0.008200676314739502,2023-03-29,1,0.007611024955564868,2023-03-29
B.1.76,0,0.0,,4,0.0008578805211985501,2023-04-17,3,0.0008227859205658634,2023-04-17,2,0.0007075399936122172,2023-04-17,0,0.0,,0,0.0,,0,0.0,
B.1.78,0,0.0,,1,0.0006118682785816162,2023-07-30,1,0.0006475729079225371,2023-07-30,1,0.0007178380950301291,2023-07-30,1,0.000873903456293399,2023-07-30,0,0.0,,0,0.0,
B.1.8,0,0.0,,3,0.00038239746923824654,2023-04-30,1,0.00019475333963981815,2023-08-02,0,0.0,,0,0.0,,0,0.0,,0,0.0,
B.1.81,0,0.0,,1,7.284327875513414e-05,2025-02-17,0,0.0,,0,0.0,,0,0.0,,0,0.0,,0,0.0,
B.1.84,0,0.0,,1,9.065039841160236e-05,2023-07-18,0,0.0,,0,0.0,,0,0.0,,0,0.0,,0,0.0,
B.1.91,0,0.0,,3,0.0008329259103562225,2023-12-05,2,0.000800666625168234,2023-12-05,1,0.0005927026203386525,2023-12-05,0,0.0,,0,0.0,,0,0.0,
B.1.94,0,0.0,,1,0.00014721205871541382,2023-08-02,1,0.0001558023912672698,2023-08-02,0,0.0,,0,0.0,,0,0.0,,0,0.0,
B.15,0,0.0,,1,0.00022357370183160775,2025-06-30,1,0.0002366200002486131,2025-06-30,0,0.0,,0,0.0,,0,0.0,,0,0.0,
B.20,0,0.0,,2,0.00022461123873776507,2023-04-27,1,0.00016490520182058796,2023-12-28,0,0.0,,0,0.0,,0,0.0,,0,0.0,
B.27,0,0.0,,1,9.554653652915937e-05,2025-09-30,0,0.0,,0,0.0,,0,0.0,,0,0.0,,0,0.0,
B.28,0,0.0,,2,0.00015751389528012572,2024-01-03,0,0.0,,0,0.0,,0,0.0,,0,0.0,,0,0.0,
B.32,0,0.0,,2,0.00018520676356186165,2023-12-26,0,0.0,,0,0.0,,0,0.0,,0,0.0,,0,0.0,
B.35,0,0.0,,1,8.60330213271899e-05,2024-09-19,0,0.0,,0,0.0,,0,0.0,,0,0.0,,0,0.0,
B.41,0,0.0,,1,6.668158674565858e-05,2023-12-27,0,0.0,,0,0.0,,0,0.0,,0,0.0,,0,0.0,
B.42,0,0.0,,1,0.0001226799616253189,2023-04-30,0,0.0,,0,0.0,,0,0.0,,0,0.0,,0,0.0,
B.53,0,0.0,,1,0.00015406051774737262,2025-09-08,1,0.00016305048155950474,2025-09-08,0,0.0,,0,0.0,,0,0.0,,0,0.0,
B.6,0,0.0,,1,9.011573104028355e-05,2024-09-22,0,0.0,,0,0.0,,0,0.0,,0,0.0,,0,0.0,
B.6.1,0,0.0,,1,8.832710273826296e-05,2023-12-26,0,0.0,,0,0.0,,0,0.0,,0,0.0,,0,0.0,
B.6.8,0,0.0,,1,8.125109043899155e-05,2025-09-04,0,0.0,,0,0.0,,0,0.0,,0,0.0,,0,0.0,
BA.1,4,0.004853956581358379,2023-01-22,2,0.001760929670380982,2023-02-02,2,0.0018636860043457543,2023-02-02,2,0.002065906085209328,2023-02-02,2,0.0025150552481701606,2023-02-02,0,0.0,,0,0.0,
BA.1.1,3,0.003640467436018785,2023-01-02,0,0.0,,0,0.0,,0,0.0,,0,0.0,,0,0.0,,0,0.0,
BA.1.14,0,0.0,,1,0.00030111557464516464,2023-04-17,1,0.0003186867094103246,2023-04-17,1,0.0003532659529077963,2023-04-17,0,0.0,,0,0.0,,0,0.0,
BA.1.15.3,0,0.0,,1,0.0001014485462073786,2023-07-19,0,0.0,,0,0.0,,0,0.0,,0,0.0,,0,0.0,
BA.1.17.2,0,0.0,,1,8.60330213271899e-05,2023-05-16,0,0.0,,0,0.0,,0,0.0,,0,0.0,,0,0.0,
BA.1.4,0,0.0,,1,9.600826761305134e-05,2023-05-16,0,0.0,,0,0.0,,0,0.0,,0,0.0,,0,0.0,
BA.2,23,0.027910250342810684,2023-01-09,117,0.0274456186395615,2023-01-08,74,0.024790259648450445,2023-01-08,31,0.01728813385874512,2023-01-09,7,0.008799051574348073,2023-03-28,2,0.005577183575759941,2023-05-23,0,0.0,
BA.2.1,0,0.0,,139,0.03414890875628974,2023-01-10,77,0.02986208706276329,2023-01-10,40,0.02516928793310301,2023-01-10,10,0.013623519367076939,2023-03-21,3,0.010353403504988416,2023-04-18,1,0.009692777867733012,2023-07-19
BA.2.10,0,0.0,,106,0.02766079618891596,2023-01-04,67,0.025369896398168404,2023-01-04,35,0.02093636349193826,2023-01-10,13,0.013347934496063248,2023-01-11,1,0.0027471083793047784,2023-06-13,0,0.0,
BA.2.10.1,0,0.0,,4,0.0006623181297319307,2023-03-09,2,0.000496619333414028,2023-11-22,1,0.00038859177101270234,2023-11-22,0,0.0,,0,0.0,,0,0.0,
BA.2.10.3,0,0.0,,10,0.0019737094641283444,2023-01-03,6,0.001636951255041844,2023-01-03,2,0.0009243722876284984,2023-01-03,0,0.0,,0,0.0,,0,0.0,
BA.2.10.4,0,0.0,,29,0.004382681294325934,2023-03-29,11,0.0030319828082952215,2023-10-16,4,0.001759369676448109,2023-10-16,0,0.0,,0,0.0,,0,0.0,
BA.2.11,0,0.0,,24,0.0025697752779071012,2023-01-08,2,0.000494818809068943,2023-02-22,1,0.00038859480203760937,2023-09-07,0,0.0,,0,0.0,,0,0.0,
BA.2.12,0,0.0,,22,0.0069992309909591745,2023-01-04,14,0.006584475533399229,2023-01-17,8,0.005989236823823353,2023-02-16,3,0.004593581982900343,2023-03-21,1,0.0042439476398397616,2023-03-21,0,0.0,
BA.2.12.1,3,0.003640467436018785,2023-07-10,1,0.0003144844450293932,2023-06-22,1,0.00033283569959890417,2023-06-22,1,0.00036895018558540067,2023-06-22,0,0.0,,0,0.0,,0,0.0,
BA.2.13,0,0.0,,1,7.085087931766855e-05,2023-03-06,0,0.0,,0,0.0,,0,0.0,,0,0.0,,0,0.0,
BA.2.13.1,0,0.0,,1,6.900574361040265e-05,2023-11-22,0,0.0,,0,0.0,,0,0.0,,0,0.0,,0,0.0,
BA.2.14,0,0.0,,1,0.00010095104255744622,2023-06-06,0,0.0,,0,0.0,,0,0.0,,0,0.0,,0,0.0,
BA.2.15,0,0.0,,5,0.0007055093960051822,2023-07-12,2,0.000452641065304541,2024-01-02,0,0.0,,0,0.0,,0,0.0,,0,0.0,
BA.2.16,0,0.0,,4,0.0011494976183685807,2023-01-04,1,0.0009709837063625657,2023-06-14,1,0.001076340726354128,2023-06-14,1,0.0013103482350999222,2023-06-14,0,0.0,,0,0.0,
BA.2.17,0,0.0,,11,0.0042313606901552845,2023-01-09,7,0.004102641007182646,2023-01-09,4,0.0037880666667436643,2023-01-18,3,0.0041433262880363,2023-01-18,1,0.0029797979632426035,2023-06-01,0,0.0,
BA.2.19,0,0.0,,5,0.0010423966754993538,2023-03-07,1,0.0007011104101469832,2023-04-26,1,0.0007771847078042152,2023-04-26,1,0.0009461526311165923,2023-04-26,0,0.0,,0,0.0,
BA.2.2,0,0.0,,2,0.0002865511718547671,2023-03-28,2,0.000303272423366609,2023-03-28,0,0.0,,0,0.0,,0,0.0,,0,0.0,
BA.2.21,0,0.0,,1,6.973199294651567e-05,2023-03-28,0,0.0,,0,0.0,,0,0.0,,0,0.0,,0,0.0,
BA.2.23,0,0.0,,13,0.0020389739935403536,2023-01-17,5,0.001503743372521021,2023-03-23,2,0.0009569316348977985,2023-05-04,0,0.0,,0,0.0,,0,0.0,
BA.2.23.1,0,0.0,,2,0.00019021843381863068,2023-04-04,0,0.0,,0,0.0,,0,0.0,,0,0.0,,0,0.0,
BA.2.24,0,0.0,,3,0.0006362326420842772,2023-01-11,3,0.0006733590162654545,2023-01-11,0,0.0,,0,0.0,,0,0.0,,0,0.0,
BA.2.25,0,0.0,,5,0.0004818364584255587,2023-04-17,1,0.00014606269106203965,2024-03-25,0,0.0,,0,0.0,,0,0.0,,0,0.0,
BA.2.29,0,0.0,,4,0.0003835344406288976,2023-01-23,0,0.0,,0,0.0,,0,0.0,,0,0.0,,0,0.0,
BA.2.3,0,0.0,,3,0.0003953893365237047,2023-02-02,2,0.0003340514969848361,2023-11-28,0,0.0,,0,0.0,,0,0.0,,0,0.0,
BA.2.3.12,0,0.0,,1,0.00038967897505577236,2023-06-07,1,0.00041241809040682326,2023-06-07,1,0.00045716769919134894,2023-06-07,0,0.0,,0,0.0,,0,0.0,
BA.2.3.13,0,0.0,,1,9.887404762584431e-05,2023-04-20,0,0.0,,0,0.0,,0,0.0,,0,0.0,,0,0.0,
BA.2.3.18,0,0.0,,1,8.716515679687626e-05,2023-12-27,0,0.0,,0,0.0,,0,0.0,,0,0.0,,0,0.0,
BA.2.3.20,2,0.0024269782906791897,2023-01-05,1,0.00011388587247371771,2023-05-31,0,0.0,,0,0.0,,0,0.0,,0,0.0,,0,0.0,
BA.2.3.21,0,0.0,,2,0.00021907543414301136,2023-01-11,1,0.00015127152855644188,2024-01-09,0,0.0,,0,0.0,,0,0.0,,0,0.0,
BA.2.3.5,0,0.0,,1,7.793583475845006e-05,2023-03-21,0,0.0,,0,0.0,,0,0.0,,0,0.0,,0,0.0,
BA.2.30,0,0.0,,1,7.614415916376678e-05,2024-01-02,0,0.0,,0,0.0,,0,0.0,,0,0.0,,0,0.0,
BA.2.33,0,0.0,,1,6.759756317277112e-05,2024-01-15,0,0.0,,0,0.0,,0,0.0,,0,0.0,,0,0.0,
BA.2.34,0,0.0,,2,0.0003189136849146301,2023-06-06,1,0.0002306815160559009,2023-10-30,0,0.0,,0,0.0,,0,0.0,,0,0.0,
BA.2.35,0,0.0,,1,0.00011133654717939704,2024-01-02,0,0.0,,0,0.0,,0,0.0,,0,0.0,,0,0.0,
BA.2.36,0,0.0,,2,0.0004479512264712422,2023-06-06,1,0.0003672488442571526,2023-08-16,1,0.0004070973438485878,2023-08-16,0,0.0,,0,0.0,,0,0.0,
BA.2.37,0,0.0,,3,0.0008844145570770548,2023-01-30,2,0.0007958011219566821,2023-01-30,2,0.0008821498775185914,2023-01-30,0,0.0,,0,0.0,,0,0.0,
BA.2.38,0,0.0,,5,0.0010189023140518942,2023-02-27,2,0.0008195774241831631,2023-02-27,1,0.0006289678230089584,2023-07-11,1,0.0007657118760210036,2023-07-11,0,0.0,,0,0.0,
BA.2.38.3,0,0.0,,2,0.0002935896229596961,2024-03-27,1,0.00017843637258901687,2024-04-30,0,0.0,,0,0.0,,0,0.0,,0,0.0,
BA.2.40,0,0.0,,1,0.0001968268191851627,2023-12-19,1,0.00020831234453328105,2023-12-19,0,0.0,,0,0.0,,0,0.0,,0,0.0,
BA.2.41,0,0.0,,1,0.0001249906706550515,2023-05-09,0,0.0,,0,0.0,,0,0.0,,0,0.0,,0,0.0,
BA.2.44,0,0.0,,1,0.00010894746973183889,2023-12-18,0,0.0,,0,0.0,,0,0.0,,0,0.0,,0,0.0,
BA.2.45,0,0.0,,4,0.0003801239239299004,2023-01-10,1,0.00015769321876863644,2023-06-15,0,0.0,,0,0.0,,0,0.0,,0,0.0,
BA.2.48,0,0.0,,1,7.702959641875965e-05,2023-08-07,0,0.0,,0,0.0,,0,0.0,,0,0.0,,0,0.0,
BA.2.5,0,0.0,,1,9.600826761305134e-05,2023-01-26,0,0.0,,0,0.0,,0,0.0,,0,0.0,,0,0.0,
BA.2.50,0,0.0,,3,0.0002508624063625798,2023-03-29,0,0.0,,0,0.0,,0,0.0,,0,0.0,,0,0.0,
BA.2.51,0,0.0,,5,0.0006165450778729514,2023-02-15,2,0.00033664708172761836,2023-02-15,0,0.0,,0,0.0,,0,0.0,,0,0.0,
BA.2.52,0,0.0,,4,0.0003338193844832503,2023-03-01,0,0.0,,0,0.0,,0,0.0,,0,0.0,,0,0.0,
BA.2.55,0,0.0,,1,0.00010095104255744622,2023-06-06,0,0.0,,0,0.0,,0,0.0,,0,0.0,,0,0.0,
BA.2.56,0,0.0,,2,0.000244975633147674,2023-03-06,1,0.00016052157251674102,2023-03-06,0,0.0,,0,0.0,,0,0.0,,0,0.0,
BA.2.57,0,0.0,,10,0.0016013012189749118,2023-01-17,2,0.0010204604411113303,2023-04-05,2,0.0011311859562670086,2023-04-05,0,0.0,,0,0.0,,0,0.0,
BA.2.6,0,0.0,,2,0.0005333692908900004,2023-06-22,1,0.0004590039322650895,2023-06-22,1,0.0005088083585916847,2023-06-22,0,0.0,,0,0.0,,0,0.0,
BA.2.62,0,0.0,,2,0.0002943671463071337,2023-02-06,1,0.00023975838548513195,2023-02-06,0,0.0,,0,0.0,,0,0.0,,0,0.0,
BA.2.65,4,0.004853956581358379,2024-08-22,9,0.002294806600481293,2023-03-06,2,0.0018182650591812926,2023-07-05,1,0.0017935039131716374,2023-07-05,1,0.0021834300512159994,2023-07-05,1,0.0031003931352853223,2023-07-05,0,0.0,
BA.2.66,0,0.0,,5,0.0018496496751362556,2023-01-04,4,0.0018265341780953673,2023-03-22,2,0.0015621125184669383,2023-03-22,1,0.0011826925629345845,2023-03-22,0,0.0,,0,0.0,
BA.2.68,0,0.0,,5,0.0008517483084333116,2023-01-24,4,0.000780569335226477,2023-01-24,0,0.0,,0,0.0,,0,0.0,,0,0.0,
BA.2.70,0,0.0,,2,0.0001701873867278242,2023-04-03,0,0.0,,0,0.0,,0,0.0,,0,0.0,,0,0.0,
BA.2.71,0,0.0,,3,0.00031419150746081774,2023-04-03,1,0.00014308240646015993,2023-04-03,0,0.0,,0,0.0,,0,0.0,,0,0.0,
BA.2.72,0,0.0,,3,0.00028976116344745997,2023-08-09,0,0.0,,0,0.0,,0,0.0,,0,0.0,,0,0.0,
BA.2.73,0,0.0,,10,0.0031923539952522025,2023-01-10,4,0.002797397713953378,2023-01-17,3,0.002873925487110775,2023-01-17,1,0.0025788736227123268,2023-01-17,1,0.003661908963913366,2023-01-17,0,0.0,
BA.2.74,0,0.0,,2,0.00017049072483874835,2023-03-16,0,0.0,,0,0.0,,0,0.0,,0,0.0,,0,0.0,
BA.2.75,0,0.0,,4,0.0007641145310213059,2023-04-04,3,0.00069193223011152,2023-04-04,1,0.0003269170202357111,2023-06-20,0,0.0,,0,0.0,,0,0.0,
BA.2.75.10,0,0.0,,1,8.127295145157179e-05,2023-09-24,0,0.0,,0,0.0,,0,0.0,,0,0.0,,0,0.0,
BA.2.75.2,0,0.0,,2,0.0003124786640024087,2023-01-08,1,0.00022738727374142082,2023-01-08,0,0.0,,0,0.0,,0,0.0,,0,0.0,
BA.2.75.3,0,0.0,,1,8.673489232200131e-05,2023-12-19,0,0.0,,0,0.0,,0,0.0,,0,0.0,,0,0.0,
BA.2.75.4,2,0.0024269782906791897,2023-01-09,3,0.0002633354389494666,2023-01-04,0,0.0,,0,0.0,,0,0.0,,0,0.0,,0,0.0,
BA.2.75.5,0,0.0,,2,0.00029663883674168516,2023-01-18,1,0.00022616516635233253,2023-12-05,0,0.0,,0,0.0,,0,0.0,,0,0.0,
BA.2.75.6,1,0.0012134891453395948,2023-04-10,6,0.001209304777849155,2023-01-05,3,0.0009596934981595334,2023-01-24,2,0.0007810641088107922,2023-01-24,0,0.0,,0,0.0,,0,0.0,
BA.2.75.7,0,0.0,,3,0.00045101653790794935,2023-02-07,2,0.00033863326038779175,2023-02-07,0,0.0,,0,0.0,,0,0.0,,0,0.0,
BA.2.75.9,0,0.0,,1,0.0001402686698924626,2023-04-11,1,0.0001484538317025569,2023-04-11,0,0.0,,0,0.0,,0,0.0,,0,0.0,
BA.2.76,0,0.0,,2,0.0003313662476442827,2023-04-03,1,0.00023187123209545337,2023-04-03,0,0.0,,0,0.0,,0,0.0,,0,0.0,
BA.2.78,0,0.0,,11,0.003420367271265903,2023-01-04,6,0.003137406204473518,2023-01-11,4,0.0028902463127374314,2023-01-30,2,0.00229871248840332,2023-06-22,0,0.0,,0,0.0,
BA.2.79,0,0.0,,5,0.0006385114870320367,2023-03-08,1,0.00023901520733560891,2023-12-27,0,0.0,,0,0.0,,0,0.0,,0,0.0,
BA.2.8,0,0.0,,1,0.00011622042988081058,2024-04-02,0,0.0,,0,0.0,,0,0.0,,0,0.0,,0,0.0,
BA.2.81,0,0.0,,2,0.00028675818901935276,2023-03-08,1,0.00018948939478451735,2023-03-08,0,0.0,,0,0.0,,0,0.0,,0,0.0,
BA.2.82,0,0.0,,2,0.00014881963808597432,2023-03-23,0,0.0,,0,0.0,,0,0.0,,0,0.0,,0,0.0,
BA.2.85,0,0.0,,1,7.157163027789018e-05,2025-10-01,0,0.0,,0,0.0,,0,0.0,,0,0.0,,0,0.0,
BA.2.86,9,0.010921402308056355,2023-10-04,385,0.09387373727864891,2023-09-10,257,0.08683856624742056,2023-09-10,121,0.06558671859182208,2023-10-31,28,0.030322517867887054,2023-11-21,3,0.00868195922485076,2023-11-21,0,0.0,
BA.2.86.1,109,0.13227031684201584,2023-08-20,248,0.06929269245394991,2023-09-11,176,0.0662605252279646,2023-09-11,98,0.055879051033246696,2023-09-11,28,0.029606610121845275,2023-11-29,2,0.0049174970195795305,2023-11-29,0,0.0,
BA.2.86.2,4,0.004853956581358379,2023-11-06,122,0.02775923367874512,2023-10-25,84,0.025664940086641143,2023-11-14,39,0.01851193985343616,2023-11-29,5,0.004669728271641514,2023-12-21,0,0.0,,0,0.0,
BA.2.86.3,0,0.0,,44,0.020724975781011006,2023-10-11,23,0.019918216188738215,2023-10-11,16,0.02036978543070999,2023-11-07,7,0.0198744157238037,2023-11-07,4,0.024209455932730453,2023-11-07,2,0.030345083306620384,2023-11-07
BA.2.86.4,0,0.0,,29,0.002996040446144227,2023-10-26,5,0.0008728553048332993,2023-11-22,0,0.0,,0,0.0,,0,0.0,,0,0.0,
BA.2.86.5,1,0.0012134891453395948,2023-10-07,5,0.0005235977494940912,2023-11-21,1,0.00019475333963981815,2023-11-21,0,0.0,,0,0.0,,0,0.0,,0,0.0,
BA.2.86.6,0,0.0,,56,0.007958821065606213,2023-11-02,25,0.0054458915527568616,2023-11-02,4,0.0016008291985382867,2024-01-31,0,0.0,,0,0.0,,0,0.0,
BA.2.86.7,0,0.0,,6,0.0005306144720774253,2024-01-22,1,0.00014211739664411893,2025-07-22,0,0.0,,0,0.0,,0,0.0,,0,0.0,
BA.2.87,0,0.0,,11,0.0018411088425031221,2023-11-16,5,0.0013558626293273513,2023-11-16,2,0.0009252483315452012,2023-11-16,0,0.0,,0,0.0,,0,0.0,
BA.2.9,0,0.0,,1,0.0006531241827865889,2024-06-26,1,0.0006912362367633772,2024-06-26,1,0.0007662391328350212,2024-06-26,1,0.0009328273759331158,2024-06-26,0,0.0,,0,0.0,
BA.2.9.2,0,0.0,,1,9.524114480796251e-05,2024-01-03,0,0.0,,0,0.0,,0,0.0,,0,0.0,,0,0.0,
BA.2.9.3,0,0.0,,1,7.047394246439089e-05,2023-04-06,0,0.0,,0,0.0,,0,0.0,,0,0.0,,0,0.0,
BA.2.9.4,0,0.0,,1,8.952018406120336e-05,2023-01-19,0,0.0,,0,0.0,,0,0.0,,0,0.0,,0,0.0,
BA.2.9.5,0,0.0,,2,0.00016815212645660276,2023-11-21,0,0.0,,0,0.0,,0,0.0,,0,0.0,,0,0.0,
BA.3,1,0.0012134891453395948,2024-07-27,12,0.0012953822499019248,2023-03-19,3,0.0006426038505480753,2023-04-18,1,0.0003151100124442377,2023-11-14,0,0.0,,0,0.0,,0,0.0,
BA.3.2.2,0,0.0,,1,0.00023659113987723555,2025-09-25,1,0.00025039705080670023,2025-09-25,0,0.0,,0,0.0,,0,0.0,,0,0.0,
BA.4,4,0.004853956581358379,2023-03-10,4,0.0010847499362903626,2023-01-12,3,0.001047903486171953,2023-02-07,1,0.0006621047748195053,2023-02-07,1,0.0008060531408810821,2023-02-07,0,0.0,,0,0.0,
BA.4.1.1,0,0.0,,3,0.00021435067311498498,2023-01-22,0,0.0,,0,0.0,,0,0.0,,0,0.0,,0,0.0,
BA.4.1.10,0,0.0,,1,6.772501950066324e-05,2023-09-20,0,0.0,,0,0.0,,0,0.0,,0,0.0,,0,0.0,
BA.4.1.4,0,0.0,,2,0.00030343860533653334,2023-07-19,1,0.00020620929059242326,2023-07-19,0,0.0,,0,0.0,,0,0.0,,0,0.0,
BA.4.1.9,0,0.0,,4,0.0005532249861617161,2023-01-19,2,0.00038756859686574343,2023-01-19,0,0.0,,0,0.0,,0,0.0,,0,0.0,
BA.4.4,0,0.0,,1,7.123179090050626e-05,2023-01-11,0,0.0,,0,0.0,,0,0.0,,0,0.0,,0,0.0,
BA.4.5,0,0.0,,1,0.00015055811855004564,2023-04-25,1,0.0001593437052608932,2023-04-25,0,0.0,,0,0.0,,0,0.0,,0,0.0,
BA.4.6,7,0.008494424017377164,2023-01-04,6,0.0012178572034435055,2023-01-03,4,0.0010796200860369181,2023-03-02,2,0.0007872504306459257,2023-03-02,0,0.0,,0,0.0,,0,0.0,
BA.4.6.1,0,0.0,,2,0.00031610480978003843,2023-01-05,2,0.0003345506182345016,2023-01-05,0,0.0,,0,0.0,,0,0.0,,0,0.0,
BA.4.6.3,0,0.0,,2,0.00028574801150166713,2023-01-12,1,0.00016496725018495855,2023-08-10,0,0.0,,0,0.0,,0,0.0,,0,0.0,
BA.4.6.4,0,0.0,,3,0.001984544046945088,2023-01-12,1,0.0018720426219702637,2023-04-25,1,0.002075169441355151,2023-04-25,1,0.0025263325529116597,2023-04-25,1,0.0035873025106222187,2023-04-25,0,0.0,
BA.4.6.5,0,0.0,,2,0.004175346880075833,2023-01-12,1,0.004340215921242251,2023-06-07,1,0.004811152984949549,2023-06-07,1,0.00585714696867299,2023-06-07,1,0.008316940697925074,2023-06-07,1,0.014689163106454385,2023-06-07
BA.4.8,0,0.0,,22,0.009051049521809296,2023-01-05,16,0.008988374789965132,2023-01-05,12,0.00909161897406159,2023-01-17,4,0.007098035480320955,2023-02-05,1,0.005325358850995161,2023-02-05,1,0.009405509502091819,2023-02-05
BA.5,23,0.027910250342810684,2023-01-02,35,0.01060790796466348,2023-01-03,29,0.010522506927353587,2023-01-03,12,0.007606633138191634,2023-01-03,5,0.005146169442156763,2023-01-30,0,0.0,,0,0.0,
BA.5.1,11,0.013348380598735544,2023-01-02,5,0.0014521031203893287,2023-01-03,4,0.0014422722332169784,2023-01-03,3,0.0013250971736252296,2023-01-03,1,0.0008145275588638311,2023-08-02,0,0.0,,0,0.0,
BA.5.1.1,4,0.004853956581358379,2023-01-02,2,0.0002575822828932711,2023-01-22,1,0.00017100248775940116,2023-11-14,0,0.0,,0,0.0,,0,0.0,,0,0.0,
BA.5.1.10,0,0.0,,1,0.0001129863249287867,2023-03-09,0,0.0,,0,0.0,,0,0.0,,0,0.0,,0,0.0,
BA.5.1.12,4,0.004853956581358379,2023-01-02,12,0.005055860173844211,2023-01-03,7,0.004955248283109899,2023-01-03,4,0.004653582279572784,2023-01-03,2,0.004862864048707642,2023-01-03,1,0.005161195016030988,2023-01-10,1,0.009115567630969495,2023-01-10
BA.5.1.14,0,0.0,,7,0.0008511770073045478,2023-01-08,3,0.000543153713690997,2023-01-26,0,0.0,,0,0.0,,0,0.0,,0,0.0,
BA.5.1.17,0,0.0,,4,0.00046410022144624465,2023-02-14,1,0.0001887439730783165,2023-06-05,0,0.0,,0,0.0,,0,0.0,,0,0.0,
BA.5.1.18,39,0.047326076668244205,2023-01-01,5,0.0011999695955134464,2023-01-03,4,0.0011756701127487823,2023-01-04,2,0.0007901151377759526,2023-01-04,0,0.0,,0,0.0,,0,0.0,
BA.5.1.19,0,0.0,,1,8.078697451736354e-05,2023-01-22,0,0.0,,0,0.0,,0,0.0,,0,0.0,,0,0.0,
BA.5.1.2,0,0.0,,3,0.0002909396045165209,2023-08-10,0,0.0,,0,0.0,,0,0.0,,0,0.0,,0,0.0,
BA.5.1.20,0,0.0,,1,9.200770231086531e-05,2023-05-09,0,0.0,,0,0.0,,0,0.0,,0,0.0,,0,0.0,
BA.5.1.22,0,0.0,,2,0.00019294304468654933,2023-01-10,0,0.0,,0,0.0,,0,0.0,,0,0.0,,0,0.0,
BA.5.1.23,2,0.0024269782906791897,2023-01-06,1,0.0005282887915663498,2023-04-25,1,0.0005591162688978512,2023-04-25,1,0.000619783428947891,2023-04-25,0,0.0,,0,0.0,,0,0.0,
BA.5.1.24,0,0.0,,2,0.00022367803848255899,2023-05-10,0,0.0,,0,0.0,,0,0.0,,0,0.0,,0,0.0,
BA.5.1.25,0,0.0,,1,0.00010465323816065814,2023-02-15,0,0.0,,0,0.0,,0,0.0,,0,0.0,,0,0.0,
BA.5.1.26,0,0.0,,3,0.0003405250182330181,2023-02-22,1,0.00021245780627354973,2025-07-16,0,0.0,,0,0.0,,0,0.0,,0,0.0,
BA.5.1.27,28,0.03397769606950866,2023-01-01,8,0.0024837898208436467,2023-01-04,4,0.002284381907448779,2023-01-17,2,0.0020702879368831766,2023-01-18,1,0.0019479608819367852,2023-01-18,1,0.002766035276833189,2023-01-18,0,0.0,
BA.5.1.28,12,0.01456186974407514,2023-01-01,4,0.0004645046501789793,2023-01-03,2,0.0003003980767066095,2023-01-03,0,0.0,,0,0.0,,0,0.0,,0,0.0,
BA.5.1.3,0,0.0,,1,9.074599065752146e-05,2023-02-07,0,0.0,,0,0.0,,0,0.0,,0,0.0,,0,0.0,
BA.5.1.30,0,0.0,,5,0.0030437584656679215,2023-01-03,3,0.002976609375596869,2023-01-03,2,0.0031376742384762305,2023-01-18,1,0.003319836947238386,2023-04-20,1,0.004714050571829489,2023-04-20,1,0.008325832810008304,2023-04-20
BA.5.1.33,6,0.00728093487203757,2023-01-03,15,0.0016366486876888766,2023-01-03,5,0.0009081024215753758,2023-01-03,0,0.0,,0,0.0,,0,0.0,,0,0.0,
BA.5.1.34,0,0.0,,3,0.0005058596576409825,2023-01-08,3,0.0005353783174683316,2023-01-08,0,0.0,,0,0.0,,0,0.0,,0,0.0,
BA.5.1.35,0,0.0,,1,6.82943995101398e-05,2023-04-18,0,0.0,,0,0.0,,0,0.0,,0,0.0,,0,0.0,
BA.5.1.37,0,0.0,,1,0.0011313726528382943,2023-01-03,1,0.0011973921583921477,2023-01-03,1,0.00132731572841996,2023-01-03,1,0.0016158877756551888,2023-01-03,1,0.002294503258413386,2023-01-03,0,0.0,
BA.5.1.5,5,0.006067445726697975,2023-01-01,2,0.0014778355858065574,2023-01-03,2,0.001564072401253769,2023-01-03,1,0.0014803525645660036,2023-01-03,1,0.0018021963889402234,2023-01-03,1,0.0025590548731315925,2023-01-03,0,0.0,
BA.5.1.7,0,0.0,,1,8.385486952828484e-05,2023-09-12,0,0.0,,0,0.0,,0,0.0,,0,0.0,,0,0.0,
BA.5.1.8,0,0.0,,3,0.00033919341758491007,2023-01-03,1,0.0001735734634898737,2023-01-10,0,0.0,,0,0.0,,0,0.0,,0,0.0,
BA.5.10,0,0.0,,1,0.000614632305517672,2023-05-31,1,0.0006504982253858106,2023-05-31,1,0.000721080825369067,2023-05-31,1,0.0008778511894530696,2023-05-31,0,0.0,,0,0.0,
BA.5.10.1,0,0.0,,1,0.000614632305517672,2023-05-31,1,0.0006504982253858106,2023-05-31,1,0.000721080825369067,2023-05-31,1,0.0008778511894530696,2023-05-31,0,0.0,,0,0.0,
BA.5.11,0,0.0,,33,0.00835030019567973,2023-01-03,21,0.0077187492911078,2023-01-03,11,0.006140290592494362,2023-01-04,2,0.002604452519001855,2023-02-15,1,0.00229858805147722,2023-08-24,0,0.0,
BA.5.2,5,0.006067445726697975,2023-01-03,10,0.003757651891225094,2023-01-04,6,0.0035914982199482842,2023-01-11,4,0.003470569372451542,2023-01-11,2,0.002951283736160775,2023-04-04,1,0.0026625450749823906,2023-04-20,0,0.0,
BA.5.2.1,13,0.015775358889414733,2023-01-01,10,0.0048488877912115395,2023-01-19,9,0.005038942762752504,2023-01-19,8,0.005340890570523887,2023-02-02,4,0.004438027255483214,2023-03-05,0,0.0,,0,0.0,
BA.5.2.12,0,0.0,,3,0.0007873963769282885,2023-01-05,2,0.0007249245022812559,2023-01-05,1,0.0005240308651417933,2023-01-05,0,0.0,,0,0.0,,0,0.0,
BA.5.2.16,0,0.0,,2,0.00015574726048167068,2023-01-08,0,0.0,,0,0.0,,0,0.0,,0,0.0,,0,0.0,
BA.5.2.18,0,0.0,,2,0.0002157631595096399,2023-01-05,1,0.00015241567235097645,2023-03-28,0,0.0,,0,0.0,,0,0.0,,0,0.0,
BA.5.2.19,0,0.0,,1,0.00014401173896465036,2023-01-10,1,0.00015241532179524554,2023-01-10,0,0.0,,0,0.0,,0,0.0,,0,0.0,
BA.5.2.2,0,0.0,,1,0.00010785494906676765,2023-01-23,0,0.0,,0,0.0,,0,0.0,,0,0.0,,0,0.0,
BA.5.2.20,18,0.02184280461611271,2023-01-02,6,0.0009568924919401282,2023-01-05,3,0.0007193644780556309,2023-01-05,1,0.000330229619584684,2023-01-05,0,0.0,,0,0.0,,0,0.0,
BA.5.2.21,2,0.0024269782906791897,2023-01-05,1,0.00010297199380225147,2024-03-13,0,0.0,,0,0.0,,0,0.0,,0,0.0,,0,0.0,
BA.5.2.22,0,0.0,,4,0.0075686434607271326,2023-03-28,4,0.00801029997216663,2023-03-28,4,0.008879461142200562,2023-03-28,2,0.009771298471865416,2023-03-29,2,0.013874896834054122,2023-03-29,2,0.02450547984927867,2023-03-29
BA.5.2.23,4,0.004853956581358379,2023-01-10,2,0.002375209549877663,2023-01-05,2,0.0025138112384338798,2023-01-05,2,0.0027865734476936487,2023-01-05,2,0.0033924030836684454,2023-01-05,1,0.002744475109207056,2023-01-23,0,0.0,
BA.5.2.25,0,0.0,,3,0.0005921367936086518,2023-01-22,1,0.0004662600152279891,2023-01-26,1,0.0005168517660717448,2023-01-26,0,0.0,,0,0.0,,0,0.0,
BA.5.2.27,0,0.0,,2,0.0013163850521246696,2023-01-12,1,0.0012836520048735312,2023-04-19,1,0.0014229352380045002,2023-04-19,1,0.0017322959469316132,2023-04-19,1,0.0024597987277670047,2023-04-19,0,0.0,
BA.5.2.30,0,0.0,,1,8.547788409863684e-05,2023-05-15,0,0.0,,0,0.0,,0,0.0,,0,0.0,,0,0.0,
BA.5.2.31,0,0.0,,1,0.00012129006494366358,2023-01-10,0,0.0,,0,0.0,,0,0.0,,0,0.0,,0,0.0,
BA.5.2.32,12,0.01456186974407514,2023-01-03,3,0.0016372244935111422,2023-01-03,2,0.0016452852267661371,2023-01-03,2,0.0018238076338800376,2023-01-03,1,0.0015424960252007958,2023-01-12,1,0.0021902895790382898,2023-01-12,0,0.0,
BA.5.2.34,5,0.006067445726697975,2023-01-05,7,0.00302959107211508,2023-01-04,4,0.0029469060874056496,2023-01-04,3,0.0030927645527712355,2023-01-04,2,0.003338968182136416,2023-01-04,1,0.0028383964643144827,2023-01-17,0,0.0,
BA.5.2.35,14,0.01698884803475433,2023-01-02,13,0.009674652195734552,2023-01-04,9,0.009840817515032295,2023-01-04,5,0.01005662836805506,2023-01-04,3,0.01123972359723448,2023-01-04,2,0.013976739495537148,2023-01-04,1,0.019537613821551524,2023-01-04
BA.5.2.36,0,0.0,,10,0.0018010299882118641,2023-01-03,5,0.0014478694163500795,2023-01-10,1,0.0006709702117980543,2023-03-29,1,0.0008168460147488031,2023-03-29,0,0.0,,0,0.0,
BA.5.2.38,0,0.0,,1,9.483810723057388e-05,2023-01-23,0,0.0,,0,0.0,,0,0.0,,0,0.0,,0,0.0,
BA.5.2.39,0,0.0,,2,0.0011188598729558069,2023-01-11,2,0.0011841492145456705,2023-01-11,2,0.0013126358530467866,2023-01-11,1,0.0009654650545152636,2023-01-11,0,0.0,,0,0.0,
BA.5.2.4,0,0.0,,4,0.0009655532289149897,2023-01-11,4,0.0010218965978297102,2023-01-11,1,0.0004194418533902312,2023-06-27,0,0.0,,0,0.0,,0,0.0,
BA.5.2.41,0,0.0,,2,0.0002915060034788274,2023-01-10,2,0.0003085163865452482,2023-01-10,0,0.0,,0,0.0,,0,0.0,,0,0.0,
BA.5.2.54,0,0.0,,1,0.0002166485305191401,2023-01-10,1,0.0002292907212491001,2023-01-10,0,0.0,,0,0.0,,0,0.0,,0,0.0,
BA.5.2.57,1,0.0012134891453395948,2023-01-19,2,0.00032533982893083403,2023-01-10,1,0.00021595677313487955,2023-09-07,0,0.0,,0,0.0,,0,0.0,,0,0.0,
BA.5.2.6,8,0.009707913162716759,2023-01-03,9,0.0039288017587158835,2023-01-03,7,0.003948590833680743,2023-01-03,3,0.003482549848129999,2023-01-08,2,0.0035388389675791343,2023-01-26,1,0.0038408591478783123,2023-05-15,0,0.0,
BA.5.2.60,1,0.0012134891453395948,2023-01-27,1,0.0002093967026823293,2023-01-25,1,0.00022161572418776646,2023-01-25,0,0.0,,0,0.0,,0,0.0,,0,0.0,
BA.5.2.7,1,0.0012134891453395948,2023-01-05,0,0.0,,0,0.0,,0,0.0,,0,0.0,,0,0.0,,0,0.0,
BA.5.2.8,0,0.0,,1,0.00026003747334251136,2023-08-17,1,0.00027521155888583554,2023-08-17,0,0.0,,0,0.0,,0,0.0,,0,0.0,
BA.5.2.9,5,0.006067445726697975,2023-01-05,5,0.0032705721683004008,2023-01-04,4,0.0033898883607676542,2023-01-04,3,0.0034859785590484853,2023-01-04,1,0.0031538433967991763,2025-07-23,1,0.0044783456249287415,2025-07-23,1,0.007909536898353308,2025-07-23
BA.5.3,0,0.0,,6,0.0009574658466791647,2023-01-05,3,0.0007044547118198369,2023-01-25,0,0.0,,0,0.0,,0,0.0,,0,0.0,
BA.5.3.1,0,0.0,,35,0.009277762332556441,2023-01-03,29,0.009133713653553994,2023-01-03,12,0.006454165734304062,2023-01-03,4,0.00418399794989076,2023-01-17,1,0.0023593546551471077,2023-07-13,0,0.0,
BA.5.3.2,0,0.0,,6,0.0008462735821827973,2023-01-04,2,0.0005173692179044418,2023-01-04,1,0.00040988876235073594,2023-01-04,0,0.0,,0,0.0,,0,0.0,
BA.5.3.3,0,0.0,,2,0.00036615785042927505,2023-01-05,1,0.00025671729019037027,2023-01-25,0,0.0,,0,0.0,,0,0.0,,0,0.0,
BA.5.3.5,3,0.003640467436018785,2023-02-13,11,0.015485208315189094,2023-02-07,10,0.016258946782112323,2023-02-07,9,0.01778781696712072,2023-02-07,9,0.021655070739633443,2023-02-07,6,0.026557482018086234,2023-02-20,2,0.022287067312433802,2023-02-21
BA.5.5,0,0.0,,9,0.0029996012738660862,2023-01-25,7,0.002944828694144294,2023-04-27,3,0.0024424588584472926,2023-05-24,3,0.002973474454796009,2023-05-24,0,0.0,,0,0.0,
BA.5.5.1,1,0.0012134891453395948,2023-01-02,0,0.0,,0,0.0,,0,0.0,,0,0.0,,0,0.0,,0,0.0,
BA.5.5.2,0,0.0,,1,0.004382391072822556,2024-02-14,1,0.004638118742256263,2024-02-14,1,0.0051413798843836745,2024-02-14,1,0.006259168581588953,2024-02-14,1,0.00888779711177118,2024-02-14,1,0.01569739477214885,2024-02-14
BA.5.6,0,0.0,,1,7.464277131795217e-05,2023-01-03,0,0.0,,0,0.0,,0,0.0,,0,0.0,,0,0.0,
BA.5.6.1,0,0.0,,2,0.0006859993034687125,2023-04-11,2,0.0007260297343896598,2023-04-11,1,0.000647656267680898,2023-06-20,1,0.0007884633801618787,2023-06-20,0,0.0,,0,0.0,
BA.5.6.2,1,0.0012134891453395948,2023-03-07,2,0.0003616489172163592,2023-01-03,1,0.0002722763557509505,2023-01-03,0,0.0,,0,0.0,,0,0.0,,0,0.0,
BA.5.6.3,0,0.0,,1,0.0005520469425656112,2023-06-20,1,0.0005842607901420625,2023-06-20,1,0.000647656267680898,2023-06-20,1,0.0007884633801618787,2023-06-20,0,0.0,,0,0.0,
BA.5.9,0,0.0,,2,0.00018045338448100299,2023-01-30,0,0.0,,0,0.0,,0,0.0,,0,0.0,,0,0.0,
BE.1,0,0.0,,38,0.01143524540525828,2023-01-03,26,0.010854921399186234,2023-01-03,13,0.008761713829579127,2023-01-03,4,0.006174648640271396,2023-01-03,2,0.005840063870069186,2023-02-06,0,0.0,
BE.1.1,3,0.003640467436018785,2023-04-06,32,0.00827735821114052,2023-01-03,23,0.007806783089809866,2023-01-03,12,0.006098455998135374,2023-01-03,4,0.00344874920659799,2023-01-09,0,0.0,,0,0.0,
BE.1.1.1,0,0.0,,41,0.007790317308074533,2023-01-03,21,0.006298871539537213,2023-01-03,10,0.004736014110661431,2023-01-03,1,0.0008392574711239831,2023-01-11,0,0.0,,0,0.0,
BE.1.1.2,0,0.0,,2,0.00021443434117222396,2023-01-10,0,0.0,,0,0.0,,0,0.0,,0,0.0,,0,0.0,
BE.1.2,1,0.0012134891453395948,2023-01-30,13,0.0018042384561582257,2023-01-03,5,0.0011754409895230614,2023-01-03,1,0.0004568757104586438,2023-01-23,0,0.0,,0,0.0,,0,0.0,
BE.1.2.1,3,0.003640467436018785,2023-02-06,6,0.0039131684186558035,2023-01-23,5,0.004021153065532662,2023-01-23,5,0.004457470071820575,2023-01-23,2,0.0037393427300815344,2023-01-23,2,0.005309733886078573,2023-01-23,0,0.0,
BE.1.3,0,0.0,,1,6.69146383888626e-05,2023-05-19,0,0.0,,0,0.0,,0,0.0,,0,0.0,,0,0.0,
BE.1.4,0,0.0,,1,0.0016718822141554533,2023-03-28,1,0.0017694423212041082,2023-03-28,1,0.001961436449207948,2023-03-28,1,0.002387872842260807,2023-03-28,1,0.00339069463844586,2023-03-28,0,0.0,
BE.1.4.2,1,0.0012134891453395948,2023-01-22,2,0.0006022159128270158,2023-01-10,2,0.0006373572932570276,2023-01-10,1,0.0004289475360914378,2023-01-11,0,0.0,,0,0.0,,0,0.0,
BE.10,4,0.004853956581358379,2023-02-20,6,0.0012767968119521069,2023-01-04,4,0.0010972559839696843,2023-01-18,2,0.0007320194056653986,2023-01-18,0,0.0,,0,0.0,,0,0.0,
BE.11,0,0.0,,1,0.0001387874869219116,2023-02-14,1,0.00014688621658508658,2023-02-14,0,0.0,,0,0.0,,0,0.0,,0,0.0,
BE.12,0,0.0,,1,7.981356324810834e-05,2023-06-07,0,0.0,,0,0.0,,0,0.0,,0,0.0,,0,0.0,
BE.2,0,0.0,,1,8.493003387427722e-05,2023-01-23,0,0.0,,0,0.0,,0,0.0,,0,0.0,,0,0.0,
BE.3,0,0.0,,1,8.178469788242768e-05,2023-12-28,0,0.0,,0,0.0,,0,0.0,,0,0.0,,0,0.0,
BE.4,0,0.0,,15,0.0033429436466567565,2023-01-03,7,0.0026468721679923065,2023-01-04,3,0.0020103112595213765,2023-01-11,1,0.0014556199710670627,2023-01-16,0,0.0,,0,0.0,
BE.4.1,0,0.0,,1,0.0006677529761958593,2023-01-25,1,0.0007067186708411811,2023-01-25,1,0.0007834014953255931,2023-01-25,1,0.0009537210119807282,2023-01-25,0,0.0,,0,0.0,
BE.4.1.1,0,0.0,,6,0.0014923308945481027,2023-01-04,5,0.0014473849483299657,2023-01-04,2,0.0008808396975729052,2023-01-08,0,0.0,,0,0.0,,0,0.0,
BE.4.2,3,0.003640467436018785,2023-01-21,3,0.0018694780110194995,2023-01-03,2,0.0018872019838864639,2023-01-25,1,0.0018874509964748145,2023-03-28,1,0.002297802193591481,2023-03-28,1,0.0032627975159025694,2023-03-28,0,0.0,
BE.5,0,0.0,,1,7.254146429054134e-05,2023-03-29,0,0.0,,0,0.0,,0,0.0,,0,0.0,,0,0.0,
BE.6,0,0.0,,2,0.00024161824533379611,2023-01-18,0,0.0,,0,0.0,,0,0.0,,0,0.0,,0,0.0,
BE.7,0,0.0,,3,0.0008218235632581173,2023-01-23,1,0.0006611858983985597,2023-04-18,1,0.0007329281691073791,2023-04-18,1,0.0008922742671811643,2023-04-18,0,0.0,,0,0.0,
BE.9,6,0.00728093487203757,2023-01-02,0,0.0,,0,0.0,,0,0.0,,0,0.0,,0,0.0,,0,0.0,
BF.10,2,0.0024269782906791897,2023-01-19,4,0.0012394809246690222,2023-02-01,1,0.0010403792981860556,2023-02-01,1,0.0011532661178098515,2023-02-01,1,0.001403997995310904,2023-02-01,0,0.0,,0,0.0,
BF.10.1,0,0.0,,5,0.000866905144664634,2023-01-31,3,0.000741437359874488,2023-02-13,0,0.0,,0,0.0,,0,0.0,,0,0.0,
BF.11,8,0.009707913162716759,2023-01-02,13,0.008791687355019034,2023-01-04,8,0.00881382965610033,2023-01-17,4,0.008878284871380893,2023-01-18,3,0.010310139069693526,2023-01-18,2,0.012721234065437827,2023-01-31,1,0.01596640632482134,2023-01-31
BF.11.1,1,0.0012134891453395948,2023-03-03,0,0.0,,0,0.0,,0,0.0,,0,0.0,,0,0.0,,0,0.0,
BF.11.4,0,0.0,,1,9.223962778069397e-05,2023-02-16,0,0.0,,0,0.0,,0,0.0,,0,0.0,,0,0.0,
BF.11.5,1,0.0012134891453395948,2023-01-27,0,0.0,,0,0.0,,0,0.0,,0,0.0,,0,0.0,,0,0.0,
BF.12,0,0.0,,1,0.0003041520030470689,2023-04-25,1,0.0003219003239066961,2023-04-25,1,0.0003568282620779515,2023-04-25,0,0.0,,0,0.0,,0,0.0,
BF.13,1,0.0012134891453395948,2023-01-06,5,0.0005225487521177024,2023-01-02,2,0.00029878769378996847,2023-01-04,0,0.0,,0,0.0,,0,0.0,,0,0.0,
BF.14,5,0.006067445726697975,2023-01-02,1,0.0003657725003984286,2023-01-04,1,0.0003871165903063118,2023-01-04,1,0.0004291208485412468,2023-01-04,0,0.0,,0,0.0,,0,0.0,
BF.17,0,0.0,,1,0.00014030795346961438,2023-01-04,1,0.00014849540761224247,2023-01-04,0,0.0,,0,0.0,,0,0.0,,0,0.0,
BF.19,0,0.0,,4,0.000623294168665909,2023-01-12,2,0.0004886885708914246,2023-01-24,1,0.0003742148426930521,2024-06-26,0,0.0,,0,0.0,,0,0.0,
BF.2,0,0.0,,1,0.0007256592875098341,2023-06-06,1,0.0007680040156078432,2023-06-06,1,0.0008513366337514705,2023-06-06,1,0.0010364259459835034,2023-06-06,0,0.0,,0,0.0,
BF.24,0,0.0,,2,0.0005339908061022061,2023-05-02,2,0.0005651510156942705,2023-05-02,1,0.00035620760143930807,2024-06-26,0,0.0,,0,0.0,,0,0.0,
BF.25,1,0.0012134891453395948,2023-01-09,1,0.00010740646708140916,2023-04-19,0,0.0,,0,0.0,,0,0.0,,0,0.0,,0,0.0,
BF.26,3,0.003640467436018785,2023-01-23,2,0.004018810569531002,2023-04-12,1,0.004137817451889372,2023-05-11,1,0.004586793179436092,2023-05-11,1,0.00558400904126431,2023-05-11,1,0.007929094540612953,2023-05-11,1,0.014004159368674862,2023-05-11
BF.30,0,0.0,,4,0.0008463606287601622,2023-01-03,2,0.0006940678857353522,2023-01-03,1,0.0006112699017329006,2023-04-20,0,0.0,,0,0.0,,0,0.0,
BF.31,0,0.0,,5,0.0005455462723701565,2023-01-11,1,0.00017416078456143546,2023-02-06,0,0.0,,0,0.0,,0,0.0,,0,0.0,
BF.32,0,0.0,,3,0.0029326703390860276,2023-01-03,2,0.003027191062009453,2023-01-03,1,0.003069138102214311,2023-01-03,1,0.003736400190984954,2023-01-03,1,0.005305555585056167,2023-01-03,1,0.00937053349180345,2023-01-03
BF.38,0,0.0,,2,0.0002449825226789114,2023-05-11,0,0.0,,0,0.0,,0,0.0,,0,0.0,,0,0.0,
BF.38.2,0,0.0,,1,6.829446575563247e-05,2023-05-10,0,0.0,,0,0.0,,0,0.0,,0,0.0,,0,0.0,
BF.39,0,0.0,,1,0.00017433031359375252,2023-03-28,1,0.00018450309006809491,2023-03-28,0,0.0,,0,0.0,,0,0.0,,0,0.0,
BF.4,0,0.0,,3,0.0003116072707918613,2023-01-04,1,0.00015504561155538758,2023-01-04,0,0.0,,0,0.0,,0,0.0,,0,0.0,
BF.40,0,0.0,,1,7.521539735656942e-05,2023-09-12,0,0.0,,0,0.0,,0,0.0,,0,0.0,,0,0.0,
BF.41,0,0.0,,4,0.00041863130264410144,2023-01-03,1,0.00014587906997019047,2023-06-10,0,0.0,,0,0.0,,0,0.0,,0,0.0,
BF.5,5,0.006067445726697975,2023-01-07,0,0.0,,0,0.0,,0,0.0,,0,0.0,,0,0.0,,0,0.0,
BF.5.1,0,0.0,,3,0.002646492261845963,2023-03-16,2,0.0026820916609427876,2023-03-16,1,0.0026683381400621916,2024-06-26,1,0.0032484622079885237,2024-06-26,1,0.004612700976737212,2024-06-26,1,0.008146831806255205,2024-06-26
BF.5.5,0,0.0,,1,0.006387960114230434,2023-05-04,1,0.0067607196706694446,2023-05-04,1,0.007494294572938814,2023-05-04,1,0.00912363104593551,2023-05-04,1,0.012955232089043088,2023-05-04,1,0.022881192033195868,2023-05-04
BF.6,0,0.0,,1,6.881833511164648e-05,2023-07-28,0,0.0,,0,0.0,,0,0.0,,0,0.0,,0,0.0,
BF.7,23,0.027910250342810684,2023-01-03,7,0.002388065945130617,2023-01-09,6,0.002423037005361021,2023-01-09,3,0.0019928946018129686,2023-01-17,1,0.0014064485343013046,2023-02-05,0,0.0,,0,0.0,
BF.7.1,0,0.0,,1,0.00019923464410714572,2023-01-10,1,0.00021086067436353704,2023-01-10,0,0.0,,0,0.0,,0,0.0,,0,0.0,
BF.7.12,0,0.0,,1,0.0001324909853348578,2023-09-27,1,0.00014022229236283518,2023-09-27,0,0.0,,0,0.0,,0,0.0,,0,0.0,
BF.7.13,0,0.0,,1,0.00027602310693259594,2023-01-10,1,0.00029213000945972726,2023-01-10,1,0.0003238277063882185,2023-01-10,0,0.0,,0,0.0,,0,0.0,
BF.7.15,0,0.0,,2,0.0002110435656300416,2023-02-02,0,0.0,,0,0.0,,0,0.0,,0,0.0,,0,0.0,
BF.7.16,0,0.0,,1,0.00013801122223883465,2023-01-10,1,0.00014606465417413273,2023-01-10,0,0.0,,0,0.0,,0,0.0,,0,0.0,
BF.7.19,2,0.0024269782906791897,2023-01-08,0,0.0,,0,0.0,,0,0.0,,0,0.0,,0,0.0,,0,0.0,
BF.7.20,6,0.00728093487203757,2023-01-02,2,0.0001426116404771242,2023-01-10,0,0.0,,0,0.0,,0,0.0,,0,0.0,,0,0.0,
BF.7.24,0,0.0,,4,0.0004420586898984744,2023-01-03,1,0.0001723680425535766,2023-01-12,0,0.0,,0,0.0,,0,0.0,,0,0.0,
BF.7.26,0,0.0,,1,9.741995906179424e-05,2025-07-29,0,0.0,,0,0.0,,0,0.0,,0,0.0,,0,0.0,
BF.7.4,5,0.006067445726697975,2023-01-01,3,0.010020197496138387,2023-01-03,3,0.010604910660794992,2023-01-03,2,0.011447566863644149,2023-01-03,2,0.01393638526229026,2023-01-03,2,0.0197891721668998,2023-01-03,2,0.03495111823675977,2023-01-03
BF.7.4.1,9,0.010921402308056355,2023-01-03,3,0.0009631958830584193,2023-01-03,2,0.0009105969060453644,2023-02-02,1,0.0007211002550159064,2023-04-18,1,0.0008778748433043282,2023-04-18,0,0.0,,0,0.0,
BF.7.5,1,0.0012134891453395948,2023-01-28,7,0.001370947025986822,2023-01-03,5,0.001267638128307672,2023-02-08,1,0.0003790198720750665,2023-02-28,0,0.0,,0,0.0,,0,0.0,
BF.7.6,1,0.0012134891453395948,2023-02-10,3,0.0009433917267799986,2023-01-03,2,0.0008782592616475246,2023-01-10,2,0.0009735551744222152,2023-01-10,1,0.0007899733474108286,2023-01-31,0,0.0,,0,0.0,
BF.7.7,0,0.0,,2,0.00027470475538302145,2023-01-25,1,0.00020825113750266467,2023-06-21,0,0.0,,0,0.0,,0,0.0,,0,0.0,
BF.8,0,0.0,,1,0.00021256820564378247,2023-03-21,1,0.00022497229531120186,2023-03-21,0,0.0,,0,0.0,,0,0.0,,0,0.0,
BG.2,0,0.0,,8,0.010514405035337621,2023-01-12,6,0.010891135068189567,2023-01-12,6,0.012072882534795965,2023-01-12,6,0.01469765097119787,2023-01-12,4,0.018427825669634888,2023-01-12,2,0.021426460511656472,2023-01-12
BG.3,0,0.0,,2,0.00018117890511669665,2023-01-12,0,0.0,,0,0.0,,0,0.0,,0,0.0,,0,0.0,
BG.5,0,0.0,,13,0.0065073298548326535,2023-01-12,10,0.006612209679938796,2023-01-12,9,0.007075949251097621,2023-01-12,6,0.006559107836320213,2023-03-16,0,0.0,,0,0.0,
BJ.1,0,0.0,,1,0.00019483991812358848,2024-01-02,1,0.00020620950092586178,2024-01-02,0,0.0,,0,0.0,,0,0.0,,0,0.0,
BL.1.1,0,0.0,,1,6.973172796454501e-05,2023-03-28,0,0.0,,0,0.0,,0,0.0,,0,0.0,,0,0.0,
BM.1,0,0.0,,6,0.0007578567830474627,2023-03-01,2,0.00038683264016427704,2023-06-11,0,0.0,,0,0.0,,0,0.0,,0,0.0,
BM.1.1,0,0.0,,6,0.0012060708716336093,2023-02-21,3,0.0008825401080110695,2023-04-06,2,0.0006904659971554717,2023-04-06,0,0.0,,0,0.0,,0,0.0,
BM.1.1.1,0,0.0,,6,0.0009020586465760684,2023-03-08,2,0.0006124550060228731,2023-03-08,1,0.0004282043909591177,2023-03-08,0,0.0,,0,0.0,,0,0.0,
BM.1.1.4,1,0.0012134891453395948,2023-01-14,0,0.0,,0,0.0,,0,0.0,,0,0.0,,0,0.0,,0,0.0,
BM.1.1.5,0,0.0,,4,0.00037376329670594453,2023-03-07,1,0.0001478244439432863,2023-03-07,0,0.0,,0,0.0,,0,0.0,,0,0.0,
BM.2,0,0.0,,4,0.001061576468009384,2023-03-02,2,0.0009013542237554144,2023-03-23,2,0.000999156065690977,2023-03-23,1,0.0008119701044657414,2023-03-28,0,0.0,,0,0.0,
BM.2.1,0,0.0,,10,0.0010763782284000092,2023-02-07,2,0.0003852086556852769,2023-02-07,0,0.0,,0,0.0,,0,0.0,,0,0.0,
BM.2.2,0,0.0,,1,7.8568280476946e-05,2023-04-12,0,0.0,,0,0.0,,0,0.0,,0,0.0,,0,0.0,
BM.4,0,0.0,,6,0.001189061480199842,2023-01-08,3,0.000958935526558166,2023-01-11,2,0.0008441861351215699,2023-03-09,0,0.0,,0,0.0,,0,0.0,
BM.4.1,0,0.0,,3,0.0006452863473216422,2023-02-07,2,0.0005758334303710561,2023-04-17,1,0.0003809524224683181,2023-04-17,0,0.0,,0,0.0,,0,0.0,
BM.4.1.1,0,0.0,,6,0.001049728329154829,2023-04-17,4,0.0009111000937415086,2023-04-17,1,0.0003809524224683181,2023-04-17,0,0.0,,0,0.0,,0,0.0,
BN.1,8,0.009707913162716759,2023-01-02,3,0.002565514301573239,2023-01-11,3,0.0027152209302921614,2023-01-11,3,0.0030098371879695913,2023-01-11,2,0.0030087705424134185,2023-01-11,1,0.0024481596739350715,2023-01-17,0,0.0,
BN.1.1,1,0.0012134891453395948,2023-01-03,0,0.0,,0,0.0,,0,0.0,,0,0.0,,0,0.0,,0,0.0,
BN.1.10,0,0.0,,7,0.0007705814822609931,2023-01-24,2,0.0003467376181083403,2023-01-24,0,0.0,,0,0.0,,0,0.0,,0,0.0,
BN.1.2,10,0.01213489145339595,2023-01-01,5,0.002754898240920738,2023-01-17,4,0.0028272500584413792,2023-01-17,3,0.0029754128277594545,2023-01-17,1,0.002539113201823756,2023-05-17,1,0.003605450578214073,2023-05-17,0,0.0,
BN.1.2.1,0,0.0,,1,0.0003815662870417483,2023-03-12,1,0.00040383199900086207,2023-03-12,1,0.0004476499701091017,2023-03-12,0,0.0,,0,0.0,,0,0.0,
BN.1.2.2,0,0.0,,4,0.002671366583151178,2023-01-17,4,0.0028272500584413792,2023-01-17,3,0.0029754128277594545,2023-01-17,1,0.002539113201823756,2023-05-17,1,0.003605450578214073,2023-05-17,0,0.0,
BN.1.2.3,1,0.0012134891453395948,2023-02-12,5,0.0025448315975710634,2023-01-02,3,0.0025207995669295127,2023-01-03,2,0.002559705818803314,2023-01-05,2,0.003116212106370103,2023-01-05,1,0.002505623001487984,2023-01-05,0,0.0,
BN.1.2.4,0,0.0,,1,0.00033944952265956235,2023-01-17,1,0.0003592575758153946,2023-01-17,1,0.00039823897926148844,2023-01-17,0,0.0,,0,0.0,,0,0.0,
BN.1.2.7,0,0.0,,1,0.00022081616695383342,2023-05-22,1,0.0002337015536776655,2023-05-22,0,0.0,,0,0.0,,0,0.0,,0,0.0,
BN.1.3,7,0.008494424017377164,2023-01-04,2,0.00024211515277429449,2023-01-11,1,0.00018450266940121782,2023-01-11,0,0.0,,0,0.0,,0,0.0,,0,0.0,
BN.1.3.1,7,0.008494424017377164,2023-01-05,1,0.00011342155781561169,2023-01-12,0,0.0,,0,0.0,,0,0.0,,0,0.0,,0,0.0,
BN.1.3.12,0,0.0,,1,8.350244350729411e-05,2023-01-02,0,0.0,,0,0.0,,0,0.0,,0,0.0,,0,0.0,
BN.1.3.5,1,0.0012134891453395948,2023-04-03,0,0.0,,0,0.0,,0,0.0,,0,0.0,,0,0.0,,0,0.0,
BN.1.3.9,0,0.0,,3,0.001345543270704209,2023-01-12,3,0.0014240603722183317,2023-01-12,2,0.001307641578904555,2023-01-12,1,0.0008573064004038203,2023-03-02,0,0.0,,0,0.0,
BN.1.4,3,0.003640467436018785,2023-01-05,3,0.00041534857350045964,2023-01-17,1,0.00025039705080670023,2023-06-13,0,0.0,,0,0.0,,0,0.0,,0,0.0,
BN.1.4.1,3,0.003640467436018785,2023-01-29,0,0.0,,0,0.0,,0,0.0,,0,0.0,,0,0.0,,0,0.0,
BN.1.4.2,1,0.0012134891453395948,2023-02-14,0,0.0,,0,0.0,,0,0.0,,0,0.0,,0,0.0,,0,0.0,
BN.1.4.3,1,0.0012134891453395948,2023-01-05,2,0.000939768562049539,2023-02-21,1,0.000919665852915077,2023-02-23,1,0.0010194546063372182,2023-02-23,1,0.0012410944893847245,2023-02-23,0,0.0,,0,0.0,
BN.1.4.5,1,0.0012134891453395948,2023-01-05,1,0.0002827086020525929,2023-01-24,1,0.0002992056263323559,2023-01-24,1,0.0003316710662244184,2023-01-24,0,0.0,,0,0.0,,0,0.0,
BN.1.5,6,0.00728093487203757,2023-01-03,1,0.006231913821594862,2023-01-17,1,0.006595567537392006,2023-01-17,1,0.007311222533803693,2023-01-17,1,0.008900757268605336,2023-01-17,1,0.012638759239874066,2023-01-17,1,0.02232224596527839,2023-01-17
BN.1.5.2,0,0.0,,2,0.0016008242514277066,2023-01-04,2,0.0016942378806971954,2023-01-04,2,0.0018780719173524146,2023-01-04,1,0.0016173557336643034,2023-01-18,1,0.0022965877066565576,2023-01-18,0,0.0,
BN.1.7,3,0.003640467436018785,2023-01-08,2,0.0007903768941343815,2023-01-17,2,0.0008364981183137326,2023-01-17,1,0.0006163884478963183,2023-02-09,0,0.0,,0,0.0,,0,0.0,
BN.4,0,0.0,,2,0.0001693347409917017,2023-07-02,0,0.0,,0,0.0,,0,0.0,,0,0.0,,0,0.0,
BN.5,0,0.0,,1,6.691457214336992e-05,2023-03-23,0,0.0,,0,0.0,,0,0.0,,0,0.0,,0,0.0,
BQ.1,239,0.2900239057361632,2023-01-01,26,0.01235941242508422,2023-01-03,18,0.012308112391753775,2023-01-03,9,0.011628248279032128,2023-01-03,6,0.012811293422555981,2023-01-03,3,0.014577597588579804,2023-01-03,1,0.014107731307960607,2023-01-05
BQ.1.1,644,0.7814870095986991,2023-01-01,161,0.15159023233519117,2023-01-01,147,0.1590898654723644,2023-01-01,117,0.16920119785772592,2023-01-01,84,0.18747591324618587,2023-01-01,50,0.2136405406980758,2023-01-01,19,0.21471224394696448,2023-01-01
BQ.1.1.1,14,0.01698884803475433,2023-01-02,27,0.007483974964057908,2023-01-08,18,0.006905260529192471,2023-01-08,9,0.005872445605263601,2023-01-11,2,0.0035775689320914706,2023-02-06,2,0.005080020837804781,2023-02-06,0,0.0,
BQ.1.1.10,19,0.023056293761452303,2023-01-02,43,0.011459883296400167,2023-01-03,16,0.009504332600385794,2023-01-03,8,0.008565818689841409,2023-01-15,6,0.009198407492842588,2023-01-18,2,0.0066471900403819,2023-03-07,0,0.0,
BQ.1.1.11,1,0.0012134891453395948,2023-02-13,8,0.0030906780282684964,2023-01-03,7,0.0031537807327753345,2023-01-03,4,0.0026484369745531137,2023-01-03,2,0.0022191038435303077,2023-01-12,0,0.0,,0,0.0,
BQ.1.1.12,0,0.0,,14,0.004060890435173771,2023-01-03,8,0.0036702222399935037,2023-01-04,4,0.0032580879203927527,2023-01-04,2,0.003162709144097148,2023-01-18,1,0.003375193947755822,2023-01-26,0,0.0,
BQ.1.1.13,5,0.006067445726697975,2023-01-01,16,0.002888283341670129,2023-01-03,8,0.0021965605455196435,2023-01-03,3,0.0011866091015954852,2023-01-03,0,0.0,,0,0.0,,0,0.0,
BQ.1.1.14,0,0.0,,14,0.0035847210136639397,2023-01-03,6,0.002993634254890664,2023-01-03,4,0.002873900228569884,2023-01-03,2,0.002700117019647648,2023-01-03,1,0.0026265547215712534,2023-01-25,0,0.0,
BQ.1.1.15,4,0.004853956581358379,2023-01-05,27,0.003961578173613933,2023-01-03,9,0.002456271932207691,2023-01-03,3,0.0015809536024444493,2023-01-11,1,0.0008227415952519243,2023-01-26,0,0.0,,0,0.0,
BQ.1.1.16,0,0.0,,4,0.0005965015766295234,2023-01-23,3,0.0005516092581427683,2023-02-06,0,0.0,,0,0.0,,0,0.0,,0,0.0,
BQ.1.1.17,4,0.004853956581358379,2023-01-02,34,0.017620845148055547,2023-01-03,23,0.017550178853555257,2023-01-04,16,0.017905925593454778,2023-01-04,9,0.018094722473566135,2023-01-10,5,0.020049474409173065,2023-01-11,2,0.019289977499264366,2023-01-18
BQ.1.1.18,19,0.023056293761452303,2023-01-03,50,0.022691976497851426,2023-01-02,26,0.02162304758317884,2023-01-03,15,0.021734804621977907,2023-01-04,7,0.022359764384024285,2023-01-04,4,0.02742171965195258,2023-01-04,4,0.048431523952970935,2023-01-04
BQ.1.1.2,29,0.03519118521484825,2023-01-04,30,0.01453762026767608,2023-01-03,24,0.014772696911786173,2023-01-03,12,0.01375018099440077,2023-01-03,3,0.012242478569797453,2023-01-04,2,0.016295414023839383,2023-01-04,1,0.02135137219041011,2023-01-04
BQ.1.1.20,0,0.0,,2,0.000227532002509472,2023-01-08,1,0.00014606458406298654,2023-01-25,0,0.0,,0,0.0,,0,0.0,,0,0.0,
BQ.1.1.21,0,0.0,,12,0.0011889321027526627,2023-01-04,2,0.0003140867171093618,2023-03-28,0,0.0,,0,0.0,,0,0.0,,0,0.0,
BQ.1.1.22,7,0.008494424017377164,2023-01-04,1,0.0005463539374167577,2023-02-01,1,0.0005782355784615238,2023-02-01,1,0.0006409772877205001,2023-02-01,1,0.0007803323214840009,2023-02-01,0,0.0,,0,0.0,
BQ.1.1.23,10,0.01213489145339595,2023-01-09,8,0.002625091456703273,2023-01-17,4,0.0023862695284140004,2023-01-17,4,0.002645192767561016,2023-01-17,2,0.002192238934655546,2023-01-17,0,0.0,,0,0.0,
BQ.1.1.24,1,0.0012134891453395948,2023-01-28,14,0.0033616367335321594,2023-01-03,9,0.003045121496867327,2023-01-05,5,0.0025280529811369614,2023-01-11,1,0.001056753687293603,2023-02-14,0,0.0,,0,0.0,
BQ.1.1.25,5,0.006067445726697975,2023-01-02,14,0.004389460460572563,2023-01-02,10,0.004243053511085073,2023-01-03,4,0.003210247777632826,2023-01-11,2,0.0028251335843203504,2023-01-18,1,0.002778999967198502,2023-02-06,0,0.0,
BQ.1.1.26,0,0.0,,4,0.0013274804434460447,2023-02-07,2,0.0011915781214839073,2023-03-16,2,0.0013208708368446852,2023-03-16,1,0.0011228359246320352,2023-07-13,0,0.0,,0,0.0,
BQ.1.1.27,1,0.0012134891453395948,2023-01-05,1,8.832710273826296e-05,2023-03-29,0,0.0,,0,0.0,,0,0.0,,0,0.0,,0,0.0,
BQ.1.1.28,1,0.0012134891453395948,2023-01-12,4,0.0033680985176234184,2023-01-04,3,0.0034512469015709297,2023-02-02,3,0.0038257259854340034,2023-02-02,2,0.00400318412625312,2023-02-02,1,0.0043736422379257785,2023-03-29,1,0.007724612515055919,2023-03-29
BQ.1.1.29,6,0.00728093487203757,2023-01-13,5,0.011209263613522718,2023-06-02,5,0.011863362896841123,2023-06-02,5,0.013150602377482766,2023-06-02,4,0.015400767471402187,2023-06-02,3,0.02019590585703938,2023-06-02,2,0.030982338383624408,2023-06-02
BQ.1.1.3,68,0.08251726188309245,2023-01-01,48,0.029667331222097918,2023-01-03,32,0.02969497770672906,2023-01-03,22,0.030597156872076002,2023-01-03,14,0.033089887706664226,2023-01-03,8,0.03807521034857642,2023-01-03,5,0.05306067840556912,2023-01-18
BQ.1.1.30,3,0.003640467436018785,2023-01-16,6,0.0007535000157312037,2023-01-05,2,0.00044626186244693244,2023-01-22,1,0.0003298569589583009,2023-01-22,0,0.0,,0,0.0,,0,0.0,
BQ.1.1.31,1,0.0012134891453395948,2023-02-24,6,0.0019735623991346224,2023-01-11,6,0.002088726587913337,2023-01-11,3,0.0015638066282341746,2023-01-11,0,0.0,,0,0.0,,0,0.0,
BQ.1.1.32,10,0.01213489145339595,2023-01-04,12,0.0020736439696008085,2023-01-04,6,0.0015532241036051182,2023-01-04,2,0.000938070110931812,2023-01-11,0,0.0,,0,0.0,,0,0.0,
BQ.1.1.34,0,0.0,,24,0.0051834505826135035,2023-01-03,13,0.004414671925263677,2023-01-03,6,0.0033531061212669026,2023-01-04,2,0.0017869187448738548,2023-01-11,0,0.0,,0,0.0,
BQ.1.1.35,13,0.015775358889414733,2023-01-03,26,0.007936975090752798,2023-01-03,15,0.007352888296989309,2023-01-10,11,0.0072145737192481785,2023-01-24,4,0.00466452309974893,2023-01-24,1,0.0021904911048110745,2023-01-24,0,0.0,
BQ.1.1.36,1,0.0012134891453395948,2023-03-14,17,0.005314642162609688,2023-01-03,12,0.0051708153784943015,2023-01-03,5,0.004164262556228479,2023-01-03,2,0.0034176191298796663,2023-03-06,2,0.00485289779876282,2023-03-06,0,0.0,
BQ.1.1.37,1,0.0012134891453395948,2023-03-06,10,0.0015413913127352108,2023-01-02,5,0.0011614974951039397,2023-01-25,1,0.0003940658797132844,2023-03-14,0,0.0,,0,0.0,,0,0.0,
BQ.1.1.39,1,0.0012134891453395948,2023-03-14,1,0.0004937560099212092,2023-03-08,1,0.0005225683800606709,2023-03-08,1,0.0005792698951368183,2023-03-08,0,0.0,,0,0.0,,0,0.0,
BQ.1.1.4,62,0.07523632701105488,2023-01-01,52,0.023611190474681604,2023-01-03,40,0.02370237359850103,2023-01-03,27,0.023638852034190156,2023-01-03,16,0.023141433431950617,2023-01-03,5,0.016703141639090344,2023-01-03,0,0.0,
BQ.1.1.40,11,0.013348380598735544,2023-01-02,12,0.0020525347771168396,2023-01-03,5,0.0015316905167226886,2023-01-04,3,0.001293952693238788,2023-01-04,0,0.0,,0,0.0,,0,0.0,
BQ.1.1.41,14,0.01698884803475433,2023-01-11,27,0.007219049633284424,2023-01-04,15,0.006387715121977675,2023-01-04,7,0.005230671624304089,2023-01-17,3,0.00435501321295219,2023-01-17,1,0.002906995837370457,2023-01-31,0,0.0,
BQ.1.1.42,0,0.0,,6,0.0013761949276704431,2023-01-10,5,0.0013849584044369088,2023-01-16,3,0.001163329198219592,2023-01-22,0,0.0,,0,0.0,,0,0.0,
BQ.1.1.43,12,0.01456186974407514,2023-01-02,11,0.006184120878418961,2023-01-04,6,0.0059754435638663716,2023-01-04,6,0.0066238117320358645,2023-01-04,3,0.006779906603202571,2023-01-18,2,0.007661127735798618,2023-01-18,0,0.0,
BQ.1.1.44,1,0.0012134891453395948,2023-04-30,25,0.009270322433765946,2023-01-02,16,0.008821417014228936,2023-01-03,7,0.007818391962825164,2023-01-03,2,0.006687581742508291,2023-01-19,1,0.00812550720149074,2023-01-24,1,0.014351058272562238,2023-01-24
BQ.1.1.45,12,0.01456186974407514,2023-01-27,5,0.006144184849409894,2023-01-11,5,0.006502719276392808,2023-01-11,4,0.007045131111059496,2023-01-11,3,0.008032875988226995,2023-02-09,3,0.011406398641727544,2023-02-09,1,0.007837644587165118,2023-02-09
BQ.1.1.46,1,0.0012134891453395948,2023-04-05,51,0.013532613541920611,2023-01-03,26,0.011570787751714292,2023-01-03,14,0.01009523414370225,2023-01-08,7,0.008564703313772307,2023-01-08,2,0.004958141274836848,2023-01-11,0,0.0,
BQ.1.1.47,2,0.0024269782906791897,2023-01-07,7,0.0024631521637764843,2023-01-10,3,0.002197904506080795,2023-01-11,2,0.0022505264340418013,2023-01-11,1,0.0022472027265175326,2023-01-11,1,0.0031909480695336344,2023-01-11,0,0.0,
BQ.1.1.48,6,0.00728093487203757,2023-01-12,9,0.001566358708957623,2023-01-05,4,0.0011659719183420916,2023-01-05,2,0.0007611226850734621,2023-01-05,0,0.0,,0,0.0,,0,0.0,
BQ.1.1.49,1,0.0012134891453395948,2023-01-01,1,0.0001269923444614905,2023-02-08,0,0.0,,0,0.0,,0,0.0,,0,0.0,,0,0.0,
BQ.1.1.5,11,0.013348380598735544,2023-01-02,8,0.0012874189454738657,2023-01-03,5,0.0009992354133832447,2023-01-03,0,0.0,,0,0.0,,0,0.0,,0,0.0,
BQ.1.1.50,0,0.0,,11,0.0009683756181300856,2023-01-17,0,0.0,,0,0.0,,0,0.0,,0,0.0,,0,0.0,
BQ.1.1.51,14,0.01698884803475433,2023-01-03,25,0.008367531642004919,2023-01-03,15,0.007874920396892837,2023-01-03,7,0.006923556391166427,2023-01-05,3,0.006395487997162515,2023-01-08,2,0.00722825574987729,2023-01-08,1,0.008592987359583661,2023-02-08
BQ.1.1.52,24,0.02912373948815028,2023-01-02,78,0.03473444325911717,2023-01-03,48,0.0337754391930395,2023-01-03,28,0.032674025708062326,2023-01-04,12,0.03243931360087624,2023-01-04,5,0.03473951585533798,2023-01-04,3,0.052161177522034745,2023-01-04
BQ.1.1.53,1,0.0012134891453395948,2023-03-15,9,0.0008387168263432382,2023-01-02,1,0.00014917191006174696,2023-02-22,0,0.0,,0,0.0,,0,0.0,,0,0.0,
BQ.1.1.54,3,0.003640467436018785,2023-01-04,7,0.004555260077093559,2023-01-17,5,0.0045898730891232985,2023-01-17,3,0.004725856602168049,2023-01-18,2,0.005111633116241783,2023-01-18,2,0.007258337501980889,2023-01-18,1,0.008478858549892694,2023-01-18
BQ.1.1.55,1,0.0012134891453395948,2023-01-22,4,0.0007801364671413723,2023-01-08,2,0.0006386638845772643,2023-01-08,1,0.00040904520480354893,2023-01-08,0,0.0,,0,0.0,,0,0.0,
BQ.1.1.56,1,0.0012134891453395948,2023-01-06,12,0.002031734487365179,2023-01-03,3,0.0013005818835642503,2023-01-03,2,0.0011356369774836058,2023-05-10,1,0.0009711643080529378,2023-08-16,0,0.0,,0,0.0,
BQ.1.1.57,0,0.0,,6,0.0035983738784752346,2023-01-11,5,0.003729574550348798,2023-01-11,4,0.003839942502589346,2023-01-11,2,0.003498801891246242,2023-01-11,2,0.004968174436960715,2023-01-11,0,0.0,
BQ.1.1.58,1,0.0012134891453395948,2023-02-21,20,0.00733906851346929,2023-01-10,14,0.007187940888258719,2023-01-10,10,0.006960786236943024,2023-01-10,4,0.005105094718676856,2023-01-10,1,0.0035273335459610135,2023-05-10,0,0.0,
BQ.1.1.59,0,0.0,,1,0.00022599278848734432,2023-03-05,1,0.00023918024897372,2023-03-05,0,0.0,,0,0.0,,0,0.0,,0,0.0,
BQ.1.1.6,7,0.008494424017377164,2023-01-02,22,0.004538042939794786,2023-01-02,14,0.00398401399951088,2023-01-02,7,0.002728769548878625,2023-01-03,0,0.0,,0,0.0,,0,0.0,
BQ.1.1.60,6,0.00728093487203757,2023-01-13,4,0.0004828063586837025,2023-01-18,1,0.00023598780804349526,2023-01-23,0,0.0,,0,0.0,,0,0.0,,0,0.0,
BQ.1.1.61,1,0.0012134891453395948,2023-02-08,6,0.001346697200940983,2023-01-04,4,0.001196234413035254,2023-01-04,2,0.0009030038729086827,2023-01-04,0,0.0,,0,0.0,,0,0.0,
BQ.1.1.62,0,0.0,,2,0.0001487867140761186,2023-01-11,0,0.0,,0,0.0,,0,0.0,,0,0.0,,0,0.0,
BQ.1.1.63,9,0.010921402308056355,2023-01-17,15,0.0026773729957258415,2023-01-03,8,0.002155730057540263,2023-01-03,1,0.0009420425410874569,2023-05-09,1,0.001146852247507415,2023-05-09,0,0.0,,0,0.0,
BQ.1.1.64,0,0.0,,2,0.0002630595264725068,2023-04-18,1,0.00014917268128435495,2023-07-13,0,0.0,,0,0.0,,0,0.0,,0,0.0,
BQ.1.1.65,4,0.004853956581358379,2023-02-03,8,0.0012705307832916802,2023-01-08,4,0.0009193739802135239,2023-01-19,1,0.0004366214694071966,2023-03-10,0,0.0,,0,0.0,,0,0.0,
BQ.1.1.66,0,0.0,,10,0.0032688587286325574,2023-01-05,7,0.0030945896780562574,2023-01-09,3,0.0026517545478916774,2023-01-10,2,0.0027799712861121305,2023-01-12,0,0.0,,0,0.0,
BQ.1.1.67,15,0.018202337180093925,2023-01-01,35,0.01691387397900916,2023-01-03,30,0.017397264200176905,2023-01-03,15,0.01572779433441159,2023-01-03,6,0.014035744778348874,2023-01-03,4,0.016926687998716917,2023-01-03,2,0.02127062008090342,2023-01-03
BQ.1.1.68,19,0.023056293761452303,2023-01-01,18,0.0047587590760546925,2023-01-04,8,0.004101471413042048,2023-01-10,4,0.0036370814458667046,2023-01-11,2,0.0035763771564496522,2023-01-12,1,0.003861569682846385,2023-12-14,0,0.0,
BQ.1.1.69,13,0.015775358889414733,2023-01-12,10,0.0036063734854332756,2023-01-02,3,0.003136951463579385,2023-01-16,2,0.003264001916297783,2023-03-08,2,0.003973629396028624,2023-03-08,2,0.005642412631791863,2023-03-08,0,0.0,
BQ.1.1.7,11,0.013348380598735544,2023-01-03,14,0.007213938793525128,2023-01-08,11,0.007297861704131116,2023-01-08,6,0.0070143236961864265,2023-01-08,4,0.007625900028857195,2023-01-10,3,0.008704385281547293,2023-01-10,0,0.0,
BQ.1.1.70,0,0.0,,4,0.0003752562051286977,2023-01-03,0,0.0,,0,0.0,,0,0.0,,0,0.0,,0,0.0,
BQ.1.1.72,0,0.0,,2,0.0004904277038786123,2023-01-11,1,0.00040306519339507597,2023-01-11,1,0.00044679996191916406,2023-01-11,0,0.0,,0,0.0,,0,0.0,
BQ.1.1.73,1,0.0012134891453395948,2023-01-23,2,0.00032802714358638095,2023-01-08,2,0.0003471686614350637,2023-01-08,0,0.0,,0,0.0,,0,0.0,,0,0.0,
BQ.1.1.74,0,0.0,,19,0.0023188808087260706,2023-01-10,6,0.0012590549815698507,2023-01-12,1,0.000457167932347111,2023-01-18,0,0.0,,0,0.0,,0,0.0,
BQ.1.1.76,0,0.0,,14,0.001640158638872368,2023-01-11,4,0.0008099608391506277,2023-01-16,0,0.0,,0,0.0,,0,0.0,,0,0.0,
BQ.1.1.77,0,0.0,,1,0.000228432941209749,2023-01-17,1,0.00024176279304331246,2023-01-17,0,0.0,,0,0.0,,0,0.0,,0,0.0,
BQ.1.1.8,1,0.0012134891453395948,2023-01-05,2,0.00026160742527323673,2023-01-08,1,0.00015241532179524554,2023-01-08,0,0.0,,0,0.0,,0,0.0,,0,0.0,
BQ.1.1.9,0,0.0,,11,0.0017420393706739086,2023-01-03,3,0.0011325739129694036,2023-01-03,2,0.0010395792127849519,2023-01-24,1,0.000780386725341896,2023-02-15,0,0.0,,0,0.0,
BQ.1.10,36,0.04368560923222542,2023-01-01,17,0.004100378843388885,2023-01-03,9,0.003549730626389043,2023-01-11,5,0.0031387375841884666,2023-01-11,3,0.0029383359018279823,2023-01-11,0,0.0,,0,0.0,
BQ.1.10.1,4,0.004853956581358379,2023-01-03,13,0.002403529630483975,2023-01-03,7,0.0019816660964717047,2023-01-05,2,0.0010807593389197969,2023-01-24,0,0.0,,0,0.0,,0,0.0,
BQ.1.10.2,0,0.0,,3,0.0009556382660274557,2023-01-17,2,0.0009342520562112439,2023-01-17,2,0.001035623492125589,2023-01-17,1,0.0008421263048200424,2023-01-25,0,0.0,,0,0.0,
BQ.1.10.3,0,0.0,,1,0.00015055811855004564,2023-01-08,1,0.0001593437052608932,2023-01-08,0,0.0,,0,0.0,,0,0.0,,0,0.0,
BQ.1.11,40,0.0485395658135838,2023-01-01,13,0.004219633913043298,2023-01-10,7,0.003873708413668241,2023-01-10,3,0.0034451024680273857,2023-01-10,2,0.003807340267064086,2023-01-19,1,0.004253625041799406,2023-03-08,0,0.0,
BQ.1.11.1,0,0.0,,1,0.00012044622985806587,2023-03-05,0,0.0,,0,0.0,,0,0.0,,0,0.0,,0,0.0,
BQ.1.12,16,0.019415826325433518,2023-01-07,11,0.001726611060413635,2023-01-03,4,0.0009571704784530489,2023-01-03,1,0.00040061133914060063,2023-03-14,0,0.0,,0,0.0,,0,0.0,
BQ.1.13,17,0.020629315470773114,2023-01-08,22,0.005437571141041945,2023-01-03,7,0.004172523170360636,2023-01-03,3,0.0037249772822395776,2023-01-24,2,0.004050107027918226,2023-01-24,2,0.005751008153219878,2023-01-24,0,0.0,
BQ.1.13.1,13,0.015775358889414733,2023-01-01,9,0.0013641184406026634,2023-01-04,3,0.0008579143391374545,2023-01-24,2,0.0007190072934583474,2023-01-24,0,0.0,,0,0.0,,0,0.0,
BQ.1.14,18,0.02184280461611271,2023-01-02,20,0.0189553461563235,2023-01-02,13,0.01935480161580142,2023-01-02,8,0.02034884011597975,2023-01-02,6,0.023818207962623805,2023-01-03,5,0.03218068373536058,2023-01-03,4,0.05257360353035329,2023-01-03
BQ.1.15,5,0.006067445726697975,2023-01-18,10,0.0019075551252588261,2023-01-12,6,0.001590209626216763,2023-01-12,1,0.000666788174612304,2023-01-19,1,0.0008117547598038823,2023-01-19,0,0.0,,0,0.0,
BQ.1.15.1,0,0.0,,2,0.0008359235188994236,2023-01-12,2,0.000884702546092743,2023-01-12,1,0.0008200524153449582,2023-01-12,1,0.0009983402177640487,2023-01-12,0,0.0,,0,0.0,
BQ.1.15.2,0,0.0,,2,0.00017800806461017017,2023-01-31,0,0.0,,0,0.0,,0,0.0,,0,0.0,,0,0.0,
BQ.1.16,5,0.006067445726697975,2023-01-16,6,0.0008091420561058061,2023-01-08,2,0.0004655996383421063,2023-02-23,0,0.0,,0,0.0,,0,0.0,,0,0.0,
BQ.1.17,0,0.0,,2,0.00022514259383445053,2023-01-10,0,0.0,,0,0.0,,0,0.0,,0,0.0,,0,0.0,
BQ.1.18,2,0.0024269782906791897,2023-01-06,16,0.0062939272209632325,2023-01-03,4,0.005516218360823933,2023-01-11,2,0.005687908337601013,2023-01-11,1,0.006380579069329566,2023-01-11,1,0.00906019569286289,2023-01-11,1,0.016001880636477454,2023-01-11
BQ.1.19,0,0.0,,1,9.934280073195905e-05,2023-01-09,0,0.0,,0,0.0,,0,0.0,,0,0.0,,0,0.0,
BQ.1.2,62,0.07523632701105488,2023-01-01,52,0.025685974860438686,2023-01-03,39,0.025903572276785164,2023-01-03,23,0.025089419261025443,2023-01-03,16,0.026960832527001793,2023-01-03,5,0.02228149513913656,2023-01-11,2,0.02233678758562101,2023-01-12
BQ.1.2.1,3,0.003640467436018785,2023-01-10,0,0.0,,0,0.0,,0,0.0,,0,0.0,,0,0.0,,0,0.0,
BQ.1.2.2,0,0.0,,1,0.0003312273970916518,2023-01-26,1,0.0003505556607959418,2023-01-26,1,0.00038859285907292537,2023-01-26,0,0.0,,0,0.0,,0,0.0,
BQ.1.2.3,10,0.01213489145339595,2023-01-09,8,0.00245818779280148,2023-01-03,6,0.002408571393236286,2023-01-03,3,0.002074349199384172,2023-01-31,1,0.0011707015741929084,2023-02-28,0,0.0,,0,0.0,
BQ.1.20,2,0.0024269782906791897,2023-01-04,13,0.003478328235111329,2023-01-10,8,0.0032008943012309084,2023-01-19,3,0.0024916348282867343,2023-01-19,3,0.003033341784639327,2023-01-19,0,0.0,,0,0.0,
BQ.1.21,21,0.025483272052131495,2023-01-10,13,0.004170991106441965,2023-01-08,8,0.003888968875857235,2023-01-08,4,0.0033745630574577193,2023-01-08,1,0.002365385125869169,2023-03-07,1,0.003358762879748095,2023-03-07,0,0.0,
BQ.1.22,0,0.0,,16,0.0030364072033466174,2023-01-02,8,0.0023425396640954347,2023-01-26,6,0.0022201002288397245,2023-01-26,0,0.0,,0,0.0,,0,0.0,
BQ.1.23,7,0.008494424017377164,2023-01-04,39,0.007868941102274332,2023-01-02,20,0.006567579237947529,2023-01-02,10,0.005161072764078633,2023-01-02,3,0.0030566672258271433,2023-01-02,0,0.0,,0,0.0,
BQ.1.24,0,0.0,,4,0.00048027114367932007,2023-01-08,1,0.00019475333963981815,2023-01-08,0,0.0,,0,0.0,,0,0.0,,0,0.0,
BQ.1.25,6,0.00728093487203757,2023-01-09,2,0.00019205263901960642,2023-02-02,0,0.0,,0,0.0,,0,0.0,,0,0.0,,0,0.0,
BQ.1.25.1,1,0.0012134891453395948,2023-01-07,5,0.004162350309360396,2023-01-18,3,0.004235801354346359,2023-01-26,2,0.004434662775174408,2023-01-26,1,0.004946836545291667,2023-03-20,1,0.00702433222344781,2023-03-20,1,0.012406191830836332,2023-03-20
BQ.1.26.1,1,0.0012134891453395948,2023-03-07,1,9.298700942896792e-05,2023-03-15,0,0.0,,0,0.0,,0,0.0,,0,0.0,,0,0.0,
BQ.1.26.2,0,0.0,,1,0.00013483382342853405,2023-02-07,1,0.0001427018431586872,2023-02-07,0,0.0,,0,0.0,,0,0.0,,0,0.0,
BQ.1.27,1,0.0012134891453395948,2023-01-30,68,0.020359254952096856,2023-01-02,47,0.019325524463156694,2023-01-02,31,0.01782099021351156,2023-01-02,7,0.009387200706663835,2023-01-03,3,0.007802728207839735,2023-01-03,0,0.0,
BQ.1.28,2,0.0024269782906791897,2023-02-16,10,0.005595898530972028,2023-01-03,6,0.005518030453508138,2023-01-03,2,0.005219821254604412,2023-01-03,2,0.006354663909890546,2023-01-03,2,0.009023397086752373,2023-01-03,1,0.012013666318140956,2023-04-23
BQ.1.29,0,0.0,,1,0.0016561366542307955,2023-01-11,1,0.001752777953423978,2023-01-11,1,0.0019429639067716903,2023-01-11,1,0.002365384179715119,2023-01-11,1,0.0033587615362429433,2023-01-11,0,0.0,
BQ.1.3,4,0.004853956581358379,2023-01-04,16,0.0037435885030957395,2023-01-03,9,0.0032899434495519734,2023-01-03,4,0.0024426003062762848,2023-01-03,2,0.0018277945867723796,2023-01-03,0,0.0,,0,0.0,
BQ.1.3.1,1,0.0012134891453395948,2023-01-04,2,0.005656274076779688,2023-01-11,2,0.0059863372234266014,2023-01-11,2,0.006635887412983835,2023-01-11,1,0.007552955809268615,2023-01-11,1,0.010724929030416296,2023-01-11,1,0.018942089111232463,2023-01-11
BQ.1.3.2,25,0.030337228633489872,2023-01-02,8,0.005629909960589875,2023-01-04,5,0.005601730471931292,2023-01-11,2,0.0054793663630168295,2023-01-11,2,0.006670636785774399,2023-01-11,1,0.008378514613840737,2023-01-11,1,0.014797913346096462,2023-01-11
BQ.1.30,0,0.0,,3,0.0006938473407395301,2023-01-04,1,0.000581835575484501,2023-01-04,1,0.0006449679040255869,2023-01-04,1,0.0007851905386863211,2023-01-04,0,0.0,,0,0.0,
BQ.1.31,0,0.0,,30,0.008498470826674043,2023-01-03,15,0.007435621833262352,2023-01-03,10,0.007208166909780709,2023-01-03,4,0.005186783010152532,2023-01-05,1,0.0022682541234566086,2023-01-30,0,0.0,
BQ.1.32,0,0.0,,3,0.00041912132055336245,2023-01-04,1,0.00025967065211211635,2023-02-28,0,0.0,,0,0.0,,0,0.0,,0,0.0,
BQ.1.5,8,0.009707913162716759,2023-01-12,5,0.0016391623066626497,2023-01-03,4,0.001649021239412706,2023-01-03,3,0.0015414755133727513,2023-01-03,1,0.0008512112760114806,2023-01-17,0,0.0,,0,0.0,
BQ.1.6,5,0.006067445726697975,2023-01-23,3,0.000248856890317566,2023-01-19,0,0.0,,0,0.0,,0,0.0,,0,0.0,,0,0.0,
BQ.1.7,1,0.0012134891453395948,2023-01-14,2,0.0005013947776806904,2023-01-31,2,0.0005306528963268503,2023-01-31,1,0.0003908946504747162,2023-01-31,0,0.0,,0,0.0,,0,0.0,
BQ.1.8,4,0.004853956581358379,2023-01-02,1,0.00010847116463956007,2023-01-18,0,0.0,,0,0.0,,0,0.0,,0,0.0,,0,0.0,
BQ.1.9,1,0.0012134891453395948,2023-01-07,8,0.0014145843894076964,2023-01-08,6,0.0012715865076160246,2023-01-08,0,0.0,,0,0.0,,0,0.0,,0,0.0,
BR.1.2,1,0.0012134891453395948,2023-02-04,0,0.0,,0,0.0,,0,0.0,,0,0.0,,0,0.0,,0,0.0,
BR.2,0,0.0,,3,0.00041424717593937106,2023-01-08,1,0.00023370358690090473,2023-01-08,0,0.0,,0,0.0,,0,0.0,,0,0.0,
BR.2.1,5,0.006067445726697975,2023-01-02,4,0.0011226918434791542,2023-01-03,2,0.0010401532598507668,2023-01-11,2,0.0011530155530842085,2023-01-11,1,0.0010102806818794363,2023-02-14,0,0.0,,0,0.0,
BR.4,0,0.0,,2,0.00020247663227279707,2023-04-14,0,0.0,,0,0.0,,0,0.0,,0,0.0,,0,0.0,
BT.2,0,0.0,,2,0.00021996153385293087,2023-01-08,1,0.00014174370423497196,2023-12-28,0,0.0,,0,0.0,,0,0.0,,0,0.0,
BU.1,6,0.00728093487203757,2023-01-04,0,0.0,,0,0.0,,0,0.0,,0,0.0,,0,0.0,,0,0.0,
BV.2,0,0.0,,1,0.00011511876733775123,2023-01-10,0,0.0,,0,0.0,,0,0.0,,0,0.0,,0,0.0,
BW.1,1,0.0012134891453395948,2023-01-31,0,0.0,,0,0.0,,0,0.0,,0,0.0,,0,0.0,,0,0.0,
BW.1.1,3,0.003640467436018785,2023-01-05,1,0.0004832912756900281,2023-01-11,1,0.0005114929924095387,2023-01-11,1,0.0005669927676104146,2023-01-11,0,0.0,,0,0.0,,0,0.0,
BW.1.1.1,3,0.003640467436018785,2023-01-03,0,0.0,,0,0.0,,0,0.0,,0,0.0,,0,0.0,,0,0.0,
BW.1.1.2,1,0.0012134891453395948,2023-01-04,0,0.0,,0,0.0,,0,0.0,,0,0.0,,0,0.0,,0,0.0,
BY.1,0,0.0,,7,0.001022878832240242,2023-02-21,4,0.000748488367734807,2023-03-14,0,0.0,,0,0.0,,0,0.0,,0,0.0,
BY.1.1,0,0.0,,17,0.0025653852553535234,2023-01-24,11,0.002088353736837944,2023-01-24,0,0.0,,0,0.0,,0,0.0,,0,0.0,
BY.1.1.1,1,0.0012134891453395948,2023-01-03,2,0.00018308730526945996,2023-06-28,0,0.0,,0,0.0,,0,0.0,,0,0.0,,0,0.0,
BY.1.2,0,0.0,,1,0.00013238035536210316,2023-08-03,0,0.0,,0,0.0,,0,0.0,,0,0.0,,0,0.0,
C.33,0,0.0,,1,0.00022583678035211247,2023-06-22,1,0.00023901513722446272,2023-06-22,0,0.0,,0,0.0,,0,0.0,,0,0.0,
CA.1,1,0.0012134891453395948,2023-01-12,1,0.00022361364786368626,2023-07-11,1,0.00023666227726976057,2023-07-11,0,0.0,,0,0.0,,0,0.0,,0,0.0,
CA.3.1,6,0.00728093487203757,2023-01-16,2,0.006556777676660881,2023-01-11,2,0.00693938832148576,2023-01-11,1,0.007509476976697844,2023-01-11,1,0.009142114259924457,2023-01-11,1,0.012981477596535953,2023-01-11,1,0.022927546162000774,2023-01-11
CA.5,1,0.0012134891453395948,2023-02-03,2,0.00017295836944061007,2023-01-03,0,0.0,,0,0.0,,0,0.0,,0,0.0,,0,0.0,
CA.7,0,0.0,,1,0.0003861847240540435,2023-01-24,1,0.000408719937779192,2023-01-24,1,0.00045306827686396057,2023-01-24,0,0.0,,0,0.0,,0,0.0,
CB.1,0,0.0,,8,0.0019337662143605766,2023-01-08,6,0.001843594814073715,2023-01-08,3,0.001382222511454028,2023-02-01,0,0.0,,0,0.0,,0,0.0,
CF.1,0,0.0,,1,0.00012527930226660346,2023-06-27,0,0.0,,0,0.0,,0,0.0,,0,0.0,,0,0.0,
CH.1,0,0.0,,4,0.0003702459260272747,2023-06-20,0,0.0,,0,0.0,,0,0.0,,0,0.0,,0,0.0,
CH.1.1,79,0.095865642481828,2023-01-01,19,0.008864382641343552,2023-01-19,14,0.008863366055434493,2023-01-19,10,0.009008336202159958,2023-01-19,6,0.008613095498062199,2023-01-19,1,0.004276942782865255,2023-06-20,0,0.0,
CH.1.1.1,20,0.0242697829067919,2023-01-05,1,9.29750189947951e-05,2023-08-03,0,0.0,,0,0.0,,0,0.0,,0,0.0,,0,0.0,
CH.1.1.11,2,0.0024269782906791897,2023-01-11,3,0.0010947504221089303,2023-03-01,3,0.0011586328938932593,2023-03-01,2,0.0009768329558440517,2023-03-01,1,0.0007803742361084313,2023-03-01,0,0.0,,0,0.0,
CH.1.1.12,0,0.0,,1,0.0002649819706697156,2023-03-23,1,0.00028044458472567036,2023-03-23,1,0.0003108743494332102,2023-03-23,0,0.0,,0,0.0,,0,0.0,
CH.1.1.13,0,0.0,,7,0.0011315052763146143,2023-01-22,4,0.0009025764713667951,2023-01-25,1,0.0004371668984532771,2023-01-25,0,0.0,,0,0.0,,0,0.0,
CH.1.1.14,2,0.0024269782906791897,2023-01-31,7,0.002839432325485343,2023-01-25,5,0.00280423348059492,2023-01-25,3,0.002754942915261868,2023-01-25,2,0.002887558084715544,2023-01-25,1,0.0027567247861305278,2023-02-07,0,0.0,
CH.1.1.15,2,0.0024269782906791897,2023-02-27,2,0.0004658976603987899,2023-05-23,1,0.00039470794477025097,2023-08-03,1,0.00043753590630605437,2023-08-03,0,0.0,,0,0.0,,0,0.0,
CH.1.1.16,1,0.0012134891453395948,2023-03-23,1,0.000828430424978318,2023-07-05,1,0.0008767722042370167,2023-07-05,1,0.0009719067631843456,2023-07-05,1,0.0011832092576614796,2023-07-05,0,0.0,,0,0.0,
CH.1.1.17,0,0.0,,4,0.0009383081801636855,2023-01-19,3,0.000905422773568322,2023-03-16,2,0.000787781714909107,2023-03-16,0,0.0,,0,0.0,,0,0.0,
CH.1.1.18,4,0.004853956581358379,2023-01-17,0,0.0,,0,0.0,,0,0.0,,0,0.0,,0,0.0,,0,0.0,
CH.1.1.19,0,0.0,,3,0.0052182981628397995,2023-03-02,3,0.005522803900784754,2023-03-02,3,0.006122058200493041,2023-03-02,3,0.007453056417708873,2023-03-02,2,0.00947543336756245,2023-03-02,1,0.011132560348240065,2023-03-02
CH.1.1.2,8,0.009707913162716759,2023-01-11,4,0.0015060584180296328,2023-02-14,4,0.001593942133306023,2023-02-14,1,0.0009851685852125792,2023-05-09,1,0.0011993543357612072,2023-05-09,0,0.0,,0,0.0,
CH.1.1.20,1,0.0012134891453395948,2023-04-19,0,0.0,,0,0.0,,0,0.0,,0,0.0,,0,0.0,,0,0.0,
CH.1.1.23,1,0.0012134891453395948,2023-02-08,0,0.0,,0,0.0,,0,0.0,,0,0.0,,0,0.0,,0,0.0,
CH.1.1.24,2,0.0024269782906791897,2023-01-02,4,0.000995706256057916,2023-01-10,2,0.0008725292178924097,2023-01-10,1,0.000810196299533353,2023-04-24,1,0.0009863412813283497,2023-04-24,0,0.0,,0,0.0,
CH.1.1.25,4,0.004853956581358379,2023-01-02,4,0.0012669127194641558,2023-01-09,1,0.0010303184188201683,2023-02-05,1,0.0011421135782425226,2023-02-05,1,0.0013904207793038201,2023-02-05,0,0.0,,0,0.0,
CH.1.1.26,0,0.0,,3,0.0019200456466557769,2023-02-09,2,0.0019597424812830676,2023-02-09,1,0.0018684854850389426,2023-03-08,1,0.0022747133855316568,2023-03-08,1,0.0032300122283818026,2023-03-08,0,0.0,
CH.1.1.27,1,0.0012134891453395948,2023-04-01,2,0.00019812648950580497,2023-02-08,0,0.0,,0,0.0,,0,0.0,,0,0.0,,0,0.0,
CH.1.1.28,0,0.0,,1,7.272145329411875e-05,2023-02-27,0,0.0,,0,0.0,,0,0.0,,0,0.0,,0,0.0,
CH.1.1.29,0,0.0,,1,7.306480368261402e-05,2023-10-17,0,0.0,,0,0.0,,0,0.0,,0,0.0,,0,0.0,
CH.1.1.3,0,0.0,,2,0.0003386867058114969,2023-03-23,1,0.00022616523646347867,2023-03-23,0,0.0,,0,0.0,,0,0.0,,0,0.0,
CH.1.1.30,1,0.0012134891453395948,2023-03-07,2,0.0003516559171384628,2023-03-23,2,0.0003721762556107826,2023-03-23,0,0.0,,0,0.0,,0,0.0,,0,0.0,
CH.1.1.31,0,0.0,,1,0.00023461079711943543,2023-10-23,1,0.00024830114820275295,2023-10-23,0,0.0,,0,0.0,,0,0.0,,0,0.0,
CH.1.1.32,6,0.00728093487203757,2023-03-14,3,0.0015649331722009132,2023-03-08,3,0.0016562524329187115,2023-03-08,3,0.0018359648416261475,2023-03-08,1,0.001177933408061336,2023-03-16,0,0.0,,0,0.0,
CH.1.1.4,0,0.0,,4,0.000980266485327411,2023-05-22,2,0.0008522073619494334,2023-12-04,2,0.0009446765017316172,2023-12-04,0,0.0,,0,0.0,,0,0.0,
CH.1.1.5,2,0.0024269782906791897,2023-01-02,0,0.0,,0,0.0,,0,0.0,,0,0.0,,0,0.0,,0,0.0,
CH.1.1.6,2,0.0024269782906791897,2023-02-02,0,0.0,,0,0.0,,0,0.0,,0,0.0,,0,0.0,,0,0.0,
CH.1.1.7,1,0.0012134891453395948,2023-02-10,1,0.00016396150283595388,2023-03-19,1,0.00017352922335663325,2023-03-19,0,0.0,,0,0.0,,0,0.0,,0,0.0,
CH.3,0,0.0,,1,0.00019774743279676196,2023-05-23,1,0.00020928667913176421,2023-05-23,0,0.0,,0,0.0,,0,0.0,,0,0.0,
CJ.1,0,0.0,,7,0.002171658680695771,2023-02-06,6,0.0022131644073806185,2023-02-06,3,0.0018758076640283175,2023-03-07,1,0.0012517071209058542,2023-03-07,0,0.0,,0,0.0,
CJ.1.1,1,0.0012134891453395948,2023-01-11,3,0.00032747664354231465,2023-04-24,1,0.00018289894704346407,2023-05-16,0,0.0,,0,0.0,,0,0.0,,0,0.0,
CJ.1.2,1,0.0012134891453395948,2023-01-05,1,8.280679958879346e-05,2023-11-16,0,0.0,,0,0.0,,0,0.0,,0,0.0,,0,0.0,
CJ.1.3,0,0.0,,4,0.002901418034237778,2023-04-24,3,0.002968273861427361,2023-04-24,2,0.0030265506478995828,2023-04-24,1,0.002943589327577133,2023-04-24,1,0.004179792313125239,2023-04-24,0,0.0,
CK.1,17,0.020629315470773114,2023-01-02,7,0.001371231351641351,2023-01-03,4,0.0011945713766478307,2023-01-03,2,0.0008790175075737023,2023-02-21,0,0.0,,0,0.0,,0,0.0,
CK.1.1,0,0.0,,1,0.00039588902627489515,2023-02-21,1,0.00041899051958330785,2023-02-21,1,0.0004644532727260783,2023-02-21,0,0.0,,0,0.0,,0,0.0,
CK.1.3,4,0.004853956581358379,2023-01-09,1,0.0001361456829198272,2023-01-11,1,0.00014409025418651782,2023-01-11,0,0.0,,0,0.0,,0,0.0,,0,0.0,
CK.1.4,14,0.01698884803475433,2023-01-02,4,0.0006547995975416408,2023-01-05,3,0.00055371609808552,2023-01-05,0,0.0,,0,0.0,,0,0.0,,0,0.0,
CK.1.5,5,0.006067445726697975,2023-01-02,2,0.0008071887415090142,2023-01-10,2,0.0008542909951027988,2023-01-10,2,0.0009469862204293184,2023-01-10,0,0.0,,0,0.0,,0,0.0,
CK.2,4,0.004853956581358379,2023-01-04,0,0.0,,0,0.0,,0,0.0,,0,0.0,,0,0.0,,0,0.0,
CK.2.1,0,0.0,,4,0.004011483818041984,2023-01-03,2,0.004028706770311102,2023-02-22,2,0.0044658433947039715,2023-02-22,1,0.004885316568168607,2023-02-22,1,0.006936976040615654,2023-02-22,1,0.012251905625777913,2023-02-22
CK.2.1.1,0,0.0,,4,0.0006830420384305458,2023-01-08,2,0.0005160397703505498,2023-01-19,1,0.0004019923984379577,2023-01-25,0,0.0,,0,0.0,,0,0.0,
CK.3,2,0.0024269782906791897,2023-01-31,1,6.725838625031388e-05,2023-01-10,0,0.0,,0,0.0,,0,0.0,,0,0.0,,0,0.0,
CL.1,2,0.0024269782906791897,2023-01-05,9,0.00202387399594174,2023-01-03,3,0.0015075171750753822,2023-01-03,2,0.0014517120216270716,2023-01-04,2,0.0017673290983384318,2023-01-04,0,0.0,,0,0.0,
CL.1.1,0,0.0,,3,0.00033502988837076224,2023-01-17,1,0.0001418253837202733,2023-01-25,0,0.0,,0,0.0,,0,0.0,,0,0.0,
CM.10,1,0.0012134891453395948,2023-02-01,1,0.0005639005797960576,2023-02-14,1,0.0005968061280840344,2023-02-14,1,0.0006615628431098558,2023-02-14,1,0.0008053933876617747,2023-02-14,0,0.0,,0,0.0,
CM.11,0,0.0,,1,7.547819322598111e-05,2023-02-14,0,0.0,,0,0.0,,0,0.0,,0,0.0,,0,0.0,
CM.12,1,0.0012134891453395948,2023-02-20,0,0.0,,0,0.0,,0,0.0,,0,0.0,,0,0.0,,0,0.0,
CM.8,0,0.0,,2,0.00031143397258304336,2023-01-05,1,0.0002580777268708745,2023-05-31,0,0.0,,0,0.0,,0,0.0,,0,0.0,
CM.8.1,8,0.009707913162716759,2023-01-09,2,0.0026361786998290496,2023-02-14,2,0.0027900088404796113,2023-02-14,2,0.0030927399936976304,2023-02-14,2,0.003765133375647532,2023-02-14,1,0.003769606486497852,2023-02-14,0,0.0,
CM.8.1.1,0,0.0,,1,0.00010859888594942287,2023-01-05,0,0.0,,0,0.0,,0,0.0,,0,0.0,,0,0.0,
CN.1,0,0.0,,1,0.00016356939576485537,2023-01-12,1,0.00017311423548238542,2023-01-12,0,0.0,,0,0.0,,0,0.0,,0,0.0,
CN.2,3,0.003640467436018785,2023-01-01,2,0.0037914470293093825,2023-01-03,1,0.0038795689342663994,2023-01-04,1,0.004300523291263123,2023-01-04,1,0.005235501144512769,2023-01-04,1,0.007434225703354144,2023-01-04,1,0.013130134973068721,2023-01-04
CP.1,1,0.0012134891453395948,2023-01-20,3,0.0008794890059607534,2023-01-03,3,0.0009308102299340518,2023-01-03,2,0.0008375117405578262,2023-01-03,0,0.0,,0,0.0,,0,0.0,
CP.1.1,1,0.0012134891453395948,2023-01-05,1,7.14599403772529e-05,2023-05-16,0,0.0,,0,0.0,,0,0.0,,0,0.0,,0,0.0,
CP.4,0,0.0,,1,9.330233797406488e-05,2023-03-16,0,0.0,,0,0.0,,0,0.0,,0,0.0,,0,0.0,
CQ.1,1,0.0012134891453395948,2023-01-15,1,7.732968850054308e-05,2023-01-25,0,0.0,,0,0.0,,0,0.0,,0,0.0,,0,0.0,
CQ.1.1,1,0.0012134891453395948,2023-01-18,0,0.0,,0,0.0,,0,0.0,,0,0.0,,0,0.0,,0,0.0,
CQ.2,37,0.04489909837756501,2023-01-02,30,0.022331559415571217,2023-01-02,19,0.02242031655209198,2023-01-02,11,0.023212897596335057,2023-01-03,10,0.027717238599476005,2023-01-03,5,0.03103009127906791,2023-01-17,3,0.041129676487755173,2023-01-17
CR.1,1,0.0012134891453395948,2023-01-02,5,0.0006728863394226582,2023-01-03,2,0.0004385813266050505,2023-01-11,1,0.00031721618616164767,2023-01-11,0,0.0,,0,0.0,,0,0.0,
CR.1.1,1,0.0012134891453395948,2023-01-30,1,6.62454926674289e-05,2023-01-03,0,0.0,,0,0.0,,0,0.0,,0,0.0,,0,0.0,
CT.1,0,0.0,,1,9.016415649542344e-05,2023-01-24,0,0.0,,0,0.0,,0,0.0,,0,0.0,,0,0.0,
CU.1,0,0.0,,2,0.00020157337498027665,2023-05-18,0,0.0,,0,0.0,,0,0.0,,0,0.0,,0,0.0,
CW.1,0,0.0,,19,0.0024712570348223734,2023-01-03,6,0.0012926278441411148,2023-01-03,1,0.00034973146699191545,2023-01-23,0,0.0,,0,0.0,,0,0.0,
CZ.2,1,0.0012134891453395948,2023-01-10,15,0.0021973223832916114,2023-01-03,6,0.0013897337447144713,2023-01-25,2,0.000780342414008583,2023-02-02,0,0.0,,0,0.0,,0,0.0,
DA.1,0,0.0,,1,9.483810723057388e-05,2023-01-23,0,0.0,,0,0.0,,0,0.0,,0,0.0,,0,0.0,
DD.1,0,0.0,,1,0.00019109161565748005,2023-12-21,1,0.00020224247205262482,2023-12-21,0,0.0,,0,0.0,,0,0.0,,0,0.0,
DF.1,1,0.0012134891453395948,2023-02-17,3,0.0006241818582676525,2023-01-23,2,0.0005858749590605972,2023-01-23,1,0.00042445509086777843,2023-01-30,0,0.0,,0,0.0,,0,0.0,
DF.1.1,1,0.0012134891453395948,2023-02-07,9,0.013394930433606957,2023-01-04,9,0.014176570931931243,2023-01-04,6,0.015108527500913868,2023-01-23,5,0.017928843407767018,2023-01-23,4,0.02361100137040455,2023-02-09,3,0.037873941214080525,2023-02-09
DJ.1,0,0.0,,1,9.339130567071724e-05,2023-02-09,0,0.0,,0,0.0,,0,0.0,,0,0.0,,0,0.0,
DJ.1.1,2,0.0024269782906791897,2023-01-06,4,0.000824782020715152,2023-01-10,2,0.0006828880324764095,2023-01-10,1,0.0005706361372671844,2023-01-31,0,0.0,,0,0.0,,0,0.0,
DJ.1.1.1,0,0.0,,2,0.00175704046375197,2023-01-26,2,0.0018595698490645896,2023-01-26,1,0.001878310591134192,2023-01-31,1,0.0022866745704207465,2023-01-31,1,0.0032469966861615974,2023-01-31,0,0.0,
DK.1,2,0.0024269782906791897,2023-01-26,1,0.00018799947479624244,2023-01-08,1,0.0001989698940823148,2023-01-08,0,0.0,,0,0.0,,0,0.0,,0,0.0,
DL.1,4,0.004853956581358379,2023-01-02,0,0.0,,0,0.0,,0,0.0,,0,0.0,,0,0.0,,0,0.0,
DM.1,0,0.0,,3,0.000559387605608089,2023-01-11,1,0.00040306519339507597,2023-01-11,1,0.00044679996191916406,2023-01-11,0,0.0,,0,0.0,,0,0.0,
DN.1,1,0.0012134891453395948,2023-02-27,1,0.00026587893464043253,2023-04-13,1,0.00028139388964496675,2023-04-13,1,0.00031192665910604163,2023-04-13,0,0.0,,0,0.0,,0,0.0,
DN.1.1,1,0.0012134891453395948,2023-01-05,0,0.0,,0,0.0,,0,0.0,,0,0.0,,0,0.0,,0,0.0,
DN.2,6,0.00728093487203757,2023-01-04,8,0.0019330843495045508,2023-01-03,3,0.0014855869694390042,2023-01-03,2,0.001463122353748668,2023-01-12,2,0.0017812201536440157,2023-01-12,0,0.0,,0,0.0,
DN.3,0,0.0,,6,0.002290141924115116,2023-01-19,4,0.002254407289121838,2023-01-19,3,0.00226647560938371,2023-01-19,2,0.0023059063814943287,2023-01-19,0,0.0,,0,0.0,
DQ.1,0,0.0,,1,0.00013621603563303996,2023-02-28,1,0.00014416471222376248,2023-02-28,0,0.0,,0,0.0,,0,0.0,,0,0.0,
DR.1,7,0.008494424017377164,2023-01-08,4,0.00038613616610791825,2023-01-11,0,0.0,,0,0.0,,0,0.0,,0,0.0,,0,0.0,
DR.2,0,0.0,,3,0.0016339550134660337,2023-01-12,3,0.0017293019372365923,2023-01-12,1,0.0014572235129681728,2023-01-12,1,0.001774038844401877,2023-01-12,1,0.0025190721598110713,2023-01-12,0,0.0,
DS.1,2,0.0024269782906791897,2023-01-03,1,0.00019943735531470808,2023-01-24,1,0.00021107521447085218,2023-01-24,0,0.0,,0,0.0,,0,0.0,,0,0.0,
DS.2,4,0.004853956581358379,2023-02-02,0,0.0,,0,0.0,,0,0.0,,0,0.0,,0,0.0,,0,0.0,
DS.3,0,0.0,,1,7.253391230437724e-05,2023-01-12,0,0.0,,0,0.0,,0,0.0,,0,0.0,,0,0.0,
DT.1,0,0.0,,2,0.0002019308356587101,2023-01-10,1,0.0001414345140803119,2023-01-10,0,0.0,,0,0.0,,0,0.0,,0,0.0,
DT.2,4,0.004853956581358379,2023-02-13,5,0.001544810838821211,2023-01-25,4,0.0015121407948326083,2023-01-25,2,0.0013047835555730406,2023-01-26,1,0.0009959499487866555,2023-08-16,0,0.0,,0,0.0,
DT.3,0,0.0,,2,0.0002719529838631091,2023-01-16,1,0.00017781799227969676,2023-01-16,0,0.0,,0,0.0,,0,0.0,,0,0.0,
DU.1,0,0.0,,1,0.006575838955984528,2023-06-14,1,0.006959561892354562,2023-06-14,1,0.007714712258545695,2023-06-14,1,0.009391969796154613,2023-06-14,1,0.013336263585173229,2023-06-14,1,0.02355415989465343,2023-06-14
DV.1,2,0.0024269782906791897,2023-01-02,6,0.004932764455506913,2023-02-01,5,0.005140251826539437,2023-02-01,4,0.005490087642142908,2023-03-02,3,0.0061439271128720125,2023-03-07,1,0.004782185898205999,2023-05-02,1,0.008446171641173198,2023-05-02
DV.1.1,4,0.004853956581358379,2023-02-23,5,0.003064128623435692,2023-03-16,5,0.0032429311215914853,2023-03-16,5,0.003594806808866093,2023-03-16,2,0.00288863688956375,2023-03-28,1,0.002920658209961151,2023-06-13,0,0.0,
DV.2,0,0.0,,1,0.00012989283711244124,2023-12-19,0,0.0,,0,0.0,,0,0.0,,0,0.0,,0,0.0,
DV.3,2,0.0024269782906791897,2023-02-19,0,0.0,,0,0.0,,0,0.0,,0,0.0,,0,0.0,,0,0.0,
DV.3.1,1,0.0012134891453395948,2023-01-27,0,0.0,,0,0.0,,0,0.0,,0,0.0,,0,0.0,,0,0.0,
DV.4,0,0.0,,5,0.0015668801272304088,2023-01-31,5,0.0016583129995049834,2023-01-31,1,0.0009236232358835392,2023-01-31,1,0.0011244283965141752,2023-01-31,0,0.0,,0,0.0,
DV.5,2,0.0024269782906791897,2023-08-01,5,0.0016258947918822023,2023-03-16,3,0.0014768329618379385,2023-03-16,1,0.0011781282939057726,2023-08-22,1,0.0014342654633815262,2023-08-22,0,0.0,,0,0.0,
DV.6,6,0.00728093487203757,2023-01-11,2,0.00037610785718243016,2023-01-17,2,0.0003980550508889519,2023-01-17,0,0.0,,0,0.0,,0,0.0,,0,0.0,
DV.6.1,0,0.0,,1,9.696564747308103e-05,2023-05-31,0,0.0,,0,0.0,,0,0.0,,0,0.0,,0,0.0,
DV.6.2,2,0.0024269782906791897,2023-07-25,2,0.0012417565898331336,2023-05-28,2,0.0013142173797181973,2023-05-28,2,0.0014568171224748764,2023-05-28,2,0.00177354410044895,2023-05-28,0,0.0,,0,0.0,
DV.7,2,0.0024269782906791897,2023-05-08,2,0.00022815139786591245,2023-07-17,1,0.0001476904615429336,2023-08-16,0,0.0,,0,0.0,,0,0.0,,0,0.0,
DV.7.1,113,0.13712427342337422,2023-06-30,23,0.006957745943595067,2023-07-18,16,0.006743089872406395,2023-08-08,10,0.006299352173532421,2023-08-08,4,0.004501085584476735,2023-08-08,0,0.0,,0,0.0,
DV.7.1.1,3,0.003640467436018785,2023-12-09,6,0.0011984680089311534,2023-08-21,1,0.0007941419416822989,2023-10-18,1,0.0008803106671487572,2023-10-18,1,0.0010716992312882997,2023-10-18,0,0.0,,0,0.0,
DV.7.1.2,14,0.01698884803475433,2023-07-22,17,0.009609072205286465,2023-08-21,13,0.009780310964877416,2023-08-21,7,0.009284631375957012,2023-11-29,3,0.008796085949092662,2023-12-04,3,0.012490129683228726,2023-12-04,1,0.008995969133265249,2023-12-04
DV.7.1.3,0,0.0,,1,0.00044163683860116813,2023-10-24,1,0.0004674078749132712,2023-10-24,1,0.0005181241747839749,2023-10-24,0,0.0,,0,0.0,,0,0.0,
DV.7.1.4,0,0.0,,43,0.01879274149366836,2023-07-17,29,0.018586143252866266,2023-08-03,19,0.018440541963350536,2023-08-03,7,0.015920655657447783,2023-08-03,3,0.016408896813958466,2023-08-03,2,0.022407858648697886,2023-09-12
DV.7.1.5,0,0.0,,17,0.004312249285258401,2023-07-06,10,0.003982760622550595,2023-07-06,6,0.0036340613792805493,2023-07-06,2,0.0022300089312683995,2023-08-31,0,0.0,,0,0.0,
DV.7.1.7,0,0.0,,3,0.0021731515891185243,2023-08-21,3,0.002299962497131237,2023-08-21,2,0.002376813154167816,2023-11-06,1,0.0025150950812556803,2023-11-06,1,0.003571345699933111,2023-11-06,0,0.0,
DV.7.1.8,0,0.0,,1,0.0001936820794027472,2023-08-07,1,0.00020498409831290297,2023-08-07,0,0.0,,0,0.0,,0,0.0,,0,0.0,
DV.7.1.9,0,0.0,,3,0.0006278376820259973,2023-08-22,1,0.00044738609467595146,2023-09-12,1,0.0004959299223548897,2023-09-12,0,0.0,,0,0.0,,0,0.0,
DV.7.2,0,0.0,,10,0.0020066188337301773,2023-06-15,7,0.0018243079388706692,2023-06-15,2,0.000986572571493207,2023-06-15,0,0.0,,0,0.0,,0,0.0,
DW.1,0,0.0,,1,8.480946707762249e-05,2023-03-21,0,0.0,,0,0.0,,0,0.0,,0,0.0,,0,0.0,
DY.2,1,0.0012134891453395948,2023-01-03,0,0.0,,0,0.0,,0,0.0,,0,0.0,,0,0.0,,0,0.0,
DY.3,0,0.0,,2,0.00045438260388136676,2023-01-04,1,0.00036010977679722973,2023-01-04,1,0.00039918364869082865,2023-01-04,0,0.0,,0,0.0,,0,0.0,
DZ.1,1,0.0012134891453395948,2023-08-09,0,0.0,,0,0.0,,0,0.0,,0,0.0,,0,0.0,,0,0.0,
EA.1,2,0.0024269782906791897,2023-01-23,7,0.001133133789260858,2023-01-03,4,0.0009217869955316497,2023-01-24,1,0.0005000274017175941,2023-01-24,0,0.0,,0,0.0,,0,0.0,
EA.2,0,0.0,,2,0.00020363884319615444,2023-01-09,0,0.0,,0,0.0,,0,0.0,,0,0.0,,0,0.0,
ED.1,0,0.0,,1,7.702959641875965e-05,2023-01-22,0,0.0,,0,0.0,,0,0.0,,0,0.0,,0,0.0,
ED.2,22,0.026696761197471088,2023-01-01,10,0.003136298053039414,2023-01-04,6,0.0029301774978156177,2023-01-10,3,0.0025748859687233124,2023-01-10,2,0.0027104087157148993,2023-01-10,1,0.002724332876918237,2023-01-24,0,0.0,
ED.3,1,0.0012134891453395948,2023-01-05,0,0.0,,0,0.0,,0,0.0,,0,0.0,,0,0.0,,0,0.0,
EE.1,1,0.0012134891453395948,2023-01-06,8,0.0017774046594254008,2023-01-03,3,0.0013846057453716161,2023-01-04,3,0.0015348430091275936,2023-01-04,1,0.0010596027463700098,2023-01-04,0,0.0,,0,0.0,
EE.2,17,0.020629315470773114,2023-01-03,16,0.0031307124318341742,2023-01-03,9,0.0025204047009542187,2023-01-08,4,0.0018863588948852554,2023-01-31,0,0.0,,0,0.0,,0,0.0,
EE.3,9,0.010921402308056355,2023-01-02,35,0.017304819634130233,2023-01-02,23,0.01704169145587137,2023-01-02,15,0.01706372376930564,2023-01-02,8,0.016997533946776874,2023-01-03,5,0.019758756688116465,2023-01-03,2,0.02194070230286901,2023-01-03
EE.4,0,0.0,,2,0.00019626730975409357,2023-01-09,0,0.0,,0,0.0,,0,0.0,,0,0.0,,0,0.0,
EE.5,17,0.020629315470773114,2023-01-04,21,0.00435339482447259,2023-01-05,8,0.003293877876742236,2023-01-05,4,0.0026470184548966495,2023-01-08,1,0.0012599555026859752,2023-01-25,0,0.0,,0,0.0,
EF.1,10,0.01213489145339595,2023-01-18,13,0.010303046074916989,2023-01-03,8,0.010439067091393913,2023-01-03,7,0.011336252085342597,2023-01-03,3,0.011538756814847126,2023-03-06,3,0.016384624915533736,2023-03-06,2,0.0214896175998681,2023-03-06
EF.1.1,3,0.003640467436018785,2023-01-29,5,0.0019426535771658534,2023-01-11,3,0.0018756353274340383,2023-01-11,2,0.0018931473026166541,2023-01-17,2,0.002304736935088099,2023-01-17,0,0.0,,0,0.0,
EF.1.1.1,1,0.0012134891453395948,2023-04-27,0,0.0,,0,0.0,,0,0.0,,0,0.0,,0,0.0,,0,0.0,
EF.1.2,3,0.003640467436018785,2023-01-31,2,0.0011287752995617897,2023-01-03,1,0.0010930326287460078,2023-01-03,1,0.0012116326214787621,2023-01-03,1,0.0014750539752612039,2023-01-03,0,0.0,,0,0.0,
EF.2,0,0.0,,2,0.0002715601480915913,2023-01-08,1,0.00017100248775940116,2023-01-08,0,0.0,,0,0.0,,0,0.0,,0,0.0,
EG.1,80,0.0970791316271676,2023-03-01,140,0.10311592935889956,2023-02-27,106,0.10557442904851139,2023-02-27,72,0.10903104582387307,2023-02-27,37,0.11346380458867969,2023-03-30,24,0.14220986004836975,2023-03-30,13,0.19157781895526257,2023-03-30
EG.1.1,1,0.0012134891453395948,2023-04-08,20,0.0039002764495732877,2023-06-08,9,0.0030419324212721185,2023-06-08,3,0.001993891187258664,2023-06-08,1,0.0011886343157553629,2023-07-02,0,0.0,,0,0.0,
EG.1.2,2,0.0024269782906791897,2023-03-25,17,0.009029978287992626,2023-03-19,10,0.008882717222558588,2023-04-02,2,0.008125960163552154,2023-06-07,1,0.00924214630228206,2023-06-22,1,0.013123519544369985,2023-06-22,1,0.023178416934737333,2023-06-22
EG.1.3,11,0.013348380598735544,2023-02-25,23,0.01055414371902403,2023-05-22,12,0.010064226752450528,2023-05-22,9,0.010332711214671454,2023-05-22,6,0.011088872674678655,2023-05-22,3,0.010173630827169478,2023-05-23,0,0.0,
EG.1.4,23,0.027910250342810684,2023-02-26,37,0.01913816669099399,2023-03-14,21,0.018629035569432555,2023-03-14,9,0.017989212406722955,2023-03-14,6,0.020045373555314275,2023-03-14,3,0.024572045402341508,2023-03-15,2,0.03885473094888056,2023-03-15
EG.1.5,2,0.0024269782906791897,2023-05-20,17,0.008301709921754084,2023-04-27,13,0.008400521855248465,2023-04-27,8,0.0082895472202135,2023-04-27,3,0.006907968648532534,2023-06-29,1,0.007269652636720701,2023-06-29,1,0.012839470327676801,2023-06-29
EG.1.6,9,0.010921402308056355,2023-03-16,13,0.012020457557518405,2023-02-26,11,0.01252323568358285,2023-02-26,8,0.013240031446147042,2023-04-04,6,0.015168273767380508,2023-04-10,3,0.017206444329940198,2023-07-23,2,0.025467896738077228,2023-07-23
EG.1.7,1,0.0012134891453395948,2023-04-18,8,0.002074621223108639,2023-05-16,4,0.0018180838218684137,2023-05-16,3,0.001830311747018879,2023-05-16,1,0.0009959501380174653,2023-05-16,0,0.0,,0,0.0,
EG.1.8,5,0.006067445726697975,2023-06-21,8,0.0021609043211706478,2023-06-25,4,0.0018356548669909618,2023-06-25,2,0.0015949898901957082,2023-06-25,2,0.0019417570444440607,2023-06-25,0,0.0,,0,0.0,
EG.10,0,0.0,,169,0.04676780424618834,2023-05-04,117,0.044254285455775796,2023-05-04,59,0.036059786459586636,2023-05-04,18,0.022155011443681778,2023-06-29,4,0.012040108525795984,2023-07-26,0,0.0,
EG.10.1,24,0.02912373948815028,2023-06-15,13,0.003015291651295352,2023-07-25,6,0.0025292030889108173,2023-07-25,2,0.0019256644486930182,2023-07-25,1,0.0019478000357482262,2023-08-16,1,0.0027658068809573665,2023-08-16,0,0.0,
EG.10.1.1,0,0.0,,25,0.02077908874292386,2023-08-08,18,0.021290060934282214,2023-08-16,15,0.022792253669554154,2023-08-16,12,0.026405178960929813,2023-08-16,8,0.03186436807629433,2023-08-16,2,0.02498468820690237,2023-09-13
EG.11,1,0.0012134891453395948,2023-06-14,63,0.02122898294969504,2023-05-23,22,0.018604217345462675,2023-05-23,9,0.017744670094414185,2023-06-14,5,0.019400867419297387,2023-07-03,3,0.02477061626989531,2023-07-05,2,0.03739928946653531,2023-07-05
EG.12,0,0.0,,2,0.00020146645475511141,2023-08-22,0,0.0,,0,0.0,,0,0.0,,0,0.0,,0,0.0,
EG.13,11,0.013348380598735544,2023-02-20,18,0.004546890157831508,2023-03-08,11,0.0041251698918962675,2023-03-22,5,0.003272192600500887,2023-03-22,2,0.002365385125869169,2023-03-22,0,0.0,,0,0.0,
EG.14,10,0.01213489145339595,2023-03-28,50,0.0331119642173279,2023-02-26,30,0.03327469718400772,2023-04-12,23,0.035332224448062,2023-04-12,13,0.03693548448275385,2023-04-18,8,0.04457978395832134,2023-04-18,4,0.0557656162624071,2023-04-18
EG.2,29,0.03519118521484825,2023-03-20,761,0.3288771896506347,2023-02-13,630,0.334367008430547,2023-02-13,437,0.3255129117814639,2023-03-06,204,0.2711682194597427,2023-03-06,42,0.14569980599556165,2023-04-20,7,0.08741057207622191,2023-04-20
EG.2.2,1,0.0012134891453395948,2023-11-21,22,0.0049409894958764985,2023-05-09,8,0.003992665224171644,2023-09-13,6,0.0039027540431436276,2023-09-21,2,0.0027544494429118374,2023-11-08,1,0.0021542136443489764,2023-11-08,0,0.0,
EG.2.3,0,0.0,,17,0.0022145038805153287,2023-03-22,6,0.0012967269624137576,2023-03-22,1,0.00038214641312590364,2023-10-31,0,0.0,,0,0.0,,0,0.0,
EG.2.4,0,0.0,,1,7.047394246439089e-05,2023-12-06,0,0.0,,0,0.0,,0,0.0,,0,0.0,,0,0.0,
EG.2.5,0,0.0,,8,0.0010748812790022028,2023-08-06,3,0.0006015170362182561,2023-08-08,0,0.0,,0,0.0,,0,0.0,,0,0.0,
EG.3,0,0.0,,19,0.004192204238103929,2023-04-03,10,0.003557009355252159,2023-05-09,4,0.0025856826348791277,2023-05-09,2,0.0021941701296877107,2023-05-09,0,0.0,,0,0.0,
EG.4,16,0.019415826325433518,2023-02-06,98,0.03737322196204244,2023-02-07,64,0.03614314777705803,2023-02-07,34,0.03343481902176256,2023-02-07,19,0.0321052795903253,2023-02-09,7,0.029237290328167444,2023-03-23,2,0.027316490169123023,2023-05-03
EG.4.1,3,0.003640467436018785,2023-01-06,7,0.0005896865053258691,2023-03-28,0,0.0,,0,0.0,,0,0.0,,0,0.0,,0,0.0,
EG.4.2,0,0.0,,5,0.000442381239202272,2023-04-26,0,0.0,,0,0.0,,0,0.0,,0,0.0,,0,0.0,
EG.4.3,3,0.003640467436018785,2023-05-02,2,0.00347532969913123,2023-06-29,2,0.0036781272016143127,2023-06-29,1,0.0038234488308244055,2023-06-29,1,0.004654705805322523,2023-06-29,1,0.006609516946768009,2023-06-29,1,0.01167355593988682,2023-06-29
EG.4.4,1,0.0012134891453395948,2023-05-16,3,0.0002946338506606128,2023-04-03,0,0.0,,0,0.0,,0,0.0,,0,0.0,,0,0.0,
EG.4.5,0,0.0,,70,0.01628699566420798,2023-03-28,38,0.01415122119536216,2023-03-28,20,0.011812819198843041,2023-03-28,9,0.00901729080529343,2023-03-30,0,0.0,,0,0.0,
EG.5,26,0.031550717778829465,2023-04-11,524,0.22246082763638741,2023-01-03,418,0.2248654249611887,2023-01-03,294,0.22092932750745004,2023-01-03,137,0.18433500226140848,2023-01-03,38,0.11685624086890048,2023-01-03,3,0.024999373148209807,2023-06-27
EG.5.1,1100,1.3348380598735545,2023-03-20,374,0.3569464764809137,2023-04-20,315,0.37152010208012354,2023-04-20,246,0.3960903786563652,2023-04-20,176,0.4420684849709701,2023-04-20,104,0.5189160938298077,2023-04-20,44,0.5947840396744869,2023-04-20
EG.5.1.1,1162,1.4100743868846093,2023-02-16,473,0.39014685928600523,2023-06-01,409,0.4062887328253008,2023-06-01,309,0.4271670414148855,2023-06-01,214,0.4670305135142933,2023-06-01,105,0.49112758316458266,2023-07-10,42,0.5437496178831873,2023-07-10
EG.5.1.10,0,0.0,,30,0.004898882138354273,2023-06-20,12,0.003573558880974845,2023-06-29,3,0.002178044758255463,2023-06-29,2,0.002100416576377406,2023-09-05,0,0.0,,0,0.0,
EG.5.1.11,0,0.0,,31,0.008473241628264608,2023-07-05,16,0.007439372499138473,2023-07-05,11,0.007051505667313211,2023-07-05,3,0.004270477849323612,2023-07-05,1,0.0029312508076302698,2023-07-05,0,0.0,
EG.5.1.12,0,0.0,,37,0.011803490849897985,2023-06-29,14,0.010339246557351559,2023-08-03,7,0.010108403791485877,2023-08-03,3,0.010544470583342605,2023-10-03,3,0.014972773775650174,2023-10-03,1,0.014828594473167603,2023-10-17
EG.5.1.13,0,0.0,,229,0.08183576103434911,2023-04-03,139,0.07780404703537352,2023-04-03,77,0.07264788219254914,2023-06-13,37,0.06738437078022073,2023-06-27,15,0.06070294597748108,2023-06-27,5,0.06001858640244917,2023-06-27
EG.5.1.14,0,0.0,,89,0.04746520280905329,2023-06-14,52,0.04643576572475214,2023-07-13,32,0.047335305432556665,2023-07-13,18,0.050150870744057406,2023-07-13,12,0.062191688738568666,2023-07-13,8,0.08670267447531729,2023-08-03
EG.5.1.15,0,0.0,,90,0.043191372994740324,2023-06-06,53,0.0418847947165325,2023-06-06,29,0.04114814493614698,2023-06-06,15,0.042275918463758805,2023-06-06,8,0.047981457586518006,2023-06-06,5,0.06918587178323145,2023-06-13
EG.5.1.16,0,0.0,,160,0.054760028342807736,2023-04-12,100,0.0520828252962464,2023-06-28,60,0.049205082522798926,2023-06-28,22,0.04076307329803402,2023-06-28,12,0.041201774158117654,2023-06-28,2,0.021617574984373077,2023-10-17
EG.5.1.17,0,0.0,,66,0.0154922325235131,2023-06-25,38,0.013575283159161003,2023-08-29,16,0.010229890922530993,2023-09-13,7,0.007746813123413539,2023-11-15,2,0.004472318392116291,2023-12-05,0,0.0,
EG.5.1.18,0,0.0,,5,0.00043837305566842927,2023-07-25,0,0.0,,0,0.0,,0,0.0,,0,0.0,,0,0.0,
EG.5.1.19,0,0.0,,54,0.01932399530099552,2023-07-18,29,0.01814039874056701,2023-07-18,15,0.016870919031475643,2023-07-18,8,0.01706403835805257,2023-08-09,4,0.018852225243367306,2023-09-19,1,0.01393960110447441,2023-09-19
EG.5.1.2,6,0.00728093487203757,2023-07-10,53,0.02018957348219653,2023-05-31,35,0.019559686296509036,2023-07-05,16,0.01750316595712242,2023-07-05,9,0.017927826292162892,2023-07-05,7,0.022888251085445534,2023-07-05,1,0.007826234909561955,2023-08-16
EG.5.1.3,390,0.47326076668244205,2023-01-03,350,0.15829921916681589,2023-06-11,258,0.15803173943052348,2023-06-11,159,0.15350004195772432,2023-07-02,84,0.1458022771854853,2023-07-02,34,0.13233304108162586,2023-07-02,10,0.11086923251374704,2023-08-16
EG.5.1.4,435,0.5278677782227238,2023-04-03,1470,0.8860506799742683,2023-04-17,1261,0.9163110085590609,2023-04-17,990,0.9534044134937151,2023-04-17,580,0.9349962044619498,2023-05-14,187,0.7372051009552695,2023-06-14,46,0.5842437733826983,2023-07-19
EG.5.1.5,19,0.023056293761452303,2023-07-27,24,0.011840632379044367,2023-08-08,14,0.011617508277084371,2023-08-08,8,0.011584369141795505,2023-08-08,4,0.011758232290674669,2023-08-10,4,0.01669627229724868,2023-08-10,2,0.020491860703496356,2023-08-10
EG.5.1.6,432,0.524227310786705,2023-02-16,884,0.5899022228422341,2023-06-04,767,0.6120033360670543,2023-06-04,632,0.6470770729396351,2023-06-04,407,0.6655571479492318,2023-06-04,155,0.5597092924865731,2023-06-04,33,0.3615319660902746,2023-06-21
EG.5.1.7,4,0.004853956581358379,2023-08-10,101,0.020737223645168314,2023-04-12,47,0.016766434254629366,2023-04-20,23,0.01321677540237747,2023-06-26,7,0.008227138067074657,2023-08-30,1,0.0034141246965424064,2023-10-31,0,0.0,
EG.5.1.8,129,0.15654009974880775,2023-08-02,368,0.1633500917837627,2023-07-02,296,0.16545900759082946,2023-07-17,189,0.15904929815935767,2023-08-15,106,0.14931838868123645,2023-08-29,28,0.09909118845853251,2023-09-10,4,0.06291775857313857,2023-11-07
EG.5.1.9,95,0.11528146880726152,2023-07-03,281,0.10742130249451007,2023-06-05,170,0.10277128060801478,2023-06-05,101,0.09849036021346091,2023-07-03,51,0.09315412744094025,2023-07-03,23,0.08848140655241749,2023-07-03,7,0.07760991908096314,2023-08-14
EG.5.2,72,0.08737121846445084,2023-04-02,65,0.025107298422239636,2023-05-09,45,0.024523488069341924,2023-05-14,26,0.023165054888861746,2023-05-14,14,0.02136165048630908,2023-05-14,5,0.016354357356667633,2023-05-14,0,0.0,
EG.5.2.1,45,0.054607011540281775,2023-05-10,37,0.019359805097002806,2023-06-01,25,0.019266848935695493,2023-06-01,18,0.019723701954081463,2023-06-21,11,0.01984695871172423,2023-07-18,4,0.017907660779974056,2023-07-27,2,0.02035022447187405,2023-07-27
EG.5.2.2,1,0.0012134891453395948,2023-09-22,1,7.022485941196134e-05,2023-05-30,0,0.0,,0,0.0,,0,0.0,,0,0.0,,0,0.0,
EG.5.2.3,6,0.00728093487203757,2023-06-12,44,0.00952638537628489,2023-05-30,21,0.007857404318908894,2023-05-30,10,0.0061477957210383785,2023-06-28,2,0.0032711247736486662,2023-08-06,1,0.003102335575033938,2023-09-13,0,0.0,
EG.5.2.4,0,0.0,,8,0.000958432898381124,2023-07-18,3,0.0005392816153096897,2023-07-18,0,0.0,,0,0.0,,0,0.0,,0,0.0,
EG.6,2,0.0024269782906791897,2023-08-24,118,0.032383305797628534,2023-04-12,67,0.02907115487946432,2023-04-17,32,0.02420985826737034,2023-05-09,10,0.017022300475198777,2023-05-16,3,0.013700762041254616,2023-05-16,1,0.01237610463153827,2023-09-05
EG.6.1,127,0.15411312145812855,2023-05-02,203,0.11647401570562219,2023-03-27,143,0.11691414182041743,2023-05-04,88,0.11759906340570658,2023-05-04,52,0.12332241075015662,2023-05-09,28,0.1391188964383435,2023-05-23,11,0.1570966093488862,2023-06-15
EG.6.1.1,19,0.023056293761452303,2023-08-21,25,0.012639273464634504,2023-01-03,16,0.012362823063787274,2023-01-03,9,0.012209130057670754,2023-08-24,5,0.012567591199192261,2023-08-24,2,0.013478110993461263,2023-08-24,2,0.023804687076732604,2023-08-24
EG.6.1.2,0,0.0,,5,0.001053572952567276,2023-06-21,2,0.0008770013975738838,2023-07-18,1,0.0006843144932474748,2023-09-04,1,0.0008330914797932725,2023-09-04,0,0.0,,0,0.0,
EG.7,10,0.01213489145339595,2023-05-30,32,0.005945864194365081,2023-06-01,14,0.004547898737793968,2023-06-01,8,0.003918299314987035,2023-06-01,1,0.001051281226881797,2023-07-20,0,0.0,,0,0.0,
EG.8,1,0.0012134891453395948,2023-06-24,61,0.009452415791663425,2023-04-20,25,0.006560264471955277,2023-05-15,4,0.0025006329308939037,2023-05-31,2,0.001927308325941201,2023-07-31,0,0.0,,0,0.0,
EG.9,0,0.0,,11,0.0017578823114727876,2023-05-11,4,0.001283901951109668,2023-05-11,4,0.0014232123047684326,2023-05-11,0,0.0,,0,0.0,,0,0.0,
EG.9.1,0,0.0,,4,0.001929034762537791,2023-08-10,2,0.0017921551775653094,2023-08-10,1,0.001824700309574435,2023-10-05,1,0.002221408864027765,2023-10-05,1,0.003154321700783588,2023-10-05,0,0.0,
EH.1,0,0.0,,2,0.0019033595332262267,2023-02-21,2,0.0020144271420813337,2023-02-21,1,0.0020467889448095205,2023-03-07,1,0.0024917818454551145,2023-03-07,1,0.0035382417329903144,2023-03-07,0,0.0,
EJ.3,1,0.0012134891453395948,2023-03-04,0,0.0,,0,0.0,,0,0.0,,0,0.0,,0,0.0,,0,0.0,
EK.1,0,0.0,,1,9.887252397951296e-05,2023-03-05,0,0.0,,0,0.0,,0,0.0,,0,0.0,,0,0.0,
EK.2,1,0.0012134891453395948,2023-02-10,9,0.0010347824185721595,2023-02-14,1,0.000303714123587552,2023-03-29,1,0.00033666875998449405,2023-03-29,0,0.0,,0,0.0,,0,0.0,
EK.2.1,13,0.015775358889414733,2023-03-11,7,0.005228857959352958,2023-03-29,4,0.0052115038914026645,2023-03-29,2,0.0052196161552523716,2023-05-04,1,0.005875987545046753,2023-05-04,1,0.008343693647313813,2023-05-04,1,0.014736413465862136,2023-05-04
EK.3,0,0.0,,10,0.001080944066491126,2023-01-02,2,0.00036394064982458237,2023-01-02,0,0.0,,0,0.0,,0,0.0,,0,0.0,
EK.4,7,0.008494424017377164,2023-01-23,16,0.00917997338610049,2023-01-11,10,0.009102937734937346,2023-03-26,8,0.00961890259524009,2023-03-26,7,0.011101758441305747,2023-03-26,2,0.008268024750148545,2023-03-28,1,0.009111274408756824,2023-04-25
EL.1,17,0.020629315470773114,2023-03-09,52,0.05603479029196156,2023-02-08,42,0.05836588018187196,2023-02-08,29,0.061872863772056516,2023-04-04,23,0.0719290025371723,2023-04-10,16,0.09088703904862484,2023-04-10,9,0.12263027237733246,2023-04-10
EM.1,2,0.0024269782906791897,2023-03-29,14,0.004462871463199855,2023-01-04,6,0.00397533150527892,2023-01-19,3,0.003753952947727199,2023-03-28,1,0.0035288851431232613,2023-05-17,1,0.005010891586316897,2023-05-17,1,0.008850105645039907,2023-05-17
EN.1,0,0.0,,2,0.0002087097369233681,2023-01-18,0,0.0,,0,0.0,,0,0.0,,0,0.0,,0,0.0,
EQ.1,0,0.0,,2,0.00018816667841973505,2023-01-11,0,0.0,,0,0.0,,0,0.0,,0,0.0,,0,0.0,
ES.1,0,0.0,,2,0.00018958188087958932,2023-02-21,0,0.0,,0,0.0,,0,0.0,,0,0.0,,0,0.0,
ET.1,0,0.0,,1,8.280686583428611e-05,2023-02-01,0,0.0,,0,0.0,,0,0.0,,0,0.0,,0,0.0,
EU.1,0,0.0,,47,0.021841717653075247,2023-03-26,35,0.021749055471653705,2023-03-26,23,0.021244424195353342,2023-05-28,11,0.019260249152796075,2023-05-31,4,0.016177752798347385,2023-06-13,1,0.009542511530994098,2023-10-01
EU.1.1,27,0.032764206924169065,2023-03-31,21,0.020388073463789992,2023-04-24,17,0.02110464703031407,2023-04-25,13,0.022319631240673668,2023-04-25,9,0.024646523162155518,2023-06-13,5,0.02950685267970017,2023-06-13,4,0.04491905859433416,2023-06-14
EU.1.1.1,1,0.0012134891453395948,2023-04-27,8,0.003927668828300285,2023-04-04,5,0.0038825288866358868,2023-04-04,2,0.0037178907460070723,2023-04-04,1,0.004074682433221957,2023-04-04,1,0.0057859043560353094,2023-04-04,1,0.01021891292616179,2023-04-04
EU.1.1.2,0,0.0,,1,7.210484024837031e-05,2023-08-08,0,0.0,,0,0.0,,0,0.0,,0,0.0,,0,0.0,
EU.1.1.3,1,0.0012134891453395948,2023-04-12,12,0.004152865677193229,2023-05-22,10,0.0041921550625140394,2023-05-22,5,0.003545411594891713,2023-05-22,3,0.0032608007191128933,2023-06-08,0,0.0,,0,0.0,
EW.2,2,0.0024269782906791897,2023-01-03,0,0.0,,0,0.0,,0,0.0,,0,0.0,,0,0.0,,0,0.0,
EW.3,1,0.0012134891453395948,2023-01-17,1,0.00010191590815814732,2023-01-08,0,0.0,,0,0.0,,0,0.0,,0,0.0,,0,0.0,
EY.1,1,0.0012134891453395948,2023-02-10,0,0.0,,0,0.0,,0,0.0,,0,0.0,,0,0.0,,0,0.0,
EZ.1,2,0.0024269782906791897,2023-03-01,0,0.0,,0,0.0,,0,0.0,,0,0.0,,0,0.0,,0,0.0,
FA.1,0,0.0,,2,0.0002000550945338318,2023-01-19,0,0.0,,0,0.0,,0,0.0,,0,0.0,,0,0.0,
FA.2,0,0.0,,1,6.689933568005642e-05,2023-01-23,0,0.0,,0,0.0,,0,0.0,,0,0.0,,0,0.0,
FB.1,1,0.0012134891453395948,2023-04-04,4,0.00111373326676926,2023-03-14,2,0.0009475830596573249,2023-03-14,2,0.001050400982044484,2023-03-14,1,0.0008123547160872076,2023-03-15,0,0.0,,0,0.0,
FB.2,1,0.0012134891453395948,2023-01-18,0,0.0,,0,0.0,,0,0.0,,0,0.0,,0,0.0,,0,0.0,
FC.1,0,0.0,,2,0.000614294056032112,2023-01-08,1,0.0005701078036181507,2023-01-08,1,0.0006319676050438142,2023-01-08,1,0.0007693638414245355,2023-01-08,0,0.0,,0,0.0,
FD.1,1,0.0012134891453395948,2023-02-03,30,0.00974785783733458,2023-03-21,21,0.0094564593075502,2023-03-21,11,0.008409640390675755,2023-03-22,5,0.00717709393661369,2023-03-22,1,0.0037826785229248014,2023-04-12,0,0.0,
FD.1.1,70,0.08494424017377164,2023-04-28,77,0.07521850022920047,2023-05-04,61,0.07789481530899896,2023-05-04,41,0.08198253900250542,2023-05-04,31,0.09442144723906169,2023-05-25,21,0.12023526689640109,2023-05-25,11,0.15995721418014397,2023-05-25
FD.2,31,0.03761816350552744,2023-01-05,76,0.02806403396018344,2023-01-02,44,0.026511018822969416,2023-01-02,21,0.024430037201476858,2023-01-12,11,0.024524080609576785,2023-01-12,7,0.028642031561546356,2023-01-12,2,0.022524458084027404,2023-03-14
FD.2.1,0,0.0,,1,9.814137247694255e-05,2023-04-05,0,0.0,,0,0.0,,0,0.0,,0,0.0,,0,0.0,
FD.3,8,0.009707913162716759,2023-01-02,12,0.0016250002789947138,2023-01-10,5,0.0010066008697341877,2023-01-11,0,0.0,,0,0.0,,0,0.0,,0,0.0,
FD.4,60,0.0728093487203757,2023-01-03,67,0.04273890746917124,2023-01-08,47,0.04325999203686459,2023-01-24,36,0.04551278264236283,2023-01-24,19,0.0457024362670974,2023-01-24,10,0.05033809862995931,2023-02-28,5,0.06457620304968936,2023-03-07
FD.4.1,1,0.0012134891453395948,2023-04-08,2,0.0010409394071516558,2023-02-07,2,0.0011016818201835324,2023-02-07,2,0.0012212202972896318,2023-02-07,1,0.0009028722333145136,2023-02-21,0,0.0,,0,0.0,
FD.5,0,0.0,,211,0.06961795093341575,2023-01-03,140,0.06690491880574125,2023-01-04,80,0.06110834828205194,2023-01-11,33,0.04947870209130132,2023-01-18,12,0.03924414474025436,2023-02-23,2,0.018499319634341017,2023-03-22
FD.5.1,0,0.0,,16,0.0024229612221116333,2023-04-10,8,0.001816588841898387,2023-05-04,2,0.000724044235105039,2023-06-28,0,0.0,,0,0.0,,0,0.0,
FE.1,10,0.01213489145339595,2023-05-11,77,0.04152200890425214,2023-03-05,55,0.041605720944936975,2023-03-05,33,0.04109241029472035,2023-04-19,15,0.0401693040106592,2023-05-10,9,0.04732218106810995,2023-05-10,4,0.05521457444061389,2023-05-15
FE.1.1,27,0.032764206924169065,2023-03-19,33,0.03336852512721522,2023-04-11,26,0.03462417177647304,2023-04-23,20,0.0370546889092729,2023-04-23,13,0.04145142515889808,2023-04-23,6,0.048855740071003045,2023-05-23,5,0.08207423615297045,2023-05-23
FE.1.1.1,14,0.01698884803475433,2023-04-07,17,0.013271564831132534,2023-04-20,14,0.01374862890164808,2023-04-20,9,0.014205966157641603,2023-04-23,7,0.016158548968019392,2023-04-23,4,0.01892356469518058,2023-05-22,3,0.028844297586242185,2023-05-22
FE.1.1.2,3,0.003640467436018785,2023-04-03,7,0.0016571141064751034,2023-04-09,4,0.0014848296288379526,2023-06-06,3,0.0014629987811947685,2023-06-06,1,0.0007979607799038636,2023-06-15,0,0.0,,0,0.0,
FE.1.1.3,0,0.0,,5,0.00067009270075138,2023-05-22,1,0.0002556133200825977,2023-05-22,0,0.0,,0,0.0,,0,0.0,,0,0.0,
FE.1.1.4,1,0.0012134891453395948,2023-09-29,13,0.015867449445064647,2023-05-10,9,0.016441084602552843,2023-05-10,6,0.017537840027153744,2023-05-10,5,0.02088737004779861,2023-05-10,4,0.027619402731302003,2023-05-10,2,0.03783815843014914,2023-05-17
FE.1.1.5,0,0.0,,8,0.0021485372151265367,2023-06-06,3,0.0017995894830618022,2023-11-29,2,0.0016882090612096875,2023-11-29,1,0.001598100931047298,2023-12-06,1,0.0022692465707123168,2023-12-06,0,0.0,
FE.1.2,53,0.06431492470299853,2023-03-03,62,0.027502204678206615,2023-03-05,45,0.02730609639789751,2023-03-05,27,0.026237049926347348,2023-03-05,11,0.022795207374922303,2023-06-13,4,0.02334102642843967,2023-06-13,2,0.028276247789622375,2023-06-13
FG.1,4,0.004853956581358379,2023-03-09,1,0.00034222752739457106,2023-03-08,1,0.0003621976867305124,2023-03-08,1,0.00040149810822235894,2023-03-08,0,0.0,,0,0.0,,0,0.0,
FG.2,18,0.02184280461611271,2023-01-09,145,0.06674932236443806,2023-01-08,108,0.06682186661430879,2023-01-08,67,0.06528724252812942,2023-01-16,38,0.06381019116116843,2023-01-19,12,0.05293008254566292,2023-01-25,5,0.059165033176175476,2023-02-09
FG.3,1,0.0012134891453395948,2023-05-21,53,0.01402568265232835,2023-01-02,31,0.012652702996232603,2023-01-02,15,0.010680494587552646,2023-01-04,7,0.008144649896964817,2023-01-08,1,0.003512506354403624,2023-01-08,0,0.0,
FH.1,51,0.061887946412319345,2023-01-03,53,0.024425928751271482,2023-01-02,22,0.02278317412493035,2023-02-05,14,0.023526567949667072,2023-02-05,10,0.026577968452066458,2023-02-05,5,0.029611135683941105,2023-03-08,2,0.03393427568614431,2023-03-08
FK.1,2,0.0024269782906791897,2023-03-16,14,0.0028984090314698382,2023-02-07,7,0.002350617660025019,2023-02-07,4,0.0020827097764192417,2023-06-06,0,0.0,,0,0.0,,0,0.0,
FK.1.1,30,0.03640467436018785,2023-03-17,22,0.01706646556920213,2023-04-12,20,0.017832949375555497,2023-04-12,15,0.0186700001081947,2023-04-25,10,0.020489270811113763,2023-04-25,4,0.020692324024439362,2023-04-25,2,0.02583094558929321,2023-06-13
FK.1.1.1,0,0.0,,2,0.0008703175824829188,2023-06-11,2,0.0009211036221898196,2023-06-11,2,0.0010210483814081753,2023-06-11,1,0.0008491127063278096,2023-06-11,0,0.0,,0,0.0,
FK.1.1.2,2,0.0024269782906791897,2023-05-08,4,0.0015817548239084607,2023-04-12,3,0.0015925311464891222,2023-05-08,2,0.0015810369944886848,2023-06-08,1,0.001324036434977112,2023-06-08,0,0.0,,0,0.0,
FK.1.2.1,1,0.0012134891453395948,2023-03-31,0,0.0,,0,0.0,,0,0.0,,0,0.0,,0,0.0,,0,0.0,
FK.1.2.2,4,0.004853956581358379,2023-04-08,1,0.0005614049133507975,2023-04-20,1,0.0005941648308739419,2023-04-20,1,0.0006586349507683065,2023-04-20,1,0.0008018289415078999,2023-04-20,0,0.0,,0,0.0,
FK.1.3,1,0.0012134891453395948,2023-06-09,1,0.0002974290129782222,2023-06-15,1,0.0003147850241253287,2023-06-15,1,0.0003489409135213068,2023-06-15,0,0.0,,0,0.0,,0,0.0,
FK.1.3.2,2,0.0024269782906791897,2023-05-07,1,0.00021600912902391406,2023-08-27,1,0.00022861400846615703,2023-08-27,0,0.0,,0,0.0,,0,0.0,,0,0.0,
FK.1.4,0,0.0,,1,8.916351832868194e-05,2023-07-05,0,0.0,,0,0.0,,0,0.0,,0,0.0,,0,0.0,
FK.1.5,3,0.003640467436018785,2023-04-19,12,0.009201762257339227,2023-05-23,11,0.009645483795324388,2023-05-23,4,0.009150095993561725,2023-05-23,3,0.010549739620633585,2023-05-23,3,0.014980255621490584,2023-05-23,2,0.01947871554902956,2023-05-23
FL.1,25,0.030337228633489872,2023-03-21,247,0.08625405789289783,2023-04-04,180,0.08447088108052486,2023-04-05,100,0.07610025088218297,2023-04-05,51,0.0667948614568422,2023-04-05,12,0.03563678504121945,2023-04-05,1,0.009064010998598966,2023-11-12
FL.1.1,7,0.008494424017377164,2023-03-08,11,0.008442134864763747,2023-05-02,9,0.008716445975165802,2023-05-02,8,0.009477183761533862,2023-05-02,5,0.009965174046783517,2023-05-04,2,0.010041292479645554,2023-08-03,1,0.013938086268316467,2023-08-08
FL.1.2,0,0.0,,25,0.0035526996648913146,2023-06-21,11,0.002319866630865265,2023-07-11,3,0.001017243823401224,2023-07-11,0,0.0,,0,0.0,,0,0.0,
FL.1.3,2,0.0024269782906791897,2023-06-10,15,0.007658948852612924,2023-05-31,13,0.00792598465832459,2023-05-31,7,0.007601915697657573,2023-05-31,4,0.007669534193658697,2023-06-07,3,0.00951251357235281,2023-06-07,0,0.0,
FL.1.4,5,0.006067445726697975,2023-04-18,12,0.0038302876228517007,2023-06-13,9,0.0037226656577817887,2023-06-13,5,0.003234731308771137,2023-06-13,2,0.0024483864899359185,2023-06-13,1,0.0022391797315159034,2023-06-13,0,0.0,
FL.1.5,15,0.018202337180093925,2023-07-11,597,0.24220434133341937,2023-05-09,499,0.24578290629043617,2023-05-09,327,0.2346377054612383,2023-05-09,137,0.18027350391718566,2023-06-01,33,0.10441298084075143,2023-06-01,4,0.03362730211155883,2023-06-01
FL.1.5.1,2697,3.2727802249808877,2023-01-03,473,0.18069726600359376,2023-05-04,366,0.18027643506332364,2023-05-04,251,0.1730405070315469,2023-06-01,103,0.12966191112215927,2023-06-01,17,0.054364753657953555,2023-06-01,3,0.026726918024571215,2023-06-01
FL.1.5.2,36,0.04368560923222542,2023-09-13,309,0.0613575333508876,2023-05-09,161,0.05033646805147857,2023-07-26,54,0.032232382918444505,2023-07-26,15,0.0204307950846477,2023-08-01,4,0.012145754516013518,2023-10-03,1,0.008436859100469145,2023-10-31
FL.1.6,0,0.0,,7,0.0029866697562244485,2023-04-10,5,0.0029470031913431107,2023-04-10,2,0.00264356277562835,2023-04-10,2,0.003218300425325326,2023-04-10,1,0.0033324301787708704,2023-04-10,0,0.0,
FL.1.8,0,0.0,,4,0.003098164563885828,2023-08-08,2,0.0030539314531630455,2023-09-12,2,0.003385299647145507,2023-09-12,2,0.004121298497128536,2023-09-12,1,0.004767280245947737,2023-09-27,1,0.008419845668056146,2023-09-27
FL.10,30,0.03640467436018785,2023-02-16,36,0.0083248794153055,2023-03-01,16,0.006792512481350309,2023-04-03,5,0.005011495415411669,2023-05-02,4,0.005379462078658558,2023-05-02,1,0.003003967889626301,2023-05-30,0,0.0,
FL.10.1,14,0.01698884803475433,2023-07-03,37,0.03088177333790343,2023-04-16,29,0.031825214510184,2023-04-26,20,0.033316563895891334,2023-04-26,8,0.03408558683001213,2023-04-26,7,0.04658613209740486,2023-04-26,4,0.06705579906200582,2023-04-26
FL.10.2,2,0.0024269782906791897,2023-08-09,9,0.007628765087561401,2023-09-05,8,0.007999868695615468,2023-09-05,6,0.008378915746098226,2023-09-25,2,0.008364749550619372,2023-10-10,2,0.01187764731491081,2023-10-10,1,0.01544131532640117,2023-10-30
FL.10.3,3,0.003640467436018785,2023-08-02,10,0.0034139662342914205,2023-06-07,5,0.003143793119557207,2023-06-14,5,0.003484911793718405,2023-06-14,2,0.0028869109153451056,2023-07-11,1,0.00282842765608739,2023-07-11,0,0.0,
FL.11,8,0.009707913162716759,2023-05-02,14,0.011113291582194153,2023-04-18,9,0.01130016125145528,2023-05-09,8,0.012364376821848336,2023-05-09,8,0.015052519104706659,2023-05-09,4,0.014713399626735837,2023-05-09,1,0.008067736430153082,2023-05-09
FL.12,15,0.018202337180093925,2023-03-23,32,0.012919032154898615,2023-03-15,25,0.012907470425336524,2023-03-27,16,0.01234387154975972,2023-04-04,4,0.008856659299088352,2023-04-04,1,0.007677178054446296,2023-04-18,1,0.013559231060429252,2023-04-18
FL.13,31,0.03761816350552744,2023-02-22,24,0.013448270774338833,2023-02-28,19,0.013753046815302407,2023-03-09,12,0.01378995239342116,2023-03-15,8,0.014748897039949827,2023-03-15,2,0.01151695151581136,2023-03-22,2,0.020340938507242945,2023-03-22
FL.13.1,1,0.0012134891453395948,2023-06-02,7,0.002496431580700358,2023-04-09,3,0.0022021716106596883,2023-05-09,2,0.002187344020388646,2023-05-09,1,0.002013094126762719,2023-05-09,1,0.002858522171489933,2023-05-09,0,0.0,
FL.13.2,6,0.00728093487203757,2023-10-04,9,0.0031514564129170673,2023-03-01,6,0.0030669076942094484,2023-06-01,2,0.002441689755306795,2023-06-01,1,0.002561219145056079,2023-07-05,1,0.003636840232583047,2023-07-05,0,0.0,
FL.13.2.1,0,0.0,,4,0.0008980448984208415,2023-09-05,3,0.0008206135968125782,2023-09-05,1,0.00041728073263155884,2023-09-05,0,0.0,,0,0.0,,0,0.0,
FL.13.3,4,0.004853956581358379,2023-02-08,9,0.0017180288243475845,2023-04-17,6,0.0015752680996317485,2023-04-17,1,0.0008365861899009762,2023-04-30,1,0.00101846860441574,2023-04-30,0,0.0,,0,0.0,
FL.13.3.1,0,0.0,,6,0.0017964155921746214,2023-04-03,3,0.0016498289899278622,2023-04-11,3,0.0018288444200895541,2023-04-11,1,0.0012986437418046912,2023-04-30,0,0.0,,0,0.0,
FL.13.4,0,0.0,,1,8.60330213271899e-05,2023-11-15,0,0.0,,0,0.0,,0,0.0,,0,0.0,,0,0.0,
FL.13.4.1,0,0.0,,1,6.927622395696377e-05,2023-12-20,0,0.0,,0,0.0,,0,0.0,,0,0.0,,0,0.0,
FL.13.5,0,0.0,,1,7.401741386717165e-05,2023-11-12,0,0.0,,0,0.0,,0,0.0,,0,0.0,,0,0.0,
FL.14,0,0.0,,8,0.0018746223047525889,2023-07-11,5,0.0016401066772868851,2023-07-11,2,0.0010084036449635664,2023-08-28,0,0.0,,0,0.0,,0,0.0,
FL.15,30,0.03640467436018785,2023-06-10,53,0.022450524793686193,2023-05-08,31,0.021683316386437026,2023-05-10,18,0.02099204746084591,2023-05-10,7,0.019076464121594125,2023-05-10,3,0.020657600999438006,2023-05-11,2,0.03182992551880803,2023-05-11
FL.15.1,1,0.0012134891453395948,2023-11-08,9,0.0010543654473960562,2023-09-07,3,0.000591638515943587,2023-09-21,1,0.0003110911842919399,2023-10-10,0,0.0,,0,0.0,,0,0.0,
FL.15.1.1,30,0.03640467436018785,2023-10-02,20,0.009597359339727938,2023-09-21,13,0.009453795224217599,2023-09-21,6,0.008900955927343425,2023-09-27,2,0.009092809888514627,2023-10-10,1,0.011826649874602442,2023-11-21,1,0.020887919647461773,2023-11-21
FL.15.2,0,0.0,,1,0.0002849268986200544,2023-10-10,1,0.0003015533681733869,2023-10-10,1,0.0003342735508406985,2023-10-10,0,0.0,,0,0.0,,0,0.0,
FL.15.3,41,0.04975305495892339,2023-07-12,87,0.05975577967519776,2023-05-10,66,0.061138270371760756,2023-05-10,45,0.0634221934481491,2023-05-10,25,0.06597158206762807,2023-05-10,16,0.08089602738363963,2023-05-10,7,0.09194058852256182,2023-07-05
FL.15.4,0,0.0,,3,0.0026873398950796267,2023-09-25,3,0.0028441554683420814,2023-09-25,1,0.0027924910186536978,2023-10-23,1,0.0033996071952231985,2023-10-23,1,0.004827321491186115,2023-10-23,1,0.008525888944839542,2023-10-23
FL.16,23,0.027910250342810684,2023-05-31,21,0.013487011138450742,2023-04-13,15,0.01364491874143787,2023-04-13,7,0.013329831387910189,2023-05-23,3,0.014172243868576597,2023-05-31,3,0.020124083012072455,2023-05-31,2,0.03026960583573445,2023-05-31
FL.17,5,0.006067445726697975,2023-04-17,11,0.001906049033983032,2023-03-22,5,0.0013996041320961834,2023-03-22,3,0.0010824250814026474,2023-03-22,0,0.0,,0,0.0,,0,0.0,
FL.17.2,0,0.0,,6,0.0013585620999051829,2023-03-21,2,0.0010233090569806813,2023-04-18,2,0.0011343436624713763,2023-04-18,1,0.000810989226561746,2023-05-30,0,0.0,,0,0.0,
FL.18,19,0.023056293761452303,2023-03-21,53,0.02143562443609183,2023-03-09,33,0.020605230262167408,2023-03-09,15,0.018989979811885632,2023-04-27,11,0.02109436187247046,2023-05-10,6,0.02196436383809259,2023-05-23,1,0.01074247580038754,2023-05-23
FL.18.1,2,0.0024269782906791897,2023-06-20,10,0.001996308120269448,2023-07-05,2,0.0012873568881711958,2023-07-05,2,0.0014270421213162748,2023-07-05,1,0.0010574690743710708,2023-07-05,0,0.0,,0,0.0,
FL.18.1.1,0,0.0,,1,7.360602935770691e-05,2023-07-09,0,0.0,,0,0.0,,0,0.0,,0,0.0,,0,0.0,
FL.19,1,0.0012134891453395948,2023-04-25,5,0.0049183975967756486,2023-02-21,3,0.005008585547900851,2023-06-01,2,0.0052561696938817765,2023-06-01,1,0.005713067386809287,2023-06-01,1,0.00811235280819798,2023-06-01,1,0.01432782532722069,2023-06-01
FL.19.1,12,0.01456186974407514,2023-05-04,21,0.012001907362170687,2023-06-07,18,0.012365820595731115,2023-06-07,12,0.01222576719794796,2023-06-13,8,0.012895726790777932,2023-06-14,2,0.010152357900944821,2023-06-14,1,0.014127009876019557,2023-06-14
FL.2,69,0.08373075102843205,2023-02-21,107,0.050656903822484264,2023-02-21,75,0.050475239954560346,2023-02-21,46,0.04986865944310017,2023-03-01,25,0.049133135125184475,2023-03-01,6,0.04269144420646107,2023-04-23,4,0.06585063395005132,2023-05-09
FL.2.1,0,0.0,,18,0.0032060525694534363,2023-06-06,8,0.0025159758499610847,2023-06-06,4,0.0019322591039861322,2023-06-06,1,0.0008109893211771509,2023-09-05,0,0.0,,0,0.0,
FL.2.2,0,0.0,,7,0.0015336680819725789,2023-05-22,3,0.0012227186881718457,2023-06-28,1,0.0007742667634418477,2023-07-09,1,0.000942600295734562,2023-07-09,0,0.0,,0,0.0,
FL.2.2.1,2,0.0024269782906791897,2023-06-21,2,0.0005581122473832556,2023-07-09,1,0.0005007941016134005,2023-07-09,1,0.0005551329888981249,2023-07-09,0,0.0,,0,0.0,,0,0.0,
FL.2.3,24,0.02912373948815028,2023-01-03,30,0.018487952275227326,2023-04-26,23,0.018933269216613313,2023-05-02,15,0.019188774010368986,2023-05-02,11,0.020981202983433738,2023-05-02,6,0.02292437028100074,2023-05-30,1,0.00962178534644315,2023-06-13
FL.2.3.1,1,0.0012134891453395948,2023-06-22,7,0.0025921708916131795,2023-03-23,3,0.0024033399799528138,2023-05-13,2,0.0023865489616061906,2023-07-13,1,0.0022746394909003245,2023-07-13,1,0.003229907300629439,2023-07-13,0,0.0,
FL.2.4,0,0.0,,37,0.018097105259644843,2023-04-27,27,0.01828523806223933,2023-05-17,15,0.017836154664276915,2023-05-17,9,0.018566834610839425,2023-05-17,3,0.017400795113461365,2023-05-17,1,0.020367686612804387,2023-05-17
FL.2.5,9,0.010921402308056355,2023-07-21,10,0.003313846970139906,2023-04-12,5,0.0030105907057057864,2023-05-30,4,0.0031439229683370125,2023-05-30,2,0.003003888009052005,2023-05-31,1,0.0029389173854290677,2023-07-10,0,0.0,
FL.2.6,6,0.00728093487203757,2023-04-14,7,0.0019448172874473567,2023-07-12,3,0.001703675612195822,2023-08-10,2,0.0017169155095106993,2023-08-10,1,0.0015935221131360452,2023-08-29,1,0.0022627448118802155,2023-08-29,0,0.0,
FL.2.7,0,0.0,,11,0.0020583154912979856,2023-04-03,5,0.0015619467014126947,2023-05-31,2,0.0009219999277493863,2023-05-31,0,0.0,,0,0.0,,0,0.0,
FL.2.7.1,0,0.0,,15,0.00762405788158893,2023-06-01,12,0.007750290542996167,2023-06-01,7,0.007488228170883974,2023-06-01,3,0.006824662433630763,2023-06-01,1,0.00671752575949619,2023-06-01,1,0.011864318279636885,2023-06-01
FL.20,29,0.03519118521484825,2023-06-29,21,0.007249480361532611,2023-06-21,13,0.006818687566332241,2023-06-21,8,0.006312825234681094,2023-06-21,3,0.00501693113811141,2023-06-21,1,0.00436930701550163,2023-08-24,1,0.007716955758610972,2023-08-24
FL.20.1,6,0.00728093487203757,2023-08-22,4,0.00048729323214756015,2023-08-13,1,0.0002404987591888077,2023-08-13,0,0.0,,0,0.0,,0,0.0,,0,0.0,
FL.20.2,19,0.023056293761452303,2023-07-22,17,0.005349293457441212,2023-08-08,12,0.005141135016647884,2023-08-08,9,0.005107646753289503,2023-08-08,2,0.002333498504372187,2023-08-08,0,0.0,,0,0.0,
FL.21,5,0.006067445726697975,2023-05-03,25,0.012994437345591676,2023-04-09,22,0.01346060340901925,2023-04-09,11,0.012396967956019867,2023-04-09,7,0.013034785700788868,2023-04-09,3,0.011405539738883932,2023-05-16,1,0.01216783862574389,2023-06-26
FL.21.1,5,0.006067445726697975,2023-05-31,4,0.001341210351765311,2023-04-10,4,0.001419474612480044,2023-04-10,3,0.0013227899419223238,2023-04-10,0,0.0,,0,0.0,,0,0.0,
FL.21.2,0,0.0,,1,0.00031545388156908834,2023-11-21,1,0.000333861706112123,2023-11-21,1,0.0003700875193928021,2023-11-21,0,0.0,,0,0.0,,0,0.0,
FL.22,7,0.008494424017377164,2023-02-11,50,0.009207789735980557,2023-03-14,18,0.0067112392901410795,2023-05-14,9,0.0056269236501611765,2023-05-16,3,0.003922455991907736,2023-05-16,0,0.0,,0,0.0,
FL.23,0,0.0,,31,0.005023961710460484,2023-03-07,10,0.0033092118855235744,2023-05-23,5,0.0023374151929596845,2023-05-23,1,0.0009071059888436043,2023-05-23,0,0.0,,0,0.0,
FL.23.1,1,0.0012134891453395948,2023-06-08,8,0.005624849136177546,2023-04-16,2,0.00529620930366206,2023-04-16,1,0.005605927196600457,2023-06-14,1,0.006824713242103266,2023-06-14,1,0.009690850446215914,2023-06-14,1,0.017115726565206324,2023-06-14
FL.23.2,0,0.0,,2,0.00017800693843679483,2023-04-11,0,0.0,,0,0.0,,0,0.0,,0,0.0,,0,0.0,
FL.24,37,0.04489909837756501,2023-06-05,27,0.026159500954300103,2023-06-01,21,0.0271779115583337,2023-06-01,15,0.028908612455161863,2023-06-01,12,0.03373294584852246,2023-06-01,6,0.038455467313986504,2023-06-01,3,0.051931521336814015,2023-06-01
FL.24.1,0,0.0,,12,0.008545582633694336,2023-08-17,8,0.00862550529823191,2023-08-29,6,0.009056979333364471,2023-08-29,5,0.010324074688854884,2023-11-02,4,0.013010474468229392,2023-11-02,1,0.008262116912405706,2023-12-13
FL.25,21,0.025483272052131495,2023-06-10,82,0.026207715881264294,2023-02-27,52,0.02482799276621382,2023-03-27,27,0.02223501917005386,2023-03-27,11,0.017953071196072652,2023-05-19,4,0.012899627903919372,2023-05-19,1,0.008876337652756186,2023-09-19
FL.26,12,0.01456186974407514,2023-03-15,59,0.012826066873991243,2023-03-09,30,0.010573291795867806,2023-03-09,15,0.008379435916603414,2023-03-09,5,0.005351727654211526,2023-03-14,0,0.0,,0,0.0,
FL.26.1,0,0.0,,1,6.900594234688064e-05,2023-10-24,0,0.0,,0,0.0,,0,0.0,,0,0.0,,0,0.0,
FL.27,5,0.006067445726697975,2023-02-25,27,0.0061667397835258346,2023-03-28,16,0.0054534310950837715,2023-03-28,7,0.004218413215126138,2023-03-28,2,0.0027867918268148716,2023-03-28,1,0.002156245158489163,2023-03-28,0,0.0,
FL.28,0,0.0,,2,0.0011062977401812824,2023-08-06,2,0.0011708540378952885,2023-08-06,2,0.0012978980773260319,2023-08-06,1,0.0009042498336118199,2023-08-09,0,0.0,,0,0.0,
FL.29,2,0.0024269782906791897,2023-04-24,40,0.005203393324462583,2023-04-17,14,0.0030700182453209336,2023-04-17,2,0.001083796115002235,2023-05-31,1,0.0008463474765002635,2023-06-28,0,0.0,,0,0.0,
FL.3,24,0.02912373948815028,2023-03-23,32,0.017835543610007033,2023-03-15,24,0.018020316856500834,2023-03-15,14,0.01786434754815266,2023-03-15,9,0.019219359686279223,2023-05-24,4,0.02087087720263192,2023-05-24,1,0.017647053212027905,2023-05-29
FL.3.1,14,0.01698884803475433,2023-02-19,21,0.01560655773609419,2023-05-03,15,0.01594202259680585,2023-05-03,8,0.016155192550464038,2023-05-03,5,0.017878312442246316,2023-05-03,3,0.022026365660399134,2023-05-24,2,0.031842613695349006,2023-05-24
FL.3.2,5,0.006067445726697975,2023-03-21,24,0.002600501328561601,2023-04-05,5,0.0009498109114383855,2023-04-05,1,0.0003238276286696311,2023-07-24,0,0.0,,0,0.0,,0,0.0,
FL.3.3,1,0.0012134891453395948,2023-03-24,2,0.00016271867114802025,2023-03-01,0,0.0,,0,0.0,,0,0.0,,0,0.0,,0,0.0,
FL.3.4,0,0.0,,12,0.0013800852604728307,2023-03-29,4,0.0007275704268269964,2023-03-29,0,0.0,,0,0.0,,0,0.0,,0,0.0,
FL.30,0,0.0,,3,0.0006529837423421339,2023-06-14,1,0.0005112273412766572,2023-11-14,1,0.0005666982918829139,2023-11-14,0,0.0,,0,0.0,,0,0.0,
FL.31,4,0.004853956581358379,2023-02-01,12,0.00797983459959877,2023-05-14,8,0.008061341377364728,2023-05-14,5,0.008397277617266084,2023-06-01,3,0.00890588447740417,2023-06-01,1,0.01043219497682773,2023-07-05,1,0.018425069883110663,2023-07-05
FL.31.1,2,0.0024269782906791897,2023-07-24,1,8.438953689960367e-05,2023-07-05,0,0.0,,0,0.0,,0,0.0,,0,0.0,,0,0.0,
FL.32,10,0.01213489145339595,2023-07-10,6,0.0034704075265350547,2023-07-02,4,0.0035134925587068386,2023-07-02,3,0.0036902029552305657,2023-07-02,2,0.00384605007849515,2023-07-02,2,0.005461254531460285,2023-07-02,0,0.0,
FL.32.1,0,0.0,,7,0.0012852095920479144,2023-08-01,3,0.0009318948493654784,2023-08-01,1,0.0006830141835623829,2023-11-15,1,0.0008315084694516357,2023-11-15,0,0.0,,0,0.0,
FL.33,6,0.00728093487203757,2023-04-29,25,0.00812075638380344,2023-04-11,10,0.007308742042573572,2023-05-16,6,0.007336179759731952,2023-05-23,3,0.007306755739211978,2023-05-24,2,0.00823942595903161,2023-05-24,1,0.00876341259679787,2023-05-24
FL.33.1,2,0.0024269782906791897,2023-08-27,23,0.0060725151758028555,2023-04-26,12,0.00536658259541905,2023-05-23,9,0.005374392255664908,2023-07-05,1,0.00241729917938067,2023-07-20,1,0.0034324789921750783,2023-07-20,0,0.0,
FL.34,1,0.0012134891453395948,2023-05-30,6,0.0018422871510811976,2023-08-02,4,0.0017763254829804688,2023-08-02,2,0.0015540725306047215,2023-09-05,1,0.0014017083025090627,2023-09-05,0,0.0,,0,0.0,
FL.35,0,0.0,,14,0.002079158178164953,2023-03-01,4,0.0013300688788695002,2023-07-24,3,0.0011882854915248038,2023-07-24,0,0.0,,0,0.0,,0,0.0,
FL.35.1,0,0.0,,9,0.0011965052874744028,2023-08-16,4,0.0008245402416656146,2023-11-29,1,0.00031754952118282745,2023-11-29,0,0.0,,0,0.0,,0,0.0,
FL.36,2,0.0024269782906791897,2023-08-28,0,0.0,,0,0.0,,0,0.0,,0,0.0,,0,0.0,,0,0.0,
FL.37,0,0.0,,34,0.012653944920141052,2023-04-13,14,0.011498526296679487,2023-05-01,9,0.011553639678665555,2023-05-01,4,0.011101148645020296,2023-07-05,2,0.013227339173684028,2023-08-08,1,0.017678182335757287,2023-08-08
FL.39,0,0.0,,14,0.0024806156680624867,2023-05-01,6,0.0018897895058474351,2023-06-27,4,0.001783773623752965,2023-06-27,0,0.0,,0,0.0,,0,0.0,
FL.4,90,0.10921402308056355,2023-01-12,57,0.0527072432902196,2023-02-14,49,0.05491404666034093,2023-02-14,35,0.057929607697452756,2023-03-01,25,0.06512983223750465,2023-03-01,13,0.07437193304708917,2023-04-18,5,0.08288498813919129,2023-05-03
FL.4.1,2,0.0024269782906791897,2023-04-05,6,0.009863963198794626,2023-05-18,5,0.010361936487367959,2023-05-18,3,0.011144449761852346,2023-05-18,3,0.013567367394958525,2023-05-18,3,0.019265179899762244,2023-05-18,2,0.029838240578859754,2023-05-31
FL.4.1.1,0,0.0,,1,0.0004798864561034002,2023-05-14,1,0.0005078894898292522,2023-05-14,1,0.0005629982653759599,2023-05-14,0,0.0,,0,0.0,,0,0.0,
FL.4.10,1,0.0012134891453395948,2023-06-03,4,0.004497963025575646,2023-02-27,3,0.004647352450319502,2023-02-27,2,0.004996178325340746,2023-06-08,2,0.006082398714977904,2023-06-08,2,0.008636790178592361,2023-06-08,1,0.010169358278857767,2023-06-08
FL.4.11,2,0.0024269782906791897,2023-05-06,0,0.0,,0,0.0,,0,0.0,,0,0.0,,0,0.0,,0,0.0,
FL.4.2,3,0.003640467436018785,2023-07-17,2,0.0005081651995222869,2023-05-14,2,0.0005378183956888835,2023-05-14,1,0.0004317702751842913,2023-05-14,0,0.0,,0,0.0,,0,0.0,
FL.4.3,1,0.0012134891453395948,2023-05-26,1,0.00021719823561729444,2023-06-26,1,0.00022987250354011352,2023-06-26,0,0.0,,0,0.0,,0,0.0,,0,0.0,
FL.4.4,0,0.0,,3,0.0002047654802899494,2023-05-16,0,0.0,,0,0.0,,0,0.0,,0,0.0,,0,0.0,
FL.4.5,2,0.0024269782906791897,2023-06-14,11,0.004862051631795961,2023-02-22,3,0.004413629232297667,2023-04-26,3,0.00489253204005384,2023-04-26,2,0.005379881130287457,2023-04-26,1,0.0063390737932576945,2023-04-26,1,0.011195906316398704,2023-04-26
FL.4.6,2,0.0024269782906791897,2023-05-06,4,0.003913103829300453,2023-05-25,4,0.004141446965704892,2023-05-25,3,0.004316345085840351,2023-05-25,2,0.004744754503217883,2023-05-25,1,0.004818091476442052,2023-05-25,1,0.008509587134236954,2023-05-25
FL.4.7,0,0.0,,4,0.0003245580658718657,2023-04-18,0,0.0,,0,0.0,,0,0.0,,0,0.0,,0,0.0,
FL.4.8,4,0.004853956581358379,2023-05-19,43,0.02160788530674015,2023-04-18,33,0.02177627976993825,2023-04-18,25,0.022216503649238793,2023-04-18,13,0.020442825622628683,2023-05-09,5,0.016051770036295033,2023-05-09,1,0.007639146237323997,2023-08-17
FL.4.9,7,0.008494424017377164,2023-04-27,26,0.017833429848827007,2023-03-01,18,0.018204125285332565,2023-04-18,9,0.018272208088529106,2023-05-02,7,0.021071422935212213,2023-05-17,2,0.02197899998321738,2023-05-17,2,0.03881873484450651,2023-05-17
FL.40,0,0.0,,36,0.005508997693690894,2023-04-11,16,0.003981212778776348,2023-05-03,4,0.0019527736245866425,2023-06-01,1,0.0008733730423327742,2023-09-27,0,0.0,,0,0.0,
FL.5,60,0.0728093487203757,2023-01-30,68,0.036807600721819836,2023-02-09,46,0.036824593132479454,2023-02-09,27,0.036712144002335426,2023-03-14,13,0.03745805624553245,2023-03-14,8,0.04456790508881979,2023-04-18,3,0.05142309733271307,2023-05-18
FL.5.1,5,0.006067445726697975,2023-05-20,2,0.0007850206148247564,2023-06-20,2,0.000830829281589234,2023-06-20,1,0.0006322021597404615,2023-06-20,1,0.0007696493907169305,2023-06-20,0,0.0,,0,0.0,
FL.6,0,0.0,,46,0.004683674844773604,2023-03-28,10,0.001793604655401464,2023-03-28,1,0.0003643058782420432,2023-07-24,0,0.0,,0,0.0,,0,0.0,
FL.7,9,0.010921402308056355,2023-02-17,164,0.07147284009705804,2023-02-19,132,0.07236736892855865,2023-02-19,84,0.0695590442936856,2023-03-16,41,0.06212403611957931,2023-03-22,12,0.046047262660318264,2023-05-14,4,0.038567046620240485,2023-05-17
FL.8,1,0.0012134891453395948,2023-03-20,66,0.014009264104443685,2023-03-15,16,0.009955362441439944,2023-04-19,6,0.008917519545836985,2023-04-24,2,0.009031040315953084,2023-04-26,1,0.011079551111425041,2023-04-26,1,0.019568413354519098,2023-04-26
FL.9,4,0.004853956581358379,2023-07-29,51,0.01153718602298519,2023-03-15,20,0.009346686846863123,2023-03-15,12,0.008533820393054252,2023-03-15,5,0.006543106573636138,2023-04-27,1,0.0027697718333616517,2023-05-24,0,0.0,
FM.1,0,0.0,,5,0.004838189475373213,2023-02-08,3,0.00491621214969474,2023-03-22,3,0.005449647940989825,2023-03-22,2,0.0060525403639186525,2023-05-23,2,0.008594392380410786,2023-05-23,1,0.011285959814150264,2023-05-23
FM.2,0,0.0,,2,0.00017542336422276508,2023-01-02,0,0.0,,0,0.0,,0,0.0,,0,0.0,,0,0.0,
FP.1,0,0.0,,2,0.00026896604084422745,2023-04-20,1,0.00018450309006809491,2023-04-20,0,0.0,,0,0.0,,0,0.0,,0,0.0,
FP.2,0,0.0,,5,0.0007339721031572065,2023-04-10,2,0.0005153730133503644,2023-05-29,1,0.0003554086543612647,2023-11-20,0,0.0,,0,0.0,,0,0.0,
FP.2.1,3,0.003640467436018785,2023-07-05,3,0.005518110821135181,2023-05-31,2,0.005742182939187041,2023-07-05,2,0.006365241059271743,2023-07-05,2,0.007749109723139949,2023-07-05,2,0.011003460622343107,2023-07-05,1,0.013841696512744483,2023-07-05
FP.2.1.1,3,0.003640467436018785,2023-07-17,1,0.002701144064596173,2023-07-05,1,0.002858765158872219,2023-07-05,1,0.0031689567470738205,2023-07-05,1,0.003857920432595407,2023-07-05,1,0.005478110012745498,2023-07-05,1,0.009675294608316138,2023-07-05
FP.2.1.2,0,0.0,,1,0.0003021721902532101,2023-07-26,1,0.0003198049821919182,2023-07-26,1,0.0003545055643761613,2023-07-26,0,0.0,,0,0.0,,0,0.0,
FP.3,0,0.0,,12,0.0018366601926885335,2023-03-01,5,0.0012719443549061348,2023-06-29,2,0.0008412231916971219,2023-07-31,0,0.0,,0,0.0,,0,0.0,
FP.4,5,0.006067445726697975,2023-05-02,0,0.0,,0,0.0,,0,0.0,,0,0.0,,0,0.0,,0,0.0,
FR.1,2,0.0024269782906791897,2023-01-26,1,9.471084963915975e-05,2023-05-02,0,0.0,,0,0.0,,0,0.0,,0,0.0,,0,0.0,
FR.1.1,1,0.0012134891453395948,2023-06-06,5,0.0019142944117188684,2023-05-31,4,0.0019537864693038097,2023-05-31,2,0.0016325285896384672,2023-05-31,1,0.0015192342601805682,2023-06-04,1,0.002157258698775756,2023-06-04,0,0.0,
FR.1.3,1,0.0012134891453395948,2023-07-13,0,0.0,,0,0.0,,0,0.0,,0,0.0,,0,0.0,,0,0.0,
FR.1.5,2,0.0024269782906791897,2023-07-08,0,0.0,,0,0.0,,0,0.0,,0,0.0,,0,0.0,,0,0.0,
FR.2,0,0.0,,1,0.0011377109553312214,2023-06-13,1,0.0012041003227476396,2023-06-13,1,0.001334751765139815,2023-06-13,1,0.0016249404829935103,2023-06-13,1,0.0023073577813562426,2023-06-13,0,0.0,
FT.1,2,0.0024269782906791897,2023-02-21,8,0.010768505521381784,2023-01-24,6,0.011250156159108892,2023-01-31,4,0.012098874505996315,2023-03-02,3,0.014231317848248699,2023-03-09,2,0.018976419128309906,2023-03-09,2,0.0335156550799656,2023-03-09
FT.2,4,0.004853956581358379,2023-05-14,10,0.009263160434817194,2023-02-14,8,0.009582457240242311,2023-02-14,4,0.009585487488605387,2023-02-14,3,0.011281702749371115,2023-02-14,3,0.016019617270999778,2023-02-14,2,0.02257044180881562,2023-02-14
FT.3,5,0.006067445726697975,2023-04-01,48,0.015808152177141137,2023-02-07,31,0.01503846506017054,2023-02-07,20,0.014390505368268872,2023-02-07,9,0.011683717360747109,2023-02-14,2,0.006072137994296926,2023-03-09,0,0.0,
FT.3.1,0,0.0,,10,0.004793145388915545,2023-06-06,5,0.004567499921265347,2023-06-06,3,0.004477124869407728,2023-06-06,3,0.005450497716296775,2023-06-06,1,0.005454832845535237,2023-08-10,1,0.009634183084472638,2023-08-10
FT.3.1.1,6,0.00728093487203757,2023-06-23,7,0.0044517780592432605,2023-06-06,6,0.004625604042885171,2023-06-06,3,0.004345833538567362,2023-06-06,2,0.0046763708407673845,2023-06-06,1,0.005454832039432145,2023-08-10,1,0.009634181660754443,2023-08-10
FT.4,0,0.0,,49,0.01672106541267273,2023-01-25,33,0.01616749296169953,2023-01-25,17,0.014369366301100353,2023-01-25,11,0.01412785533515075,2023-01-25,2,0.006128974039294418,2023-03-22,0,0.0,
FU.1,143,0.17352894778356207,2023-04-13,169,0.10994874723383015,2023-04-11,132,0.11268598861056342,2023-04-12,84,0.11426960433042226,2023-04-20,51,0.12165570078276404,2023-04-20,28,0.13732290708101655,2023-04-20,12,0.15665902576551477,2023-04-20
FU.1.1,0,0.0,,7,0.0010581034818108012,2023-06-13,4,0.0008293572980751552,2023-06-13,1,0.00033790720567404857,2023-06-13,0,0.0,,0,0.0,,0,0.0,
FU.1.1.1,0,0.0,,5,0.0017312951467091634,2023-08-15,5,0.001832322203768374,2023-08-15,5,0.0020311391414661152,2023-08-15,0,0.0,,0,0.0,,0,0.0,
FU.2,109,0.13227031684201584,2023-03-25,92,0.0439543077597827,2023-05-10,68,0.04393844210389887,2023-05-10,38,0.04207408239840627,2023-05-22,19,0.04094033885475205,2023-06-06,8,0.04142256794438902,2023-06-11,5,0.05502659784279587,2023-07-05
FU.2.1,53,0.06431492470299853,2023-05-11,55,0.04700183181799032,2023-05-04,43,0.04853153525774398,2023-05-04,34,0.051856807848501746,2023-05-04,24,0.057555385863598055,2023-05-04,14,0.06526506196999157,2023-06-20,5,0.06811044109337386,2023-06-20
FU.3,2,0.0024269782906791897,2023-04-18,16,0.010890846703557602,2023-05-15,8,0.01080382874274028,2023-05-16,5,0.01131577518053837,2023-05-16,3,0.012646306863872558,2023-05-16,3,0.017957306654099617,2023-05-16,2,0.02602870669039644,2023-05-30
FU.3.1,0,0.0,,3,0.002711973215282518,2023-06-27,2,0.0027741837732304184,2023-06-27,1,0.0028555693671183796,2023-06-27,1,0.0034763994233345404,2023-06-27,1,0.004936363728077136,2023-06-27,1,0.008718476491313746,2023-06-27
FU.4,0,0.0,,24,0.0035749435764191838,2023-04-05,11,0.002590292963801926,2023-04-10,2,0.0010075849573643342,2023-08-16,0,0.0,,0,0.0,,0,0.0,
FU.5,1,0.0012134891453395948,2023-07-25,2,0.004488374454230485,2023-06-22,1,0.004674078749132712,2023-08-15,1,0.005181241747839749,2023-08-15,1,0.006307696822831286,2023-08-15,1,0.008956705491012094,2023-08-15,1,0.015819098949061368,2023-08-15
FV.1,1,0.0012134891453395948,2023-05-31,0,0.0,,0,0.0,,0,0.0,,0,0.0,,0,0.0,,0,0.0,
FW.1,1,0.0012134891453395948,2023-11-15,141,0.035741831907807,2023-01-02,88,0.03233624785391917,2023-01-05,47,0.027563940067782934,2023-01-05,11,0.014064993333122678,2023-02-14,2,0.005573959969498475,2023-05-03,0,0.0,
FW.1.1,4,0.004853956581358379,2023-08-17,2,0.0009326563797112711,2023-08-31,1,0.0009088507879497162,2023-09-04,1,0.0010074660479256758,2023-09-04,1,0.0012264994954656815,2023-09-04,0,0.0,,0,0.0,
FW.2,0,0.0,,6,0.0014949789918719907,2023-01-02,4,0.0014059209360336908,2023-01-22,4,0.001558471014056265,2023-01-22,0,0.0,,0,0.0,,0,0.0,
FW.3,0,0.0,,2,0.0002488697419431435,2023-01-26,1,0.0001445593678656177,2023-01-26,0,0.0,,0,0.0,,0,0.0,,0,0.0,
FY.1,8,0.009707913162716759,2023-09-07,15,0.0059374801648130904,2023-04-25,9,0.005739930408282524,2023-04-25,3,0.005152755009985199,2023-04-25,2,0.005810552382463354,2023-04-25,1,0.00636582486173922,2023-04-25,1,0.011243153353797336,2023-04-25
FY.1.1,1,0.0012134891453395948,2023-07-28,12,0.0024563342439166457,2023-05-22,6,0.002055647588255775,2023-06-27,2,0.0014702762719964123,2023-08-16,1,0.001327465013409357,2023-08-16,0,0.0,,0,0.0,
FY.1.2,33,0.040045141796206635,2023-08-01,39,0.022063164543364763,2023-06-12,29,0.022304887524130988,2023-06-12,20,0.022790147573555332,2023-06-12,11,0.023041056989518686,2023-06-12,6,0.02541633722437224,2023-08-09,2,0.019394013333394845,2023-08-09
FY.1.2.1,0,0.0,,18,0.007022252492079974,2023-08-28,13,0.006936755858280088,2023-08-28,8,0.006454241121333802,2023-08-28,4,0.005766719052234251,2023-08-28,1,0.00416950106366169,2023-10-23,0,0.0,
FY.1.2.2,0,0.0,,2,0.0001469417771053307,2023-04-27,0,0.0,,0,0.0,,0,0.0,,0,0.0,,0,0.0,
FY.1.2.3,0,0.0,,8,0.005438105278449322,2023-08-02,6,0.005565088914602814,2023-08-02,3,0.005658360041561736,2023-08-02,1,0.005799006559202366,2023-08-02,1,0.008234383381144987,2023-08-02,1,0.014543352533088572,2023-08-02
FY.1.3,0,0.0,,2,0.00043760785398262784,2023-06-20,2,0.0004631437851136636,2023-06-20,0,0.0,,0,0.0,,0,0.0,,0,0.0,
FY.1.4,0,0.0,,3,0.0012790479662839315,2023-07-24,2,0.0012612083753136669,2023-07-24,2,0.0013980563524122972,2023-07-24,1,0.0013141010605252211,2023-07-24,0,0.0,,0,0.0,
FY.1.4.1,0,0.0,,7,0.002423177116172236,2023-07-24,3,0.0021607320671534302,2023-07-24,3,0.0023951832635059358,2023-07-24,2,0.0024758501250937404,2023-07-24,1,0.0023960320770929264,2023-11-22,0,0.0,
FY.2,29,0.03519118521484825,2023-05-01,39,0.016401660716166454,2023-03-28,20,0.015440144927428217,2023-05-02,13,0.01570648941577765,2023-05-02,9,0.016971209764941892,2023-05-02,4,0.017356584658128844,2023-05-02,2,0.019510719310302516,2023-05-02
FY.2.1,1,0.0012134891453395948,2023-08-08,7,0.007459109320912231,2023-06-28,4,0.007659158462633198,2023-06-28,2,0.0080415020534539,2023-07-06,2,0.009789807042782914,2023-07-06,2,0.01390117834748506,2023-07-06,2,0.024551897570829557,2023-07-06
FY.3,6,0.00728093487203757,2023-06-07,13,0.004820392756259094,2023-04-04,7,0.004368878479579554,2023-05-30,6,0.0046649761353538596,2023-05-30,3,0.004070131432239784,2023-07-11,0,0.0,,0,0.0,
FY.3.1,17,0.020629315470773114,2023-05-30,27,0.014637276210851875,2023-05-25,23,0.01511660743814704,2023-05-25,15,0.01486238403026834,2023-06-07,10,0.015584892834216045,2023-07-11,3,0.01181720113721965,2023-07-11,1,0.012241767091235232,2023-07-11
FY.3.2,5,0.006067445726697975,2023-07-05,13,0.012314709569159282,2023-06-06,9,0.01265443460132099,2023-06-20,7,0.013693310340382745,2023-06-20,6,0.016049947229966173,2023-06-20,3,0.01838911928620867,2023-06-20,1,0.021521327600620446,2023-07-03
FY.3.3,4,0.004853956581358379,2023-07-17,4,0.001398029177071657,2023-08-15,3,0.0014008321288215512,2023-08-15,2,0.0013005500686824594,2023-08-15,1,0.0009579708521286749,2023-09-11,0,0.0,,0,0.0,
FY.4,0,0.0,,19,0.005833743366797994,2023-03-14,10,0.005249801403892801,2023-05-22,8,0.005401483867157788,2023-05-22,2,0.003443147217696692,2023-06-13,1,0.003617132355509837,2023-06-13,0,0.0,
FY.4.1,2,0.0024269782906791897,2023-06-05,5,0.008852520855917508,2023-06-20,2,0.009065423644394638,2023-06-20,2,0.010049071478931864,2023-06-20,2,0.01223384264331831,2023-06-20,2,0.01737162210824251,2023-06-20,2,0.03068130456134245,2023-06-20
FY.4.1.1,4,0.004853956581358379,2023-07-26,9,0.0023165171033022037,2023-07-13,5,0.0020339483988460645,2023-07-13,3,0.001759472964450708,2023-07-13,1,0.0012597707187999422,2023-07-13,0,0.0,,0,0.0,
FY.4.1.2,5,0.006067445726697975,2023-06-08,3,0.0007116123945081546,2023-05-29,1,0.0005361441415180713,2023-08-09,1,0.0005943187006441811,2023-08-09,0,0.0,,0,0.0,,0,0.0,
FY.4.2,10,0.01213489145339595,2023-05-05,16,0.020049857630940377,2023-05-02,12,0.020774612831894284,2023-05-02,9,0.022264078849334415,2023-05-02,7,0.025777198162325488,2023-05-02,6,0.035402625393944405,2023-05-02,4,0.05103830711824965,2023-05-25
FY.5,132,0.16018056718482654,2023-05-30,51,0.030109949222690974,2023-04-25,41,0.030903072191363505,2023-04-25,30,0.03177969639528164,2023-04-25,15,0.03042481235380985,2023-04-25,7,0.030979119231006914,2023-05-11,1,0.021735585561718777,2023-07-23
FY.5.1,0,0.0,,12,0.0020912394349082044,2023-05-11,6,0.0016614645656369842,2023-08-09,2,0.0009182659382197567,2023-08-09,0,0.0,,0,0.0,,0,0.0,
FY.5.1.1,0,0.0,,16,0.008249693364702184,2023-10-03,10,0.008180490011964081,2023-10-12,7,0.008305929288086995,2023-10-12,5,0.009112979338252102,2023-10-12,3,0.009860633625828421,2023-12-05,0,0.0,
FY.5.2,0,0.0,,14,0.010779882654783475,2023-05-15,8,0.010843924325685386,2023-05-25,6,0.011530205503893757,2023-05-25,6,0.014036990390156158,2023-05-25,4,0.016911925026705788,2023-05-25,1,0.014696449696169006,2023-07-26
FY.5.3,0,0.0,,6,0.003929138683291589,2023-07-11,4,0.00399068584629265,2023-07-11,3,0.004179541641910185,2023-07-11,2,0.004699386321888307,2023-09-05,2,0.006672961693607693,2023-09-05,1,0.007622682122847342,2023-11-08
FY.5.4,0,0.0,,1,0.00030899481354302867,2023-09-14,1,0.0003270257291371424,2023-09-14,1,0.00036250980168819284,2023-09-14,0,0.0,,0,0.0,,0,0.0,
FY.5.5,0,0.0,,26,0.0140959248018139,2023-04-19,22,0.014518087793650334,2023-06-22,15,0.014333555829884681,2023-07-02,3,0.010966456803644144,2023-07-05,2,0.014063938488266533,2023-07-05,1,0.018391364304023678,2023-08-16
FY.5.5.1,0,0.0,,12,0.003949334814150123,2023-07-31,6,0.0035572734639398246,2023-08-16,3,0.0033840476007031646,2023-08-24,3,0.004119774242953426,2023-08-24,2,0.00473160185443287,2023-08-24,0,0.0,
FY.6,4,0.004853956581358379,2023-05-10,46,0.010979618114815185,2023-02-14,20,0.009082671757577874,2023-02-14,10,0.008013297511790047,2023-02-14,4,0.006720218285705578,2023-05-14,1,0.0051100832434341934,2023-05-29,1,0.009025295355188855,2023-05-29
FY.6.1,0,0.0,,2,0.00020641764287707503,2023-05-14,0,0.0,,0,0.0,,0,0.0,,0,0.0,,0,0.0,
FY.6.2,0,0.0,,6,0.0004832481498743016,2023-07-13,0,0.0,,0,0.0,,0,0.0,,0,0.0,,0,0.0,
FY.8,0,0.0,,22,0.004892204990166351,2023-02-14,9,0.004069794215641237,2023-05-23,6,0.0037890971374934484,2023-06-05,4,0.0037410605673753464,2023-06-05,0,0.0,,0,0.0,
FY.8.1,0,0.0,,10,0.002037958781365226,2023-06-20,3,0.0014599942276372552,2023-08-30,2,0.0014526695923419131,2023-08-30,1,0.0012658307408770142,2023-08-30,0,0.0,,0,0.0,
FY.9,0,0.0,,23,0.0170239869056935,2023-05-11,18,0.017486349105182528,2023-05-11,13,0.01843804439882719,2023-05-11,6,0.019087452376273243,2023-05-11,4,0.023409690692794482,2023-06-05,2,0.02852829906202775,2023-07-27
FZ.1,0,0.0,,33,0.015527919699113464,2023-01-11,21,0.015135804010193805,2023-01-18,8,0.014134583733554858,2023-03-14,5,0.015423073431600754,2023-03-14,3,0.018670295971078537,2023-04-10,2,0.027381816529288894,2023-04-11
FZ.1.1,0,0.0,,1,0.00022648009033140592,2023-01-29,1,0.00023969598656503052,2023-01-29,0,0.0,,0,0.0,,0,0.0,,0,0.0,
FZ.2,6,0.00728093487203757,2023-02-17,32,0.005299754349324089,2023-01-08,15,0.0039047308430748637,2023-01-08,5,0.0022640780686822935,2023-01-08,0,0.0,,0,0.0,,0,0.0,
GA.1,0,0.0,,1,0.0008527431832421909,2023-04-11,1,0.0009025036959970586,2023-04-11,1,0.0010004302619307161,2023-04-11,1,0.001217934057463289,2023-04-11,0,0.0,,0,0.0,
GA.10,0,0.0,,2,0.00016914388772732686,2023-05-22,0,0.0,,0,0.0,,0,0.0,,0,0.0,,0,0.0,
GA.10.1,0,0.0,,1,0.00027602304068710323,2023-08-16,1,0.00029212993934858104,2023-08-16,1,0.0003238276286696311,2023-08-16,0,0.0,,0,0.0,,0,0.0,
GA.2,3,0.003640467436018785,2023-03-29,0,0.0,,0,0.0,,0,0.0,,0,0.0,,0,0.0,,0,0.0,
GA.2.1,0,0.0,,1,0.00019625876408553949,2023-11-30,1,0.0002077111414547754,2023-11-30,0,0.0,,0,0.0,,0,0.0,,0,0.0,
GA.3,0,0.0,,1,7.770728780874744e-05,2023-11-07,0,0.0,,0,0.0,,0,0.0,,0,0.0,,0,0.0,
GA.4,3,0.003640467436018785,2023-08-17,0,0.0,,0,0.0,,0,0.0,,0,0.0,,0,0.0,,0,0.0,
GA.4.1,13,0.015775358889414733,2023-07-07,2,0.0012683598522514757,2023-08-15,1,0.001260052172401989,2023-08-15,1,0.0013967746951881713,2023-08-15,1,0.0017004478339044805,2023-08-15,1,0.0024145755382509854,2023-08-15,0,0.0,
GA.4.1.1,1,0.0012134891453395948,2023-09-14,0,0.0,,0,0.0,,0,0.0,,0,0.0,,0,0.0,,0,0.0,
GA.4.1.2,0,0.0,,8,0.008223547527410712,2023-08-15,7,0.008615265074554087,2023-08-15,6,0.009346311955628055,2023-08-15,5,0.010923228822776453,2023-08-15,2,0.011235074864757354,2023-08-15,2,0.01984309533947016,2023-08-15
GA.4.2,0,0.0,,1,8.32526979999379e-05,2023-10-10,0,0.0,,0,0.0,,0,0.0,,0,0.0,,0,0.0,
GA.5,3,0.003640467436018785,2023-04-19,2,0.000764558707049641,2023-04-17,2,0.0008091733507567177,2023-04-17,2,0.000896973065966853,2023-04-17,0,0.0,,0,0.0,,0,0.0,
GA.6,3,0.003640467436018785,2023-02-14,6,0.010321644629474354,2023-02-14,4,0.01075835177877002,2023-02-14,4,0.01192569153535384,2023-02-14,4,0.014518459139448742,2023-02-14,2,0.018094751127303847,2023-05-16,2,0.031958476119226996,2023-05-16
GA.6.1,0,0.0,,1,0.0003412292078200729,2023-05-18,1,0.00036114111175755844,2023-05-18,1,0.00040032688911086935,2023-05-18,0,0.0,,0,0.0,,0,0.0,
GA.7,0,0.0,,3,0.0005126897666714724,2023-02-14,2,0.00046577288298432063,2023-02-14,1,0.0003532659529077963,2023-05-16,0,0.0,,0,0.0,,0,0.0,
GA.7.1,0,0.0,,1,0.003410646010198928,2023-11-07,1,0.0036096689958152674,2023-11-07,1,0.004001337739650013,2023-11-07,1,0.004871269586675525,2023-11-07,1,0.006917029825728497,2023-11-07,1,0.012216677142796551,2023-11-07
GA.7.2,0,0.0,,4,0.0004894529676995037,2023-02-27,1,0.0002612411417865801,2023-05-01,0,0.0,,0,0.0,,0,0.0,,0,0.0,
GA.8,0,0.0,,1,9.200770231086531e-05,2023-02-14,0,0.0,,0,0.0,,0,0.0,,0,0.0,,0,0.0,
GA.8.1,0,0.0,,1,0.00011071675435000058,2023-11-13,0,0.0,,0,0.0,,0,0.0,,0,0.0,,0,0.0,
GB.1,35,0.04247212008688582,2023-03-01,47,0.024707859366258186,2023-02-22,37,0.025046853472912387,2023-03-23,26,0.02556538537668983,2023-03-23,13,0.02448793298331406,2023-03-23,5,0.023843723332816535,2023-05-03,3,0.029257005490763054,2023-05-03
GB.2,0,0.0,,2,0.00020820892099880232,2023-03-14,0,0.0,,0,0.0,,0,0.0,,0,0.0,,0,0.0,
GC.2,9,0.010921402308056355,2023-01-06,14,0.004394610318927035,2023-01-10,9,0.004174337997379542,2023-01-10,3,0.003255133448294327,2023-01-10,1,0.0031322335221354507,2023-03-07,1,0.004447660370310909,2023-03-07,1,0.007855341404311024,2023-03-07
GD.1,14,0.01698884803475433,2023-04-05,10,0.0030125078832024814,2023-04-11,8,0.002999827452877454,2023-04-11,4,0.0023568734402394076,2023-04-11,1,0.0013420627511751457,2023-04-11,0,0.0,,0,0.0,
GD.2,0,0.0,,1,7.123179090050626e-05,2023-07-18,0,0.0,,0,0.0,,0,0.0,,0,0.0,,0,0.0,
GE.1,228,0.27667552513742766,2023-04-19,58,0.023026359366495306,2023-06-22,39,0.022460362917012464,2023-06-22,19,0.020172815753783463,2023-06-22,10,0.019869607274304427,2023-06-28,4,0.01957605919958184,2023-07-26,2,0.021752608960159132,2023-08-31
GE.1.1,6,0.00728093487203757,2023-09-07,62,0.036529934527932614,2023-06-06,51,0.03764550273855121,2023-06-06,33,0.03803678636678743,2023-06-06,20,0.03921923950562145,2023-06-06,9,0.03805654328494439,2023-07-26,4,0.04173720124415498,2023-07-31
GE.1.2,6,0.00728093487203757,2023-08-31,3,0.00033023729195824446,2023-08-29,1,0.00018705864134640758,2023-12-19,0,0.0,,0,0.0,,0,0.0,,0,0.0,
GE.1.2.1,0,0.0,,3,0.0010443548922626032,2023-10-24,2,0.0009782855017927755,2024-01-03,1,0.0008434945174126683,2024-01-03,1,0.0010268788731538753,2024-01-03,0,0.0,,0,0.0,
GE.1.3,16,0.019415826325433518,2023-04-25,27,0.019126922909769042,2023-06-06,20,0.019593407654487922,2023-06-06,14,0.02046141292505487,2023-06-06,10,0.02242821181725778,2023-07-05,8,0.02845621727540984,2023-07-05,2,0.020045728878804462,2023-07-05
GE.1.4,0,0.0,,65,0.06828818667660998,2023-05-02,48,0.0706424378603973,2023-05-02,37,0.07600586352308243,2023-06-21,23,0.08535349821052779,2023-06-21,17,0.11118111119964957,2023-08-01,9,0.1551554329474316,2023-08-01
GE.1.5,0,0.0,,13,0.010266131900301437,2023-06-20,8,0.010381232266686568,2023-06-20,5,0.01083138468087868,2023-06-20,4,0.012448975650516376,2023-08-16,1,0.012718519781979444,2023-08-16,1,0.022463116948371657,2023-08-16
GE.1.6,0,0.0,,17,0.020245697193548316,2023-06-13,11,0.020894015619398548,2023-06-13,7,0.02235407238809868,2023-06-13,6,0.026476515286325233,2023-06-13,4,0.03517866120421559,2023-06-13,4,0.0621316312167935,2023-06-13
GF.1,20,0.0242697829067919,2023-03-05,15,0.004696036452441825,2023-02-01,10,0.004412817765891763,2023-03-05,5,0.003717062265865833,2023-03-05,2,0.002950904990694421,2023-03-05,1,0.002974627886717065,2023-06-11,0,0.0,
GG.1,2,0.0024269782906791897,2023-04-30,9,0.0011758377536900478,2023-03-29,3,0.0005967799766265088,2023-03-29,0,0.0,,0,0.0,,0,0.0,,0,0.0,
GH.1,2,0.0024269782906791897,2023-04-27,2,0.001017178341350717,2023-04-17,2,0.0010765342140488892,2023-04-17,2,0.0011933440389387813,2023-04-17,1,0.0010259526829539901,2023-04-17,0,0.0,,0,0.0,
GJ.1,4,0.004853956581358379,2023-06-22,143,0.04061712508615027,2023-04-10,89,0.03754295635325647,2023-05-22,41,0.031093967190588486,2023-06-19,17,0.024435194924240112,2023-06-22,7,0.020179868032989618,2023-07-11,1,0.009773753975568825,2023-09-07
GJ.1.1,11,0.013348380598735544,2023-05-18,10,0.01671854039947422,2023-04-25,6,0.017263767740178404,2023-05-18,6,0.019136980556225907,2023-05-18,6,0.02329755632487498,2023-05-18,5,0.0315433896482479,2023-06-08,3,0.04295922531509849,2023-06-08
GJ.1.2,295,0.3579792978751805,2023-02-16,205,0.11369949342991761,2023-05-22,149,0.11460321415035685,2023-05-22,92,0.1139680736981542,2023-05-24,59,0.12088849351026645,2023-05-24,27,0.12448906202595274,2023-05-24,12,0.14184431112101617,2023-05-24
GJ.1.2.1,38,0.046112587522904605,2023-08-07,19,0.013329116795306226,2023-06-29,13,0.013589728368942195,2023-06-29,9,0.014134616530798725,2023-09-04,4,0.014479562462592731,2023-09-07,3,0.018987868882265932,2023-10-31,2,0.028331663172870173,2023-10-31
GJ.1.2.2,11,0.013348380598735544,2023-08-21,28,0.006864314095682836,2023-06-13,10,0.005446937050168719,2023-06-13,7,0.0054468991122735505,2023-06-13,2,0.003455030439492033,2023-06-13,1,0.002934188381644898,2023-06-13,0,0.0,
GJ.1.2.3,0,0.0,,12,0.014993992488684221,2023-07-24,7,0.015386852463659676,2023-07-24,5,0.016600185399789944,2023-08-01,4,0.019761730574099988,2023-08-01,4,0.02806095564141181,2023-08-01,4,0.049560525836442944,2023-08-01
GJ.1.2.4,2,0.0024269782906791897,2023-08-09,1,7.253152746664121e-05,2023-10-17,0,0.0,,0,0.0,,0,0.0,,0,0.0,,0,0.0,
GJ.1.2.5,36,0.04368560923222542,2023-07-21,42,0.018266928627390457,2023-04-18,20,0.017230976686998203,2023-07-05,10,0.016903036626294398,2023-07-05,7,0.01874729372132359,2023-07-05,5,0.02431185641755255,2023-08-16,2,0.026281268128487842,2023-08-16
GJ.1.2.6,3,0.003640467436018785,2023-07-31,207,0.09684184670396527,2023-04-10,136,0.09535463863324635,2023-05-22,65,0.08949115462409957,2023-05-22,41,0.09585624765794329,2023-05-22,21,0.10385354059323258,2023-06-11,8,0.11922449808725714,2023-06-28
GJ.1.2.7,7,0.008494424017377164,2023-10-22,23,0.008245110170291989,2023-07-11,15,0.007897726360856167,2023-07-11,8,0.0073401337705823935,2023-07-25,5,0.0072741931852614294,2023-07-25,1,0.004274791159364488,2023-09-05,0,0.0,
GJ.1.2.8,4,0.004853956581358379,2023-08-10,11,0.00830927952921922,2023-07-28,10,0.00868711672993946,2023-07-28,7,0.009068747248706502,2023-08-09,4,0.009443893784283642,2023-08-09,3,0.01187573631318275,2023-08-09,1,0.012354056457020125,2023-10-02
GJ.2,2,0.0024269782906791897,2023-06-16,5,0.0037863605678913927,2023-06-13,4,0.003870933204168942,2023-06-13,3,0.004086427857300665,2023-06-13,2,0.004262064363661706,2023-06-13,1,0.004191735939575108,2023-06-13,0,0.0,
GJ.3,9,0.010921402308056355,2023-03-31,24,0.01336536248665527,2023-03-29,14,0.013118406188737617,2023-04-18,7,0.013057106217423441,2023-04-18,5,0.014929920247478806,2023-04-18,4,0.0194696834173658,2023-06-06,2,0.02513626673724301,2023-06-06
GJ.4,69,0.08373075102843205,2023-02-19,78,0.03411097009513009,2023-05-10,53,0.03353534245116291,2023-05-10,30,0.03223178945931143,2023-05-10,16,0.03223154734911418,2023-05-16,7,0.03191887851387388,2023-05-16,1,0.02105916494635547,2023-08-23
GJ.5,5,0.006067445726697975,2023-07-25,12,0.002425562152644742,2023-04-17,5,0.0019369677167797882,2023-04-17,2,0.0015463955662640557,2023-10-31,1,0.0012625277170872503,2023-10-31,0,0.0,,0,0.0,
GJ.5.1,7,0.008494424017377164,2023-08-03,8,0.0018368373993814186,2023-08-06,6,0.001681844683942437,2023-09-11,4,0.0013934914734652197,2023-09-11,0,0.0,,0,0.0,,0,0.0,
GJ.6,0,0.0,,6,0.0014014125331186609,2023-08-01,2,0.0011275352352267836,2023-09-24,2,0.0012498789486594182,2023-09-24,1,0.0011199465593930834,2023-10-10,0,0.0,,0,0.0,
GJ.7,0,0.0,,16,0.004338384457025554,2023-04-26,12,0.0042448661646584465,2023-04-26,6,0.0032740844263543633,2023-04-26,1,0.0013514119831928462,2023-06-27,0,0.0,,0,0.0,
GK.1,110,0.13348380598735543,2023-04-05,71,0.02764578946497102,2023-05-14,46,0.026709661157776766,2023-05-14,30,0.026231784103460887,2023-05-14,14,0.023287122516469364,2023-05-14,6,0.020803959360624062,2023-05-14,1,0.009907313691165447,2023-06-05
GK.1.1,261,0.31672066693363427,2023-07-13,201,0.13867810739907654,2023-05-01,143,0.1411381030141552,2023-05-01,95,0.1457458098752255,2023-05-01,67,0.16115029581165732,2023-08-01,35,0.17935428062317432,2023-08-21,17,0.2195884846920544,2023-08-22
GK.1.1.1,0,0.0,,59,0.027277098453147634,2023-08-01,42,0.027169908300885948,2023-08-01,27,0.026889198950126255,2023-08-01,16,0.02703411669974066,2023-09-05,5,0.021803774935987105,2023-09-05,2,0.022018488570092157,2023-09-05
GK.1.10,0,0.0,,6,0.0020626096566236725,2023-08-02,5,0.002106892105444357,2023-08-02,2,0.001581742212950374,2023-08-02,2,0.0019256291863480495,2023-08-02,0,0.0,,0,0.0,
GK.1.11,0,0.0,,1,7.360569813024358e-05,2023-11-21,0,0.0,,0,0.0,,0,0.0,,0,0.0,,0,0.0,
GK.1.11.1,0,0.0,,1,7.360569813024358e-05,2023-11-21,0,0.0,,0,0.0,,0,0.0,,0,0.0,,0,0.0,
GK.1.2,4,0.004853956581358379,2023-08-10,27,0.0037592435716774135,2023-05-18,8,0.002027714115727613,2023-05-18,3,0.0012075614109985848,2023-05-23,0,0.0,,0,0.0,,0,0.0,
GK.1.2.1,0,0.0,,3,0.0005359865840597977,2023-09-21,1,0.0003028556126025605,2023-11-07,1,0.00033571709588229166,2023-11-07,0,0.0,,0,0.0,,0,0.0,
GK.1.3,53,0.06431492470299853,2023-04-18,58,0.01132543541921191,2023-04-27,26,0.008938273364903888,2023-04-27,9,0.0057481630143497945,2023-04-27,4,0.004673113232372037,2023-04-27,1,0.002993730380368829,2023-04-27,0,0.0,
GK.1.4,2,0.0024269782906791897,2023-10-11,10,0.0015712631277617639,2023-05-15,5,0.0011839566893382563,2023-05-15,2,0.0007283820203398553,2023-09-26,0,0.0,,0,0.0,,0,0.0,
GK.1.5,0,0.0,,5,0.0007694731951686669,2023-08-17,2,0.000490039051789171,2023-10-01,1,0.0003179397462099535,2023-10-01,0,0.0,,0,0.0,,0,0.0,
GK.1.6,0,0.0,,21,0.011432966295328547,2023-07-25,10,0.011044835667516609,2023-07-27,7,0.011626084748997246,2023-07-27,5,0.01301633550757628,2023-07-27,2,0.013765708289452061,2023-07-27,1,0.020357853228527855,2023-07-27
GK.1.6.1,0,0.0,,19,0.008569300441188562,2023-08-14,11,0.008148562307437964,2023-08-14,9,0.008660046414963537,2023-08-14,3,0.007648996784611041,2023-10-31,2,0.00913459900817507,2023-10-31,1,0.00956228460383894,2023-12-28
GK.1.7,0,0.0,,10,0.003865594615569646,2023-05-17,5,0.0036222998693555813,2023-07-11,3,0.0036556841669367884,2023-07-11,2,0.0039355535078112935,2023-07-11,1,0.003580909575707421,2023-07-11,0,0.0,
GK.1.8,0,0.0,,9,0.005644001171826148,2023-11-07,5,0.005596820237808475,2023-11-07,4,0.005994055687113917,2023-11-07,2,0.0062602959241399424,2023-11-08,1,0.00760579762572589,2024-03-21,1,0.01343316081438983,2024-03-21
GK.1.8.1,0,0.0,,1,0.00014612960736522804,2023-11-15,1,0.00015465677513866544,2023-11-15,0,0.0,,0,0.0,,0,0.0,,0,0.0,
GK.1.9,0,0.0,,4,0.0006636699352553022,2023-09-18,2,0.0004683747777302592,2023-11-29,1,0.0003170209570702037,2024-03-20,0,0.0,,0,0.0,,0,0.0,
GK.10,0,0.0,,8,0.0008163462534333889,2023-06-28,2,0.00032609815867316226,2023-06-28,0,0.0,,0,0.0,,0,0.0,,0,0.0,
GK.11,0,0.0,,4,0.0011641709949944165,2023-05-17,2,0.0010314779169557167,2023-05-17,2,0.001143398888240254,2023-05-17,1,0.0009461540503476677,2023-07-03,0,0.0,,0,0.0,
GK.12,0,0.0,,1,0.0001104093752640237,2023-08-07,0,0.0,,0,0.0,,0,0.0,,0,0.0,,0,0.0,
GK.2,124,0.15047265402210977,2023-02-21,71,0.024555193316131457,2023-05-30,48,0.02360067667985342,2023-05-30,25,0.02068689273313075,2023-05-30,10,0.01734292871285656,2023-05-30,3,0.013353649079240868,2023-08-29,1,0.012473954410117748,2023-08-29
GK.2.1,48,0.05824747897630056,2023-08-01,33,0.012116212899840452,2023-07-28,21,0.011734606441102505,2023-07-28,11,0.010552022109875766,2023-08-09,6,0.010666861192063972,2023-08-09,4,0.0126255083829114,2023-09-05,0,0.0,
GK.2.1.1,3,0.003640467436018785,2023-07-29,3,0.0006493841610070637,2023-08-14,2,0.0005759904092273563,2023-08-14,1,0.00039767046779496247,2023-09-26,0,0.0,,0,0.0,,0,0.0,
GK.2.2,3,0.003640467436018785,2023-07-21,8,0.005934176965812215,2023-07-23,6,0.0060854086198720075,2023-07-23,4,0.006303820914586937,2023-07-30,3,0.006959219731900955,2023-07-30,3,0.009881844885166606,2023-07-30,0,0.0,
GK.2.3,3,0.003640467436018785,2023-08-31,41,0.019131032448906665,2023-07-31,26,0.018757593260071752,2023-07-31,18,0.019076420523147394,2023-07-31,10,0.018609954824760782,2023-08-08,4,0.01541842249556606,2023-08-08,1,0.012485287206938457,2023-08-08
GK.2.4,0,0.0,,24,0.006092385246346479,2023-06-20,15,0.005496725919740283,2023-06-20,8,0.00471684847386311,2023-06-20,1,0.001963714346875074,2023-06-20,1,0.0027884046376123114,2023-06-20,0,0.0,
GK.3,12,0.01456186974407514,2023-05-10,67,0.035169724041433384,2023-05-03,43,0.03482412371737991,2023-05-03,26,0.03475261577760288,2023-05-03,12,0.03485255321168848,2023-05-03,6,0.038841022929365136,2023-05-03,3,0.05145586041035593,2023-05-03
GK.3.1,76,0.09222517504580921,2023-07-17,20,0.017899146040008022,2023-05-23,14,0.018308790990354075,2023-05-23,8,0.01888976122717558,2023-05-23,6,0.021947100524965416,2023-05-23,3,0.026236438833091486,2023-08-09,2,0.039219521007447265,2023-08-09
GK.3.2,1,0.0012134891453395948,2023-08-24,5,0.000651429424347678,2023-07-17,1,0.00034952804172636075,2023-07-26,1,0.0003874537377380148,2023-07-26,0,0.0,,0,0.0,,0,0.0,
GK.4,9,0.010921402308056355,2023-08-25,12,0.005078661938665832,2023-09-10,7,0.0049110169137626955,2023-09-17,6,0.005267108429615283,2023-09-17,2,0.004410809336532268,2023-10-18,1,0.004770410612951662,2023-10-18,1,0.008425374440374457,2023-10-18
GK.5,0,0.0,,8,0.0012327079854987045,2023-05-01,4,0.0008435562073998159,2023-05-01,0,0.0,,0,0.0,,0,0.0,,0,0.0,
GK.6,0,0.0,,21,0.004582446101110897,2023-07-17,14,0.0041193252164171456,2023-07-19,7,0.003045306241430999,2023-07-19,0,0.0,,0,0.0,,0,0.0,
GK.7,0,0.0,,6,0.0006705982863514178,2023-05-01,2,0.00039415469771573346,2023-08-21,0,0.0,,0,0.0,,0,0.0,,0,0.0,
GK.8,0,0.0,,3,0.0006081870165540871,2023-09-19,1,0.00042986307568853736,2023-10-11,1,0.0004765055603792544,2023-10-11,0,0.0,,0,0.0,,0,0.0,
GK.8.1,0,0.0,,5,0.0018498331751509445,2023-08-31,2,0.0016455219219956455,2023-09-14,1,0.0015963786436332136,2023-10-11,1,0.001943447727116627,2023-10-11,1,0.00275962675725863,2023-10-11,0,0.0,
GK.9,0,0.0,,8,0.003124207654418174,2023-06-14,6,0.0030972245250409014,2023-06-14,4,0.0029562092642905044,2023-06-14,2,0.0026430438719458158,2023-06-28,0,0.0,,0,0.0,
GL.1,8,0.009707913162716759,2023-08-01,6,0.0026227321897274148,2023-08-03,5,0.0026417888995607154,2023-08-03,4,0.0027398079198411246,2023-08-03,2,0.002158413927355617,2023-08-03,0,0.0,,0,0.0,
GM.1,0,0.0,,1,6.973199294651567e-05,2023-10-11,0,0.0,,0,0.0,,0,0.0,,0,0.0,,0,0.0,
GM.2,0,0.0,,1,0.00019588725936266053,2023-04-24,1,0.00020731795814699,2023-04-24,0,0.0,,0,0.0,,0,0.0,,0,0.0,
GM.3,3,0.003640467436018785,2023-06-06,0,0.0,,0,0.0,,0,0.0,,0,0.0,,0,0.0,,0,0.0,
GN.1,47,0.05703398983096096,2023-06-13,60,0.0451286942734649,2023-05-22,45,0.046356514538998785,2023-05-22,29,0.04771780810768704,2023-06-28,12,0.0482574676592796,2023-06-28,10,0.06620929351280816,2023-06-28,6,0.09643553475592621,2023-06-28
GN.1.1,18,0.02184280461611271,2023-08-08,39,0.011486086303551808,2023-06-28,24,0.010712945837390839,2023-07-09,14,0.009648519594510591,2023-07-09,7,0.00818343322456559,2023-07-11,1,0.0032699034490014794,2023-07-20,0,0.0,
GN.1.2,0,0.0,,16,0.002959091095172071,2023-06-20,8,0.0023722681221881327,2023-06-29,4,0.0017576949186091247,2023-08-15,1,0.000840176849014706,2023-08-23,0,0.0,,0,0.0,
GN.1.3,0,0.0,,2,0.0006755125757339659,2023-08-08,1,0.0006125687964131254,2023-08-08,1,0.0006790358467940987,2023-08-08,1,0.000826665201483311,2023-08-08,0,0.0,,0,0.0,
GN.2,2,0.0024269782906791897,2023-08-09,4,0.0014328371424933383,2023-06-28,3,0.0014349236035411193,2023-06-28,3,0.0015906206289330118,2023-06-28,1,0.0010960153903822349,2023-08-08,0,0.0,,0,0.0,
GN.3,1,0.0012134891453395948,2023-08-09,56,0.006796144105207927,2023-01-04,7,0.002407060848591808,2023-02-14,3,0.0017452564472953656,2023-02-14,1,0.0010678673073843917,2023-04-23,0,0.0,,0,0.0,
GN.4,6,0.00728093487203757,2023-06-01,16,0.008716904275747613,2023-01-31,8,0.008378823366950216,2023-05-10,6,0.008931027968942906,2023-05-10,2,0.008658166397789154,2023-06-01,1,0.01112399923281893,2023-06-29,1,0.019646916463852703,2023-06-29
GN.5,0,0.0,,15,0.0063618299108752305,2023-02-02,4,0.005711624014567824,2023-02-20,1,0.005712829113511803,2023-03-06,1,0.006954856731728588,2023-03-06,1,0.009875649579859654,2023-03-06,1,0.017442113961079135,2023-03-06
GP.1,1,0.0012134891453395948,2023-05-05,1,0.00028624611136103355,2023-06-20,1,0.0003029495615384436,2023-06-20,1,0.00033582123878935177,2023-06-20,0,0.0,,0,0.0,,0,0.0,
GP.2,0,0.0,,6,0.0013297074844185383,2023-03-01,5,0.0013264029773691123,2023-03-30,2,0.0009092201163999491,2023-05-25,0,0.0,,0,0.0,,0,0.0,
GP.3,0,0.0,,1,8.832710273826296e-05,2023-08-10,0,0.0,,0,0.0,,0,0.0,,0,0.0,,0,0.0,
GR.1,14,0.01698884803475433,2023-04-23,71,0.023378078283097292,2023-01-17,40,0.021553588751101495,2023-01-17,19,0.01938558413103567,2023-01-17,10,0.01879310678428764,2023-03-28,5,0.01913271432230043,2023-03-28,1,0.010546048960518044,2023-03-28
GS.1,25,0.030337228633489872,2023-07-26,51,0.04275006413757334,2023-05-15,41,0.04426629170911479,2023-05-15,26,0.04577971482478508,2023-05-15,18,0.051755381868795816,2023-05-15,12,0.06504234831485813,2023-06-01,4,0.06786913746961161,2023-06-01
GS.2,0,0.0,,19,0.0053727601945182295,2023-05-22,9,0.004788783458842504,2023-05-25,6,0.004590017490469825,2023-06-07,3,0.003590564736434616,2023-06-07,0,0.0,,0,0.0,
GS.3,4,0.004853956581358379,2023-05-25,16,0.011853783566739691,2023-05-02,10,0.011903325619164214,2023-05-16,9,0.01301128971124115,2023-05-16,3,0.01279411079192464,2023-09-06,2,0.01676047934891155,2023-09-06,1,0.023531605113744747,2023-09-06
GS.4,39,0.047326076668244205,2023-06-04,71,0.03296238977809846,2023-07-11,35,0.03138450257595765,2023-08-15,20,0.03137439458395679,2023-08-15,11,0.03336773161508852,2023-08-15,8,0.04308472699172087,2023-08-15,5,0.05900746221595814,2023-08-24
GS.4.1,71,0.08615772931911124,2023-08-18,68,0.031984931372959734,2023-08-15,44,0.031385975751361206,2023-08-15,28,0.031090975102693777,2023-08-15,13,0.030604863293436695,2023-08-15,4,0.02844713115006755,2023-08-30,4,0.05024257891826633,2023-08-30
GS.4.1.1,0,0.0,,5,0.0008978476855891707,2023-09-04,3,0.0007344451051546691,2023-09-04,1,0.0003660654270598352,2023-09-19,0,0.0,,0,0.0,,0,0.0,
GS.6,0,0.0,,8,0.004186186431304527,2023-07-06,5,0.004165169983460275,2023-07-06,4,0.004446303698344697,2023-07-06,2,0.004511156542804041,2023-07-06,1,0.005128360690572177,2023-07-06,1,0.009057576504223189,2023-07-06
GS.7,0,0.0,,4,0.001831940400072457,2023-05-09,3,0.0018597084588005905,2023-05-09,3,0.002061496954311317,2023-05-09,2,0.001984045872801375,2023-08-22,0,0.0,,0,0.0,
GS.8,0,0.0,,1,0.00019137594131200865,2023-06-07,1,0.00020254338909203546,2023-06-07,0,0.0,,0,0.0,,0,0.0,,0,0.0,
GU.1,7,0.008494424017377164,2023-04-18,20,0.011670830739820347,2023-02-08,15,0.011855861004199712,2023-02-08,9,0.011807869224295603,2023-02-22,7,0.01328619264581538,2023-03-08,4,0.014902092507010812,2023-03-08,2,0.018141729081392766,2023-04-04
GV.1,16,0.019415826325433518,2023-02-21,172,0.10044747525883349,2023-01-08,116,0.10072141298265022,2023-01-12,74,0.1026644924085352,2023-01-12,45,0.1090834304733312,2023-01-12,28,0.13085356474427198,2023-01-12,11,0.13666313295564395,2023-02-28
GW.1,3,0.003640467436018785,2023-05-11,1,0.0005980494688111905,2023-06-27,1,0.0006329477228290934,2023-06-27,1,0.0007016259977071871,2023-06-27,1,0.0008541666828031466,2023-06-27,0,0.0,,0,0.0,
GW.1.1,0,0.0,,1,7.52787280475595e-05,2023-08-16,0,0.0,,0,0.0,,0,0.0,,0,0.0,,0,0.0,
GW.2,16,0.019415826325433518,2023-03-29,10,0.0123683892193046,2023-05-07,9,0.012981146723301263,2023-05-07,7,0.01395397677257357,2023-05-07,7,0.016987714381580747,2023-05-07,4,0.020173498878116005,2023-05-22,2,0.024148534240672096,2023-05-24
GW.3,0,0.0,,1,9.857852648305491e-05,2023-10-17,0,0.0,,0,0.0,,0,0.0,,0,0.0,,0,0.0,
GW.4,1,0.0012134891453395948,2023-03-06,0,0.0,,0,0.0,,0,0.0,,0,0.0,,0,0.0,,0,0.0,
GW.5,16,0.019415826325433518,2023-07-28,4,0.0009261576306351039,2023-08-16,3,0.0009042589285417105,2023-08-16,1,0.000521542005100231,2023-12-12,0,0.0,,0,0.0,,0,0.0,
GW.5.1,8,0.009707913162716759,2023-08-14,6,0.001524069573803517,2023-08-22,2,0.0012207081809439476,2023-08-22,2,0.0013531616663946622,2023-08-22,1,0.0010764583861615485,2023-08-22,0,0.0,,0,0.0,
GW.5.1.1,6,0.00728093487203757,2024-01-10,4,0.00043411724648299567,2023-08-16,1,0.00016893526061424204,2023-12-28,0,0.0,,0,0.0,,0,0.0,,0,0.0,
GW.5.2,0,0.0,,1,0.00019014198652009246,2023-08-30,1,0.00020123742877211422,2023-08-30,0,0.0,,0,0.0,,0,0.0,,0,0.0,
GW.5.3,0,0.0,,3,0.0012421851319251993,2023-08-09,2,0.001205971308794637,2023-08-09,2,0.0013368257633620587,2023-08-09,1,0.0011826925629345845,2023-08-09,0,0.0,,0,0.0,
GW.5.3.1,0,0.0,,1,0.00010270634937665508,2023-10-24,0,0.0,,0,0.0,,0,0.0,,0,0.0,,0,0.0,
GY.1,6,0.00728093487203757,2023-05-31,28,0.007298376557143395,2023-05-08,20,0.0069088263820872575,2023-05-08,8,0.005215056405732061,2023-05-30,4,0.0044068232841335585,2023-05-30,1,0.002451312477475033,2023-08-02,0,0.0,
GY.1.1,0,0.0,,2,0.002514701093895644,2023-07-25,2,0.0026614425962805826,2023-07-25,2,0.00295022361184793,2023-07-25,2,0.0035916324712804335,2023-07-25,2,0.005099990564032097,2023-07-25,0,0.0,
GY.2,0,0.0,,9,0.0014088279873223602,2023-05-02,4,0.0009717442019651955,2023-05-04,1,0.0003127981953446776,2023-05-04,0,0.0,,0,0.0,,0,0.0,
GY.2.1,0,0.0,,2,0.0003308161450731724,2023-05-30,1,0.0002312876970257854,2023-07-10,0,0.0,,0,0.0,,0,0.0,,0,0.0,
GY.3,0,0.0,,14,0.00308863196998197,2023-04-25,7,0.002593816399453273,2023-05-21,2,0.0019237758093016244,2023-05-21,1,0.0018689473679614412,2023-05-21,1,0.002653838892897053,2023-05-21,0,0.0,
GY.4,0,0.0,,1,0.00032682339673912117,2023-08-17,1,0.00034589467179780116,2023-08-17,1,0.00038342612738534546,2023-08-17,0,0.0,,0,0.0,,0,0.0,
GY.5,28,0.03397769606950866,2023-01-03,43,0.04973783830180315,2023-04-25,39,0.05224592261205155,2023-04-25,27,0.05515780116995012,2023-04-25,21,0.06382535015751689,2023-05-25,13,0.079173770395152,2023-06-15,8,0.11605334686060713,2023-06-15
GY.6,21,0.025483272052131495,2023-04-24,24,0.03023762800294749,2023-05-01,22,0.031850246853594326,2023-05-25,16,0.03381531927748963,2023-05-25,12,0.03895736175756596,2023-05-25,7,0.04716391038414407,2023-06-07,5,0.07469535343187865,2023-06-07
GY.7,3,0.003640467436018785,2023-08-16,6,0.005742753526481964,2023-05-29,3,0.005746996630261564,2023-08-16,2,0.0061218775824960206,2023-08-16,2,0.007452836531507572,2023-08-16,2,0.01058276321140726,2023-08-16,1,0.014415028066576019,2023-08-21
GY.8,7,0.008494424017377164,2023-09-06,12,0.002848662111242217,2023-05-22,8,0.002546178049068532,2023-05-31,3,0.001737905823303017,2023-05-31,1,0.0008634318017257712,2023-09-13,0,0.0,,0,0.0,
GY.9,0,0.0,,7,0.005459822935783442,2023-06-06,3,0.005354111995958907,2023-08-01,2,0.0057293365414667055,2023-08-01,2,0.006974953043757971,2023-08-01,1,0.00814912454420546,2023-08-01,1,0.014392770605483421,2023-08-01
GZ.1,7,0.008494424017377164,2023-05-12,20,0.01623249635858189,2023-04-27,11,0.01639772751919852,2023-04-27,6,0.01704807412139941,2023-04-27,5,0.020026689188974222,2023-05-30,4,0.02717812376189267,2023-06-21,3,0.04407216172518804,2023-06-21
HA.1,0,0.0,,25,0.009041826691829149,2023-01-25,14,0.008519576611023084,2023-03-07,7,0.00801994431625528,2023-03-07,4,0.007887466302999314,2023-07-03,2,0.00837859468674779,2023-07-03,1,0.009823922482700633,2023-07-05
HA.2,11,0.013348380598735544,2023-05-10,24,0.007429970114789088,2023-01-31,7,0.00619946445092389,2023-05-24,5,0.006532934921526275,2023-05-24,5,0.007953261950275894,2023-05-24,2,0.005924682661154347,2023-06-06,0,0.0,
HB.1,2,0.0024269782906791897,2023-08-02,2,0.0005860180286784247,2023-07-07,2,0.0006202142065707704,2023-07-07,1,0.0003885927036357507,2023-07-17,0,0.0,,0,0.0,,0,0.0,
HC.1,1,0.0012134891453395948,2023-05-20,2,0.0024895778220289854,2023-06-01,2,0.002634853294647011,2023-06-01,2,0.0029207492261852305,2023-06-01,1,0.003153843680645391,2023-06-05,1,0.004478346027980288,2023-06-05,1,0.007909537610212404,2023-06-05
HC.2,4,0.004853956581358379,2023-07-12,2,0.000513649730105716,2023-09-03,1,0.00042491638376970743,2023-09-03,1,0.00047102212544818936,2023-09-03,0,0.0,,0,0.0,,0,0.0,
HC.3,1,0.0012134891453395948,2023-11-07,1,0.0006624548604287962,2023-09-11,1,0.0007011113917030296,2023-09-11,1,0.000777185795864438,2023-09-11,1,0.0009461539557322626,2023-09-11,0,0.0,,0,0.0,
HC.4,1,0.0012134891453395948,2023-06-18,1,0.00013635442246722225,2023-07-11,1,0.00014431117440813547,2023-07-11,0,0.0,,0,0.0,,0,0.0,,0,0.0,
HD.1,2,0.0024269782906791897,2023-05-05,2,0.000248191388098229,2023-04-24,1,0.00018948939478451735,2023-04-24,0,0.0,,0,0.0,,0,0.0,,0,0.0,
HD.1.1,4,0.004853956581358379,2023-06-23,0,0.0,,0,0.0,,0,0.0,,0,0.0,,0,0.0,,0,0.0,
HE.1,12,0.01456186974407514,2023-06-17,15,0.009045917218510377,2023-04-18,11,0.009260798098678476,2023-04-18,9,0.00982493254964368,2023-04-18,5,0.009942244476450363,2023-04-18,2,0.009460581724211294,2023-07-06,2,0.016709031971762305,2023-07-06
HE.2,0,0.0,,13,0.012027850157027134,2023-05-24,12,0.01261286493152742,2023-05-24,10,0.013610194974318281,2023-05-24,7,0.015010630783358856,2023-05-24,3,0.016474506350649402,2023-06-01,2,0.02262540255138694,2023-06-01
HF.1,110,0.13348380598735543,2023-06-10,87,0.045943002086843404,2023-07-05,58,0.04575115085474528,2023-07-12,36,0.04579691526938346,2023-07-12,20,0.04742774619098287,2023-07-12,11,0.05208659064659962,2023-09-11,3,0.04644363464572668,2023-09-13
HF.1.1,8,0.009707913162716759,2023-08-08,25,0.010229985577191398,2023-08-22,19,0.010168040326601353,2023-08-22,12,0.00974617183374749,2023-08-30,5,0.007596962947996767,2023-08-30,2,0.006683360423483393,2023-08-30,0,0.0,
HF.1.2,19,0.023056293761452303,2023-06-26,39,0.021462492283007884,2023-06-20,25,0.021319841835512252,2023-06-20,13,0.020866015191374914,2023-06-20,10,0.023796782777230702,2023-06-20,5,0.025667745193838905,2023-06-20,3,0.03449144542832895,2023-06-20
HG.1,2,0.0024269782906791897,2023-06-25,1,0.0004516736931952103,2023-07-25,1,0.00047803041467121783,2023-07-25,1,0.0005298993179546313,2023-07-25,0,0.0,,0,0.0,,0,0.0,
HG.2,3,0.003640467436018785,2023-08-26,2,0.0006646701759490878,2023-08-08,1,0.0006096619882924439,2023-08-08,1,0.0006758136341622236,2023-08-08,1,0.0008227424467905697,2023-08-08,0,0.0,,0,0.0,
HG.3,0,0.0,,2,0.0004888056167451575,2023-08-08,1,0.000417880660139256,2023-08-16,1,0.00046322298748819636,2023-08-16,0,0.0,,0,0.0,,0,0.0,
HH.1,15,0.018202337180093925,2023-04-10,44,0.025108777021635977,2023-03-07,34,0.025545063978789,2023-03-07,22,0.02552705868848985,2023-03-07,13,0.026140070096792384,2023-03-07,6,0.027042649404643185,2023-05-24,2,0.028248372336538003,2023-05-24
HH.1.1,2,0.0024269782906791897,2023-06-19,9,0.007775237117878225,2023-04-19,8,0.008152636325920273,2023-04-19,8,0.00903724176548178,2023-04-19,3,0.008527834245046193,2023-04-19,1,0.008747078382161254,2023-08-29,1,0.015448861032827018,2023-08-29
HH.2,21,0.025483272052131495,2023-05-24,12,0.004837645931105876,2023-03-07,9,0.004796239428683168,2023-03-07,5,0.004492003782083126,2023-04-05,2,0.003583937873465981,2023-07-25,1,0.0030228865917732856,2023-07-25,0,0.0,
HH.2.1,0,0.0,,19,0.0067949160462648555,2023-06-13,13,0.0065871047714921764,2023-06-13,7,0.00599593461168189,2023-06-13,4,0.005298485389644147,2023-07-24,1,0.0034022924466696304,2023-08-17,0,0.0,
HH.3,0,0.0,,30,0.010838861149396271,2023-03-07,21,0.010572128862286093,2023-04-12,12,0.009915945523118317,2023-04-12,6,0.00927779681920673,2023-04-12,1,0.0050381441852716275,2023-07-03,1,0.008898238472441299,2023-07-03
HH.4,0,0.0,,4,0.0009491103026890217,2023-04-12,3,0.0009122739646620239,2023-04-12,2,0.0007367820784173027,2023-05-24,0,0.0,,0,0.0,,0,0.0,
HH.5,0,0.0,,39,0.028150590453393687,2023-05-18,32,0.02907866756922225,2023-05-25,25,0.030528015618892908,2023-05-25,14,0.03126163092363825,2023-05-25,6,0.03329903287411075,2023-06-14,3,0.04224273913419122,2023-07-20
HH.7,0,0.0,,26,0.017059114240635335,2023-04-26,15,0.017089782513927006,2023-05-31,13,0.018605564093727454,2023-05-31,7,0.019223830264167116,2023-06-19,4,0.022504970158639562,2023-06-19,2,0.028307860265678463,2023-06-19
HH.8,0,0.0,,15,0.0026844526515272097,2023-05-31,6,0.0019454074862236684,2023-05-31,2,0.0011364890840754023,2023-07-11,1,0.0009376301485080856,2023-07-11,0,0.0,,0,0.0,
HH.8.1,0,0.0,,8,0.0014342328687783484,2023-07-06,5,0.0012871609275176186,2023-07-06,1,0.0005359901236459014,2023-08-01,0,0.0,,0,0.0,,0,0.0,
HJ.1,9,0.010921402308056355,2023-03-13,54,0.03890568265366567,2023-01-11,36,0.03954252778479571,2023-01-11,22,0.04105459686007129,2023-01-11,14,0.045574045054773325,2023-04-11,11,0.05873854153183779,2023-04-13,5,0.07463073750709134,2023-04-20
HK.1,45,0.054607011540281775,2023-07-09,16,0.006530544859037535,2023-07-20,9,0.006165747229502638,2023-08-30,5,0.0059056775291879,2023-09-21,3,0.005880533531412458,2023-09-21,2,0.006833745941362264,2023-10-03,0,0.0,
HK.1.2,0,0.0,,4,0.0003600499497598454,2023-09-26,0,0.0,,0,0.0,,0,0.0,,0,0.0,,0,0.0,
HK.11,13,0.015775358889414733,2023-08-29,54,0.01388684303020371,2023-07-31,33,0.012722969158158228,2023-07-31,11,0.009335815982686731,2023-08-22,5,0.008046581218877089,2023-09-28,2,0.006972110312544001,2023-09-28,0,0.0,
HK.11.1,0,0.0,,13,0.0039762017998747744,2023-10-11,7,0.0035731194944217254,2023-10-11,4,0.003212048128708981,2023-10-11,2,0.003129590346180399,2023-10-11,1,0.002957479924360284,2023-12-26,0,0.0,
HK.12,0,0.0,,158,0.07393800585882965,2023-07-05,124,0.07460217349176389,2023-07-05,90,0.07499064271451016,2023-07-05,45,0.06610825581789348,2023-07-18,14,0.04860654539192362,2023-08-07,2,0.01748044069213604,2023-08-07
HK.13,0,0.0,,53,0.022530039258534914,2023-08-07,30,0.021547345353534038,2023-08-22,13,0.020561325220812145,2023-10-18,11,0.023887421780638074,2023-10-18,6,0.025876855187556776,2023-10-30,3,0.030777909298361664,2023-11-15
HK.13.1,0,0.0,,14,0.006694692180480421,2023-08-07,6,0.0063631684384769524,2023-08-20,2,0.006173990226877383,2023-11-08,1,0.006900178489158996,2023-12-28,1,0.009798008417131398,2023-12-28,1,0.017304986170403092,2023-12-28
HK.13.2,0,0.0,,6,0.0018306690828226767,2023-11-12,5,0.0018496932217908668,2023-11-12,4,0.0018795850982482808,2023-11-12,0,0.0,,0,0.0,,0,0.0,
HK.13.2.1,0,0.0,,3,0.001655965277141265,2023-11-22,2,0.0016246718486773383,2023-11-22,1,0.0014983480703130564,2023-11-22,1,0.0018241043021298086,2023-11-22,1,0.0025901633318722735,2023-11-22,0,0.0,
HK.14,0,0.0,,2,0.00019225766881941214,2023-09-11,0,0.0,,0,0.0,,0,0.0,,0,0.0,,0,0.0,
HK.15,0,0.0,,16,0.0026776115457449365,2023-07-25,5,0.0017636548564202712,2023-07-25,3,0.0015587296615149932,2023-07-25,1,0.0010561728433220946,2023-09-19,0,0.0,,0,0.0,
HK.16,0,0.0,,8,0.0026056178654332626,2023-08-10,3,0.0022832860702339634,2023-08-23,2,0.0023067342262282475,2023-08-23,2,0.0028082418960594935,2023-08-23,1,0.0026558072622951015,2023-08-23,0,0.0,
HK.17,0,0.0,,25,0.012470559311418111,2023-07-10,14,0.01217043492366389,2023-07-19,13,0.01331613597388309,2023-07-19,5,0.011833028985278425,2023-07-26,1,0.011125078604857966,2023-08-15,1,0.019648822822513873,2023-08-15
HK.18,0,0.0,,16,0.0018702554681214447,2023-08-17,4,0.0008383746431412782,2023-08-28,0,0.0,,0,0.0,,0,0.0,,0,0.0,
HK.19,0,0.0,,406,0.15051991464193337,2023-07-17,327,0.15097352750971207,2023-07-17,190,0.1358952626781231,2023-07-24,74,0.10203601347778057,2023-07-24,18,0.06314076684187024,2023-08-01,2,0.027811271393634204,2023-10-01
HK.2,15,0.018202337180093925,2023-09-01,11,0.003027748519982028,2023-08-22,6,0.0027372672399866163,2023-09-06,3,0.002461189193437818,2023-11-21,2,0.0025337930722140567,2023-11-30,1,0.0023895891637864784,2023-11-30,0,0.0,
HK.2.1,0,0.0,,8,0.002817742226276173,2023-10-23,5,0.002621384242354099,2023-10-23,5,0.002905818708367827,2023-10-23,1,0.0015271351195779964,2023-10-23,1,0.0021684776385466906,2023-10-23,0,0.0,
HK.20,0,0.0,,19,0.003954928716041946,2023-10-05,12,0.003503469188804159,2023-10-23,4,0.0021103297965875717,2023-10-23,1,0.0011001784682037644,2024-01-25,0,0.0,,0,0.0,
HK.20.1,0,0.0,,12,0.010093126761543007,2023-11-16,10,0.01044277891569505,2023-11-16,8,0.011215465121050995,2023-11-16,4,0.011440204084347243,2023-12-11,4,0.0162446835380047,2023-12-11,2,0.016807776319940067,2023-12-26
HK.21,0,0.0,,2,0.00023659113987723558,2023-08-14,1,0.0001669311335006462,2023-08-14,0,0.0,,0,0.0,,0,0.0,,0,0.0,
HK.22,0,0.0,,1,0.0011343414445921852,2024-01-03,1,0.001200534189408268,2024-01-03,1,0.0013307986869124221,2024-01-03,1,0.0016201279650318219,2024-01-03,1,0.0023005241767516224,2024-01-03,0,0.0,
HK.23,0,0.0,,344,0.07242185129649002,2023-06-06,203,0.06284121872103725,2023-06-11,84,0.044791858186791544,2023-06-11,20,0.02133979423313065,2023-08-31,1,0.002755906725843536,2023-10-03,0,0.0,
HK.23.1,0,0.0,,1,8.547781785314418e-05,2023-08-16,0,0.0,,0,0.0,,0,0.0,,0,0.0,,0,0.0,
HK.24,0,0.0,,20,0.0032885967056638034,2023-08-15,7,0.0022157660216819727,2023-09-24,2,0.001301236090653071,2023-10-05,1,0.0009686819782864457,2023-11-06,0,0.0,,0,0.0,
HK.24.1,0,0.0,,10,0.0017605624716151265,2023-10-03,4,0.0013227653306606359,2023-10-03,1,0.0008699817891702514,2023-11-21,1,0.0010591247493437741,2023-11-21,0,0.0,,0,0.0,
HK.26,0,0.0,,22,0.010734215860694733,2023-08-28,16,0.010804374698235595,2023-08-28,12,0.011193525630151269,2023-08-28,8,0.011423175582210706,2023-08-28,3,0.008177067167406207,2023-08-28,0,0.0,
HK.26.1,0,0.0,,5,0.0008080341002409433,2023-10-10,2,0.000498506445024647,2023-12-12,1,0.0003192641486571263,2024-02-07,0,0.0,,0,0.0,,0,0.0,
HK.27,0,0.0,,104,0.028038618280712142,2023-07-20,57,0.025017616704287864,2023-08-09,29,0.021634155476293885,2023-08-15,15,0.019255426132524428,2023-08-15,5,0.01334028335258771,2023-09-27,0,0.0,
HK.27.1,0,0.0,,90,0.033605603502691025,2023-08-10,60,0.03273526924673595,2023-09-10,30,0.029475534187983432,2023-09-27,12,0.02564057540976339,2023-09-27,6,0.027111655322358114,2023-09-27,3,0.03041597759135489,2023-09-27
HK.27.1.1,0,0.0,,4,0.0014850713822341425,2023-09-21,4,0.0015717304314177263,2023-09-21,1,0.000872352283803267,2023-09-21,1,0.0010620106138127395,2023-09-21,0,0.0,,0,0.0,
HK.28,0,0.0,,47,0.013762780790128392,2023-07-26,27,0.012716413836101408,2023-07-26,15,0.011607281747127541,2023-07-26,4,0.008482178811346932,2023-08-10,1,0.008020927282611235,2023-10-26,1,0.014166351955434829,2023-10-26
HK.29,0,0.0,,98,0.03775527753829304,2023-06-22,63,0.0366586701972609,2023-06-22,36,0.03488887806700927,2023-06-22,18,0.032982771998162484,2023-08-02,6,0.027369019318864183,2023-08-14,3,0.03281597589233326,2023-08-14
HK.3,654,0.7936219010520951,2023-08-06,150,0.10861910559743132,2023-08-08,125,0.11250911529586737,2023-08-08,97,0.11853832564204991,2023-08-22,56,0.12390820064734785,2023-08-22,33,0.14122548591511952,2023-08-22,15,0.15225958183671506,2023-08-22
HK.3.1,30,0.03640467436018785,2023-09-21,401,0.15277873635957026,2023-08-06,302,0.1513991211671539,2023-08-31,212,0.1477511295807552,2023-09-13,85,0.1120178071935355,2023-09-13,23,0.068595670758828,2023-09-27,1,0.00765588323112108,2023-11-01
HK.3.10,0,0.0,,13,0.002072702422413527,2023-09-12,7,0.0016396707261799289,2023-11-01,1,0.0004857409378336289,2023-11-15,0,0.0,,0,0.0,,0,0.0,
HK.3.11,0,0.0,,6,0.0011376743878192686,2023-08-20,3,0.0008549389623158075,2023-08-20,2,0.000791117085804176,2023-10-24,0,0.0,,0,0.0,,0,0.0,
HK.3.12,0,0.0,,31,0.009214362547517526,2023-08-08,20,0.008658031191057246,2023-08-08,9,0.007409419114026447,2023-10-17,6,0.007360037553018663,2023-11-02,1,0.0023516579828329076,2023-11-21,0,0.0,
HK.3.13,0,0.0,,24,0.0076774626791851685,2023-09-07,12,0.006887863219490159,2023-09-19,9,0.006982649563627138,2023-09-19,5,0.006512013870002803,2023-10-26,2,0.004483450944505959,2023-11-09,0,0.0,
HK.3.14,0,0.0,,56,0.02341978697524465,2023-09-25,38,0.022897852052182303,2023-09-25,24,0.022315535393401302,2023-10-01,7,0.01780646159827832,2023-11-22,3,0.01905538780847875,2023-11-23,3,0.033655127497220064,2023-11-23
HK.3.2,162,0.1965852415450144,2023-08-02,99,0.04131266168695283,2023-09-26,69,0.04065707962763919,2023-09-27,43,0.039310711912687035,2023-09-27,23,0.036743746553681705,2023-10-05,7,0.02938123132053368,2023-11-15,4,0.03787259105466031,2023-11-15
HK.3.2.1,0,0.0,,24,0.004405242720500158,2023-09-27,11,0.0034809191305243906,2023-10-15,6,0.0028856760712078263,2023-10-15,1,0.0010171823079842923,2023-12-05,0,0.0,,0,0.0,
HK.3.2.2,0,0.0,,5,0.0008676780308275849,2023-12-03,3,0.0006890811603520526,2023-12-03,1,0.0003929592447478895,2023-12-03,0,0.0,,0,0.0,,0,0.0,
HK.3.3,20,0.0242697829067919,2023-08-23,27,0.010894306506903142,2023-08-22,14,0.010425338347415545,2023-08-22,9,0.010574724408710412,2023-10-17,5,0.010414072578277738,2023-10-17,3,0.01146025479229812,2023-10-17,1,0.010610231837688128,2023-11-30
HK.3.4,0,0.0,,18,0.006505000729555959,2023-08-08,10,0.006081608385415536,2023-08-08,7,0.00612485575876359,2023-10-10,3,0.005141240263400667,2023-10-10,1,0.004158470886364597,2023-12-26,0,0.0,
HK.3.5,0,0.0,,3,0.000558348810037571,2023-09-21,2,0.0004710824000846393,2023-09-21,0,0.0,,0,0.0,,0,0.0,,0,0.0,
HK.3.6,0,0.0,,2,0.0014316240550316123,2023-10-01,1,0.001422064377997693,2023-12-12,1,0.0015763661073884508,2023-12-12,1,0.0019190842603201744,2023-12-12,1,0.002725031499597225,2023-12-12,0,0.0,
HK.3.7,0,0.0,,132,0.08857025695158975,2023-08-08,111,0.09163634952354263,2023-08-08,86,0.09604147946814019,2023-09-12,46,0.09715171695829365,2023-09-12,28,0.11170727779552499,2023-09-12,13,0.11829938759814344,2023-09-12
HK.3.8,0,0.0,,7,0.0018300433941444323,2023-10-29,5,0.0017561422367734934,2023-10-29,3,0.0014328098508398968,2023-12-06,1,0.0007864402189560203,2023-12-06,0,0.0,,0,0.0,
HK.3.9,0,0.0,,10,0.0017108381411005053,2023-09-06,3,0.001126580461638085,2023-10-05,2,0.0010387705508834886,2023-10-05,0,0.0,,0,0.0,,0,0.0,
HK.30,0,0.0,,118,0.05031036033499691,2023-07-25,57,0.047244712756728986,2023-07-25,30,0.046736227867371374,2023-08-21,17,0.04959007757456854,2023-08-21,13,0.06384431010847667,2023-08-21,6,0.0763178492613285,2023-08-21
HK.31,0,0.0,,127,0.04203255324439807,2023-06-29,75,0.03927335111292858,2023-06-29,43,0.036450163115676615,2023-07-25,19,0.03269497322451285,2023-07-25,9,0.03282910298558459,2023-07-25,2,0.01947632868547806,2023-08-31
HK.32,0,0.0,,32,0.007212187991399423,2023-07-18,19,0.00635621719877765,2023-08-03,11,0.0053348366034430255,2023-08-03,3,0.002619437896082072,2023-09-26,0,0.0,,0,0.0,
HK.33,0,0.0,,25,0.007523360294286428,2023-09-12,16,0.007149955791035966,2023-09-12,7,0.0059864321154427655,2023-09-14,3,0.004748974444897838,2023-10-17,1,0.0034412734425488954,2023-10-17,0,0.0,
HK.4,1,0.0012134891453395948,2023-09-12,55,0.01639199125907474,2023-06-27,36,0.01536863225943463,2023-06-27,19,0.013302581852247801,2023-06-27,7,0.010678751510014689,2023-08-16,2,0.008113606970257276,2023-10-17,1,0.00984921127711368,2023-11-06
HK.5,1,0.0012134891453395948,2023-09-30,9,0.0015239749752399877,2023-07-11,3,0.0009777652069769631,2023-07-11,2,0.0008364051833110186,2023-07-11,0,0.0,,0,0.0,,0,0.0,
HK.6,44,0.053393522394942175,2023-07-28,80,0.03241730232201053,2023-08-08,39,0.030056307207136403,2023-08-08,23,0.0295320510669918,2023-08-08,12,0.030686291487163925,2023-08-08,6,0.035919025244767554,2023-08-08,4,0.05350577115326608,2023-08-08
HK.7,20,0.0242697829067919,2023-07-05,149,0.031836286490483416,2023-06-06,62,0.025515377727606304,2023-07-05,23,0.019904333940447886,2023-07-05,9,0.016862015545222337,2023-07-05,5,0.018896329964844367,2023-07-18,2,0.019183287379848365,2023-07-18
HK.8,7,0.008494424017377164,2023-08-07,71,0.03808550356851752,2023-06-06,53,0.03846908904796188,2023-06-06,31,0.03790394353978763,2023-06-06,18,0.038680622200149214,2023-06-06,10,0.04094136188277245,2023-06-06,3,0.03713072970710291,2023-07-24
HK.8.1,0,0.0,,1,0.0009814137247694255,2023-10-24,1,0.0010386826084484654,2023-10-24,1,0.0011513853279957807,2023-10-24,1,0.0014017083025090627,2023-10-24,0,0.0,,0,0.0,
HK.9,2,0.0024269782906791897,2023-09-12,44,0.027031936272692608,2023-06-20,30,0.027254866323605034,2023-07-27,15,0.026927358310207657,2023-07-27,7,0.02812571288839993,2023-08-03,5,0.036424758202086675,2023-08-03,4,0.05780994389442122,2023-08-03
HL.1,1,0.0012134891453395948,2023-07-19,7,0.0006380163682198404,2023-03-27,1,0.00014917268128435495,2023-06-01,0,0.0,,0,0.0,,0,0.0,,0,0.0,
HL.2,0,0.0,,2,0.0013136110883647137,2023-06-19,2,0.0013902648366467955,2023-06-19,1,0.001357891308746939,2023-06-19,1,0.0016531108006115367,2023-06-19,1,0.0023473586319963146,2023-06-19,0,0.0,
HM.1,0,0.0,,4,0.003356439244668459,2023-03-16,2,0.003388705235175843,2023-05-16,1,0.003497336431123615,2023-05-17,1,0.004257693226564505,2023-05-17,1,0.006045773183546571,2023-05-17,1,0.010677886451673198,2023-05-17
HN.1,79,0.095865642481828,2023-02-20,1271,1.4598738977281494,2023-05-14,1174,1.5354192401938338,2023-05-14,1018,1.6657834804933904,2023-05-14,777,1.8927886821413595,2023-05-14,477,2.217705009608276,2023-06-11,190,2.3756762093204573,2023-06-28
HN.2,0,0.0,,138,0.06582067940165455,2023-07-11,96,0.06539483570293791,2023-07-11,56,0.0637940031337192,2023-07-27,31,0.06579346894611172,2023-07-27,15,0.07191663774859132,2023-07-30,6,0.08124940739039718,2023-07-30
HN.2.1,0,0.0,,10,0.003943776088614906,2023-08-16,7,0.003933019078002703,2023-08-16,3,0.0035132675757532567,2023-08-23,2,0.0037614728002421417,2023-08-23,1,0.0037126690068613917,2023-09-03,0,0.0,
HN.3,0,0.0,,205,0.09717661757245971,2023-06-06,157,0.09826155914209525,2023-06-06,107,0.09799346572571829,2023-07-12,57,0.0904066723472302,2023-07-12,23,0.07750267824771465,2023-07-12,4,0.045629447227504796,2023-08-23
HN.3.1,0,0.0,,35,0.011017181429013381,2023-06-21,19,0.009992295240469656,2023-06-21,14,0.009965887565073352,2023-06-21,4,0.0070404755363602176,2023-09-12,1,0.004822834183978771,2023-09-26,1,0.008517963580228743,2023-09-26
HN.4,0,0.0,,38,0.028623166388153775,2023-07-11,21,0.028400780705025254,2023-09-10,15,0.03010563639149347,2023-09-10,12,0.034909183464679354,2023-09-10,6,0.04073338231428938,2023-09-21,4,0.06370881009614245,2023-10-04
HN.4.1,0,0.0,,3,0.00034082212926763155,2023-09-18,1,0.00019842786481118625,2023-09-27,0,0.0,,0,0.0,,0,0.0,,0,0.0,
HN.4.1.1,0,0.0,,1,6.859515404684992e-05,2023-09-26,0,0.0,,0,0.0,,0,0.0,,0,0.0,,0,0.0,
HN.4.2,0,0.0,,4,0.0004168642703726904,2023-09-21,1,0.00014606458406298654,2023-10-16,0,0.0,,0,0.0,,0,0.0,,0,0.0,
HN.5,0,0.0,,250,0.07797837609019476,2023-06-21,160,0.07307446143203128,2023-06-21,81,0.062358841440707254,2023-06-21,29,0.048706104768409725,2023-08-02,8,0.0369390917419862,2023-08-02,3,0.04043671131783728,2023-09-12
HN.6,0,0.0,,40,0.01716673832416016,2023-07-10,20,0.016139963960373687,2023-07-10,12,0.016081382741738332,2023-07-10,7,0.016945946978720577,2023-07-10,3,0.01709843632331511,2023-07-10,1,0.01902618838221221,2023-07-27
HN.7,0,0.0,,13,0.00955764238456312,2023-07-18,6,0.009437236934601639,2023-07-18,6,0.010461228535973238,2023-07-18,4,0.011684122220065252,2023-07-18,4,0.016591038628762263,2023-07-18,1,0.014024578335006846,2023-11-09
HN.8,0,0.0,,5,0.0007002684500982914,2023-07-13,2,0.00045214888505834756,2023-07-13,1,0.00033298761909426807,2023-10-02,0,0.0,,0,0.0,,0,0.0,
HP.1,3,0.003640467436018785,2023-01-17,49,0.012095780405064082,2023-01-03,18,0.009698992551978898,2023-01-03,8,0.008514892730570423,2023-02-02,3,0.0075271723544734015,2023-02-14,2,0.008643851910371775,2023-02-14,1,0.007790411786948419,2023-02-14
HP.1.1,4,0.004853956581358379,2023-08-09,17,0.00781431897750484,2023-06-11,7,0.007269628857008759,2023-06-11,4,0.0073503540756943595,2023-08-07,3,0.008545067400303821,2023-08-07,1,0.008611253235716605,2023-08-16,1,0.015208970212085534,2023-08-16
HQ.1,2,0.0024269782906791897,2023-06-06,13,0.007712712104569985,2023-02-27,9,0.007822575134709207,2023-03-05,5,0.007684383978763689,2023-03-27,3,0.008466816675723868,2023-05-02,2,0.010755121487344414,2023-05-02,1,0.014295530652863517,2023-05-04
HR.1,9,0.010921402308056355,2023-08-19,11,0.0043548771336165155,2023-08-22,7,0.004263338067898279,2023-08-22,5,0.004287827338269445,2023-08-22,1,0.003360934851492528,2023-08-22,1,0.004772408136411507,2023-08-22,1,0.00842890241405809,2023-08-22
HR.1.1,0,0.0,,15,0.012136887720628998,2023-08-08,12,0.012591911374157347,2023-08-08,10,0.013538135699054234,2023-08-08,4,0.013685430484284408,2023-08-08,2,0.016509851149835053,2023-08-08,1,0.023308378677172472,2023-08-08
HS.1,25,0.030337228633489872,2023-02-23,52,0.018056477097728386,2023-01-05,37,0.017576848502562355,2023-01-05,24,0.0163851578868093,2023-01-05,8,0.011851234692284404,2023-03-23,3,0.009711435766503827,2023-03-29,1,0.007668266731968633,2023-03-29
HS.1.1,3,0.003640467436018785,2023-08-06,11,0.010115079126657647,2023-05-30,8,0.010435091859516573,2023-05-30,7,0.01135442820908667,2023-06-26,5,0.01255641967447359,2023-06-26,3,0.013843450080716196,2023-06-26,1,0.013420513213817372,2023-08-13
HT.1,16,0.019415826325433518,2023-02-24,31,0.015926029671775532,2023-02-07,17,0.01560911643550504,2023-02-15,10,0.01589093839512499,2023-02-15,5,0.016812599149172946,2023-05-10,4,0.022136007369288935,2023-05-10,1,0.022852504111595704,2023-05-17
HT.2,19,0.023056293761452303,2023-01-23,95,0.05504917607299308,2023-02-15,70,0.05598766978948923,2023-03-06,43,0.05601578833865902,2023-03-14,29,0.06014413194151792,2023-03-14,15,0.06580829014084247,2023-03-14,8,0.07966069900383047,2023-04-12
HU.1,0,0.0,,11,0.0017139763225791475,2023-06-20,5,0.001177837949388712,2023-06-20,2,0.0007621807459217581,2023-08-10,0,0.0,,0,0.0,,0,0.0,
HU.1.1,7,0.008494424017377164,2023-07-28,5,0.008655851502268415,2023-07-05,4,0.009083049165877773,2023-07-05,3,0.009817092687143912,2023-07-05,3,0.011951429283907857,2023-07-05,1,0.013334878700062652,2023-07-12,1,0.0235517139467969,2023-07-12
HU.2,0,0.0,,1,8.078704076285621e-05,2023-05-23,0,0.0,,0,0.0,,0,0.0,,0,0.0,,0,0.0,
HV.1,3716,4.509325664081935,2023-02-17,716,0.761207824808125,2023-06-20,633,0.796948396844894,2023-06-27,537,0.8612608925210041,2023-06-28,393,0.9672240514025731,2023-08-09,215,1.094825594191136,2023-08-13,104,1.3535871150272063,2023-08-13
HV.1.1,0,0.0,,494,0.30465774968989945,2023-07-11,388,0.3115066742549093,2023-07-11,270,0.3195221476319618,2023-08-01,165,0.33151300806225753,2023-08-01,77,0.33703435408156107,2023-08-15,26,0.3204747172317483,2023-08-21
HV.1.10,0,0.0,,115,0.03972767858769569,2023-07-06,71,0.0375125982269599,2023-07-30,36,0.03377677078044133,2023-08-03,16,0.030582771920976744,2023-09-17,5,0.026990993781160894,2023-10-03,2,0.03335580213677036,2023-10-31
HV.1.11,0,0.0,,34,0.009031151628158748,2023-08-23,20,0.008201075135260971,2023-09-05,9,0.006497201391712088,2023-09-05,6,0.006075272188055281,2023-09-05,0,0.0,,0,0.0,
HV.1.2,0,0.0,,734,0.5963937728882225,2023-04-03,613,0.6188877910435063,2023-08-03,466,0.653285580866746,2023-08-03,309,0.7092096414577679,2023-08-03,176,0.8039129038012466,2023-08-03,69,0.8650455096674788,2023-08-20
HV.1.3,0,0.0,,58,0.024273568755320878,2023-08-09,44,0.0241861975776258,2023-08-09,24,0.0219709575236557,2023-08-09,15,0.02185900989287725,2023-10-02,4,0.014596756778148975,2023-10-30,2,0.016336638308896548,2023-10-31
HV.1.4,0,0.0,,208,0.09594686314225155,2023-01-03,142,0.09487283525735452,2023-05-22,86,0.09334244069854399,2023-08-01,49,0.09415107056763355,2023-08-23,22,0.09347762209150655,2023-08-23,9,0.09572033158239772,2023-08-29
HV.1.5,0,0.0,,67,0.019987727838241393,2023-08-03,38,0.01823589930622625,2023-08-15,13,0.014829137106656683,2023-10-03,8,0.015310613750407239,2023-10-03,5,0.01758206270946282,2023-10-03,1,0.009366570097638954,2023-10-19
HV.1.6,0,0.0,,148,0.06707082346580528,2023-06-22,97,0.0659717639188566,2023-07-17,62,0.06539306089249583,2023-09-19,29,0.06251832112544099,2023-09-26,14,0.06745879831149706,2023-10-05,6,0.07765234351026748,2023-10-22
HV.1.6.1,0,0.0,,54,0.012387257459262613,2023-09-13,32,0.010863504896479787,2023-09-13,17,0.008841547061980863,2023-09-26,5,0.004559005729284438,2023-11-08,0,0.0,,0,0.0,
HV.1.7,0,0.0,,13,0.0015880011114120722,2023-08-17,2,0.000712558508651216,2023-10-03,1,0.0006344378126244105,2023-10-03,1,0.0007723710974581606,2023-10-03,0,0.0,,0,0.0,
HV.1.8,0,0.0,,35,0.010067433115984481,2023-08-06,22,0.00942551435096011,2023-08-06,8,0.0074455682051272395,2023-08-06,2,0.005675331357126841,2023-09-26,1,0.005959542186279132,2023-09-26,1,0.010525587519926617,2023-09-26
HV.1.9,0,0.0,,19,0.0062040431504108064,2023-08-30,9,0.005608662360954249,2023-09-19,4,0.005141116262935356,2023-09-19,2,0.005029937539379918,2023-10-02,1,0.005892559856023982,2023-10-02,1,0.01040728508035124,2023-10-02
HV.2,0,0.0,,6,0.0024826800101049895,2023-10-03,3,0.0023705546057754593,2023-10-03,3,0.002627772690234764,2023-10-03,1,0.0022830413388674115,2023-10-03,1,0.0032418376263783043,2023-10-03,0,0.0,
HW.1,0,0.0,,2,0.00025711472220602444,2023-08-01,1,0.00015155653036566933,2023-08-01,0,0.0,,0,0.0,,0,0.0,,0,0.0,
HW.1.1,4,0.004853956581358379,2023-08-05,19,0.01032826871502265,2023-06-20,16,0.01058404067591117,2023-06-20,12,0.010792314303516263,2023-07-05,6,0.00977626984909216,2023-07-05,1,0.00597112803730705,2023-09-27,1,0.010546050146949872,2023-09-27
HW.1.2,0,0.0,,1,0.00014807788730457713,2023-12-12,1,0.00015671874394786094,2023-12-12,0,0.0,,0,0.0,,0,0.0,,0,0.0,
HY.1,22,0.026696761197471088,2023-05-31,44,0.02257419890141997,2023-02-08,30,0.022578188414061083,2023-02-23,17,0.02202919695743428,2023-05-31,10,0.023204084630856277,2023-06-07,3,0.021965605774255006,2023-06-15,2,0.03420968044536496,2023-09-12
HZ.1,24,0.02912373948815028,2023-04-20,52,0.04221321834947365,2023-06-01,42,0.04357734298871787,2023-06-01,32,0.045893644911269814,2023-06-01,20,0.049360001388760906,2023-06-07,9,0.053798835028592215,2023-06-07,5,0.07541033925109626,2023-08-15
HZ.2,15,0.018202337180093925,2023-03-08,13,0.0055841360475394905,2023-02-22,9,0.0055362922336428646,2023-03-02,6,0.005471038272351276,2023-03-02,4,0.005681369996122374,2023-06-01,2,0.0050344761475059115,2023-06-07,0,0.0,
HZ.3,6,0.00728093487203757,2023-03-28,8,0.009109700564951837,2023-02-22,7,0.009569740971325949,2023-03-28,6,0.010450038147453867,2023-03-28,4,0.011671139472648001,2023-03-28,2,0.013717819048312613,2023-04-10,1,0.018252802829126724,2023-05-02
JA.1,3,0.003640467436018785,2023-09-05,69,0.02225361304777943,2023-05-15,41,0.02066187516050176,2023-05-15,26,0.019447472219334967,2023-05-15,13,0.017057123769637222,2023-05-15,3,0.010297285026092557,2023-06-22,0,0.0,
JB.1,0,0.0,,2,0.0003855777828502245,2023-02-23,1,0.00029520417288634383,2023-02-23,1,0.00032723543328811794,2023-02-23,0,0.0,,0,0.0,,0,0.0,
JB.2,0,0.0,,4,0.004951074444698218,2023-02-23,2,0.0050530239554627265,2023-02-23,2,0.005601304572742973,2023-02-23,1,0.006420705841066432,2023-06-11,1,0.009117174283757001,2023-06-11,1,0.0161025147332708,2023-06-11
JC.1,3,0.003640467436018785,2023-09-05,5,0.002029468162815534,2023-06-28,5,0.002147894646176467,2023-06-28,2,0.0016868834929837041,2023-10-14,2,0.0020536292585877137,2023-10-14,0,0.0,,0,0.0,
JC.2,0,0.0,,2,0.0001478664316919827,2023-09-19,0,0.0,,0,0.0,,0,0.0,,0,0.0,,0,0.0,
JC.4,0,0.0,,6,0.005834222056728009,2023-09-13,6,0.006174669083187663,2023-09-13,5,0.006677067383681503,2023-10-25,3,0.00726514804715551,2023-10-25,2,0.008310613997814265,2023-10-25,1,0.008430014337967256,2023-12-27
JC.5,0,0.0,,14,0.006893970215385263,2023-08-08,10,0.006829684429499649,2023-08-08,5,0.0063939864445850215,2023-09-07,5,0.0077841046499231336,2023-09-07,2,0.00628660763311727,2023-11-15,0,0.0,
JC.5.1,0,0.0,,6,0.004943942852430599,2023-11-08,4,0.0050705171772130134,2023-11-08,3,0.005438542965197959,2023-11-08,2,0.0061500011380290305,2023-11-21,2,0.008732783218644017,2023-11-21,1,0.010677886451673198,2024-02-22
JC.6,0,0.0,,14,0.009191727522600949,2023-08-14,9,0.009220458949611536,2023-08-15,7,0.009823380509454133,2023-08-15,5,0.011066040558212694,2023-08-15,2,0.010268530791429548,2023-09-05,2,0.01813601047998198,2023-09-05
JD.1,10,0.01213489145339595,2023-08-19,265,0.07629934698106289,2023-07-13,174,0.07151402513504077,2023-07-13,89,0.06017682728332104,2023-07-13,39,0.04761544801610702,2023-07-13,8,0.023391148306440547,2023-09-12,0,0.0,
JD.1.1,541,0.6564976276287209,2023-07-18,186,0.12152294991320803,2023-06-21,131,0.12323552660988263,2023-08-30,89,0.1270563962856574,2023-08-30,53,0.13518087150476973,2023-09-19,30,0.15741772478906627,2023-09-20,15,0.19435031888440307,2023-09-28
JD.1.1.1,112,0.13591078427803463,2023-08-26,153,0.06392747649487311,2023-09-05,98,0.06213274643020778,2023-09-05,52,0.05842155120030626,2023-10-01,22,0.05536269712730696,2023-10-01,12,0.06326015474018344,2023-10-24,6,0.07226901254773763,2023-10-26
JD.1.1.2,8,0.009707913162716759,2023-11-26,25,0.010990098019264188,2023-09-06,12,0.010320678952397189,2023-09-06,7,0.010366355746576038,2023-09-06,4,0.01111257298210122,2023-09-06,3,0.014189538485701106,2023-09-06,2,0.0183613399856125,2023-09-06
JD.1.1.3,8,0.009707913162716759,2023-09-20,21,0.004267898391636007,2023-09-06,11,0.0035693393818642086,2023-10-02,6,0.0030927946298645427,2023-11-12,1,0.0011826926575499897,2023-11-21,0,0.0,,0,0.0,
JD.1.1.4,0,0.0,,1,7.614455663672281e-05,2023-10-10,0,0.0,,0,0.0,,0,0.0,,0,0.0,,0,0.0,
JD.1.1.5,0,0.0,,36,0.009796865325373046,2023-09-19,22,0.008939382453125333,2023-10-03,8,0.006821134639941939,2023-10-03,4,0.006092665148732012,2023-10-03,1,0.004749767253241185,2023-10-03,1,0.008388914678442036,2023-10-03
JD.1.1.6,0,0.0,,24,0.0038499027807395417,2023-10-12,10,0.0026509475185863937,2023-10-12,4,0.0016358707997692235,2023-11-30,1,0.0007855333302987621,2023-12-21,0,0.0,,0,0.0,
JD.1.1.7,0,0.0,,35,0.012873896119697125,2023-09-19,18,0.01180282023944596,2023-10-05,10,0.01131218629161134,2023-10-05,7,0.012200306780696168,2023-10-05,4,0.013293433043982226,2023-11-15,1,0.007872773409872929,2023-12-13
JD.1.1.8,0,0.0,,19,0.004025410011756023,2023-08-30,6,0.002971796105189223,2023-10-18,3,0.0026028366814808516,2023-11-08,3,0.0031687200607790067,2023-11-08,0,0.0,,0,0.0,
JD.1.2,16,0.019415826325433518,2023-06-15,17,0.0035895496476244697,2023-08-07,9,0.0030401833585083316,2023-10-18,3,0.002056603558895476,2023-11-01,2,0.002005625470535489,2023-11-01,0,0.0,,0,0.0,
JD.1.2.1,0,0.0,,12,0.003214942184605464,2023-08-23,6,0.0028162742286178244,2023-08-29,4,0.0027205633209580493,2023-08-29,2,0.002062472203573073,2023-08-29,0,0.0,,0,0.0,
JD.1.2.2,0,0.0,,3,0.0004069592443090566,2023-10-12,1,0.00024176286315445865,2023-10-12,0,0.0,,0,0.0,,0,0.0,,0,0.0,
JD.2,5,0.006067445726697975,2023-03-12,10,0.004496208049983901,2023-04-18,6,0.004282035729028817,2023-04-18,2,0.00392051157457619,2023-04-18,2,0.004772870984670444,2023-04-18,2,0.006777307305188706,2023-04-18,0,0.0,
JD.2.1,0,0.0,,2,0.00017128818807947885,2023-10-11,0,0.0,,0,0.0,,0,0.0,,0,0.0,,0,0.0,
JE.1,4,0.004853956581358379,2023-11-09,32,0.013508181475524446,2023-06-13,23,0.013363411411958381,2023-06-13,15,0.012937843236911346,2023-06-20,8,0.012534243053533707,2023-06-20,4,0.011767071735589926,2023-08-13,0,0.0,
JE.1.1,24,0.02912373948815028,2023-10-03,2,0.00030419989853826745,2023-11-08,1,0.00023955295982682037,2023-12-26,0,0.0,,0,0.0,,0,0.0,,0,0.0,
JE.1.1.1,0,0.0,,8,0.0018470959776394188,2023-09-24,5,0.0016621402267527345,2023-11-21,3,0.0014847996221346459,2023-12-13,1,0.0008419172047749155,2023-12-13,0,0.0,,0,0.0,
JF.1,282,0.3422039389857658,2023-02-20,866,0.677484592029547,2023-05-09,724,0.7019563229302285,2023-05-09,548,0.7382359575440196,2023-05-09,335,0.7817747544329913,2023-05-09,187,0.8859304556980628,2023-05-11,78,0.9809476256222709,2023-05-11
JF.1.1,0,0.0,,119,0.03536451553410183,2023-04-27,77,0.033167059116943835,2023-06-29,45,0.0297714346526275,2023-06-29,19,0.022471473386594252,2023-07-25,2,0.006047801338923878,2023-09-19,0,0.0,
JF.1.1.1,0,0.0,,5,0.0017124340612643567,2023-09-26,2,0.0015309785380332164,2023-09-26,1,0.0014572258445257938,2024-03-25,1,0.0017740416828640282,2024-03-25,1,0.0025190761903265274,2024-03-25,0,0.0,
JF.1.1.2,0,0.0,,120,0.07432166027004576,2023-05-25,87,0.0755468817139832,2023-08-07,63,0.07823365361754832,2023-08-14,33,0.07920771285110088,2023-08-29,17,0.08805515737514245,2023-08-29,8,0.10919321745639689,2023-09-14
JF.2,8,0.009707913162716759,2023-08-04,20,0.005006006995846353,2023-05-16,11,0.004397198404745467,2023-08-03,6,0.0038552175469045093,2023-08-03,4,0.0036030722306723767,2023-08-09,0,0.0,,0,0.0,
JF.3,0,0.0,,15,0.0022008357129952288,2023-08-09,5,0.0013323157307711761,2023-08-09,1,0.0005453932955303825,2023-09-13,0,0.0,,0,0.0,,0,0.0,
JF.4,0,0.0,,190,0.08149796486669555,2023-05-16,110,0.07849593965268745,2023-05-16,61,0.0761141153341376,2023-05-16,35,0.07780858764376469,2023-05-16,16,0.08346463404099917,2023-05-25,9,0.11578336694227666,2023-06-12
JG.1,6,0.00728093487203757,2023-09-12,66,0.013348937181730355,2023-07-05,31,0.010677829548047538,2023-07-05,15,0.00832489907404517,2023-08-15,4,0.004355571254611086,2023-08-15,1,0.0026870109755510524,2023-10-31,0,0.0,
JG.2,15,0.018202337180093925,2023-08-02,161,0.06245603505650981,2023-06-11,117,0.0617137803794145,2023-06-11,70,0.05817719743329044,2023-07-02,33,0.051130886607097574,2023-07-02,14,0.044327194913475636,2023-07-02,2,0.017696353962920745,2023-09-06
JG.3,424,0.5145193976239882,2023-08-23,360,0.13930734723320035,2023-01-03,249,0.1354753268373549,2023-01-03,148,0.12828168033244286,2023-08-22,64,0.11089643080614152,2023-09-05,28,0.10672836391578205,2023-09-05,8,0.08530184255172227,2023-10-31
JG.3.1,0,0.0,,39,0.014685245035810809,2023-09-14,26,0.014302652086553874,2023-09-19,14,0.013309175341762104,2023-10-26,7,0.012770663486095143,2023-10-30,4,0.013505196326024585,2023-10-30,1,0.012013120559500092,2023-11-08
JG.3.2,0,0.0,,47,0.05198821186425115,2023-09-24,37,0.0539756898068542,2023-10-25,29,0.058146465871758625,2023-10-25,21,0.0668969812827273,2023-11-02,13,0.08249846319340257,2023-11-02,7,0.11368324925184349,2023-11-02
JG.3.3,0,0.0,,228,0.08195477185687207,2023-01-03,159,0.07941196589578198,2023-01-03,92,0.07331270704020759,2023-08-22,39,0.060589981018507884,2023-09-05,15,0.052228251979424135,2023-09-05,4,0.03493358443534701,2023-10-31
JG.3.4,0,0.0,,83,0.023348934108562203,2023-08-24,53,0.02154402713320757,2023-08-24,31,0.019054696545890416,2023-08-24,14,0.01415515698873515,2023-11-12,0,0.0,,0,0.0,
JG.4,0,0.0,,75,0.01604494642569889,2023-06-26,41,0.013726084312037711,2023-08-16,15,0.009424141058817583,2023-08-24,4,0.006018505783496572,2023-08-24,1,0.004478346027980288,2023-09-20,1,0.007909537610212404,2023-09-20
JH.1,3,0.003640467436018785,2023-06-29,3,0.0008650179430695242,2023-07-19,2,0.0008128211635813908,2023-07-19,2,0.0009010166863485182,2023-07-19,0,0.0,,0,0.0,,0,0.0,
JJ.1,20,0.0242697829067919,2023-09-20,145,0.04101027406635747,2023-07-11,74,0.036240047200305874,2023-09-05,37,0.032094439031963434,2023-09-05,15,0.027070342667558752,2023-09-05,8,0.028233698428523444,2023-09-05,1,0.0084243410582523,2023-11-06
JK.1,4,0.004853956581358379,2023-03-30,8,0.007265953959421684,2023-01-22,7,0.007612046366511694,2023-01-24,3,0.007574134877731998,2023-01-24,1,0.007841649076957441,2023-05-11,1,0.011134863218528733,2023-05-11,1,0.019666104151233627,2023-05-11
JM.1,0,0.0,,5,0.002792390606196289,2023-08-17,3,0.0027598453427248567,2023-08-17,2,0.0028742595215992413,2023-08-17,1,0.0030640536612673974,2023-08-17,1,0.004350847389065049,2023-08-17,1,0.007684352849264896,2023-08-17
JM.2,4,0.004853956581358379,2023-07-26,23,0.008446033213270747,2023-07-17,12,0.007984319936393374,2023-07-18,7,0.007862644382436872,2023-08-10,2,0.0071707785475584275,2023-10-03,2,0.010182250890574576,2023-10-03,1,0.012247037458701412,2023-10-03
JN.1,5553,6.738505224070771,2023-10-04,717,0.5795815491729458,2023-11-07,618,0.6032755736621167,2023-11-07,452,0.6312521746706203,2023-11-27,292,0.6812128294748788,2023-11-27,168,0.7779659199287194,2023-11-27,70,0.843629969786226,2023-11-27
JN.1.1,809,0.9817127185797323,2023-10-03,218,0.06639950913192365,2023-11-30,147,0.06319133191038964,2023-12-03,81,0.05562526526075045,2023-12-03,33,0.04151128823104816,2023-12-03,6,0.02053683977015852,2023-12-27,1,0.011177545097429136,2024-01-25
JN.1.1.1,9,0.010921402308056355,2023-12-05,19,0.0050835896096379,2023-10-29,12,0.004774506165256413,2023-10-29,6,0.004076288612675312,2024-01-18,4,0.004038586750816599,2024-01-18,0,0.0,,0,0.0,
JN.1.1.10,1,0.0012134891453395948,2023-12-27,14,0.002154111177125067,2023-12-25,4,0.0012492864656835397,2024-01-01,1,0.0007367815343871911,2024-01-01,1,0.0008969653935781932,2024-01-01,0,0.0,,0,0.0,
JN.1.1.2,0,0.0,,59,0.010693378363021446,2023-11-21,27,0.0080975010607855,2023-11-21,10,0.005488599175757823,2023-11-21,3,0.0034878302888784107,2024-01-08,0,0.0,,0,0.0,
JN.1.1.3,12,0.01456186974407514,2024-04-12,117,0.0651892410121201,2023-11-22,83,0.06545256571148172,2023-11-22,54,0.06601128349905379,2023-11-22,33,0.06927880507829802,2023-11-27,18,0.07391609034748271,2023-11-27,5,0.057480371403663064,2023-12-12
JN.1.1.4,4,0.004853956581358379,2023-11-09,32,0.01574419857978352,2023-11-15,16,0.015065140037624747,2023-11-15,9,0.015119246370763735,2023-11-15,6,0.0165734610783327,2023-11-15,3,0.01902956107154173,2023-11-15,2,0.027881918425975767,2023-11-15
JN.1.1.5,15,0.018202337180093925,2023-12-01,36,0.022367464406351466,2023-12-05,28,0.02282610794729517,2023-12-05,20,0.02358420871716723,2023-12-05,10,0.023580061745074533,2023-12-27,5,0.025629982891482928,2023-12-27,2,0.02462801168103438,2024-02-01
JN.1.1.6,5,0.006067445726697975,2023-12-27,190,0.0835916938734637,2023-10-12,142,0.08329272468631022,2023-10-12,82,0.07970742924665915,2023-10-25,40,0.0741264838275746,2023-10-25,16,0.06937170996648247,2023-11-01,8,0.08654575747632352,2023-11-01
JN.1.1.7,11,0.013348380598735544,2023-11-15,13,0.0031865387009238845,2023-10-29,8,0.0029545293424411015,2023-10-29,4,0.0024757027510340446,2023-10-29,2,0.0020507856872047986,2024-01-25,0,0.0,,0,0.0,
JN.1.1.8,5,0.006067445726697975,2024-03-27,139,0.04356536371222258,2023-10-31,88,0.04110829533334186,2023-10-31,45,0.03609136663037381,2023-11-07,20,0.030017236343541316,2023-11-07,6,0.02283395533998925,2023-12-05,0,0.0,
JN.1.1.9,0,0.0,,6,0.0005164538355648357,2024-02-11,0,0.0,,0,0.0,,0,0.0,,0,0.0,,0,0.0,
JN.1.10,44,0.053393522394942175,2023-12-04,372,0.1583601662787343,2023-11-07,296,0.1599248842454937,2023-11-07,186,0.1524187061800421,2023-12-25,94,0.13641461078179792,2023-12-25,28,0.09416189962858527,2024-01-16,5,0.044312277493404106,2024-01-25
JN.1.11,556,0.6746999648088148,2024-01-03,553,0.3396818984000047,2024-01-28,487,0.35255473913578994,2024-01-28,380,0.3670617959815463,2024-01-28,213,0.35201143414380875,2024-02-26,88,0.3029805680923711,2024-03-07,20,0.20024649663160213,2024-04-03
JN.1.11.1,77,0.09343866419114881,2024-01-27,525,0.2976689014212515,2024-02-07,453,0.3075836169191118,2024-02-07,339,0.31478920900123936,2024-02-07,188,0.30015254671190567,2024-03-05,75,0.2494205623319103,2024-03-05,11,0.10916106705215,2024-03-17
JN.1.11.2,341,0.4137997985608019,2024-03-25,756,0.2355939065963262,2024-01-24,467,0.21939496765469932,2024-01-24,254,0.19565714373973966,2024-02-27,106,0.1596552885828592,2024-04-16,36,0.12052620925151909,2024-04-16,8,0.07786747895634574,2024-05-01
JN.1.12,2,0.0024269782906791897,2024-01-07,137,0.032921111350426,2023-12-13,60,0.0273479493868328,2023-12-26,27,0.023096178112031435,2024-01-04,15,0.02208312133432069,2024-01-04,5,0.017996331851298376,2024-02-29,2,0.018496794195552016,2024-04-08
JN.1.13,31,0.03761816350552744,2023-12-10,485,0.2958145495085547,2023-11-29,407,0.3052051108680256,2023-12-06,288,0.3116798526181273,2023-12-06,161,0.30999690142799924,2023-12-20,86,0.3277842809399309,2023-12-20,24,0.2656420321797785,2023-12-27
JN.1.13.1,568,0.6892618345528899,2023-12-20,269,0.23565595086609414,2023-11-15,201,0.24236171190067557,2023-12-25,153,0.2580254725992801,2023-12-26,112,0.29101711532726965,2023-12-26,64,0.34403727069853723,2023-12-26,32,0.43572140909252294,2024-02-14
JN.1.14,51,0.061887946412319345,2023-12-20,610,0.29131599663311236,2023-11-12,467,0.2932674241967847,2023-11-28,300,0.2875605425670793,2023-11-30,157,0.2745370801490996,2023-12-12,64,0.24991304711927712,2023-12-12,20,0.21621642452337517,2023-12-28
JN.1.15,24,0.02912373948815028,2023-12-16,253,0.07261173949652772,2023-11-01,140,0.06559118680548807,2023-11-01,80,0.05947295902664999,2023-12-13,33,0.047420661957146296,2023-12-21,8,0.03067402009340233,2024-01-16,2,0.02388073095017321,2024-03-31
JN.1.15.1,0,0.0,,51,0.014605784097320171,2023-11-30,35,0.013934406331909167,2024-04-14,15,0.010853968536586192,2024-04-14,4,0.007297726874955726,2024-04-14,3,0.009102976793064304,2024-04-14,0,0.0,
JN.1.16,212,0.2572596988119941,2023-12-20,849,0.5681949104704954,2023-11-29,735,0.5894018377301111,2023-11-29,581,0.6182887041181205,2023-11-30,378,0.6413255272466183,2023-11-30,173,0.5925204415410602,2023-12-19,28,0.30237289568318004,2024-01-03
JN.1.16.1,360,0.4368560923222542,2024-02-08,226,0.11514371327043403,2023-12-13,170,0.11611025218585923,2023-12-13,113,0.1159095406672148,2023-12-13,62,0.11388259914752322,2023-12-19,31,0.11377068123964679,2023-12-27,7,0.08391487740604613,2024-04-11
JN.1.16.2,0,0.0,,111,0.04337543165766875,2023-12-05,70,0.04200257884800487,2023-12-05,38,0.03936460508990476,2023-12-28,18,0.037604911937995276,2024-03-19,6,0.03644429343874787,2024-03-31,3,0.04623040769388685,2024-03-31
JN.1.16.3,37,0.04489909837756501,2024-04-19,397,0.15284197457185253,2023-10-29,277,0.14991708679960303,2023-11-22,175,0.14280693706306127,2023-11-30,80,0.1219384622322496,2023-12-25,28,0.09476603815815735,2023-12-25,6,0.05677774179736095,2023-12-25
JN.1.16.4,1,0.0012134891453395948,2024-07-28,7,0.0013733125200389904,2024-07-18,6,0.0013699841359466277,2024-07-18,2,0.0007774913076313437,2024-08-13,0,0.0,,0,0.0,,0,0.0,
JN.1.16.5,48,0.05824747897630056,2024-09-08,820,0.4568263602923272,2024-01-08,702,0.4715120213469848,2024-01-25,524,0.4817226514576035,2024-01-25,303,0.4635149583571237,2024-03-14,105,0.3592585590709589,2024-04-23,17,0.17604047502313788,2024-10-08
JN.1.17,69,0.08373075102843205,2023-11-26,54,0.024121479835926274,2023-11-27,35,0.023663138489653013,2023-11-29,22,0.02335512401013532,2023-11-29,13,0.023763696148551665,2023-11-29,7,0.024101828138063355,2023-11-29,2,0.016214543084053536,2023-11-29
JN.1.18,143,0.17352894778356207,2023-11-03,247,0.10583047614532669,2023-11-07,191,0.10610927178693404,2023-11-07,114,0.10073886440985966,2023-12-07,48,0.08664554413629319,2023-12-07,19,0.08170580496136963,2024-01-08,6,0.08009521850836297,2024-02-15
JN.1.18.1,1,0.0012134891453395948,2024-07-31,15,0.003663738836054127,2023-12-18,10,0.003356888236149546,2024-01-03,5,0.002747741899550184,2024-04-02,2,0.0020625481797433157,2024-07-02,0,0.0,,0,0.0,
JN.1.18.2,9,0.010921402308056355,2024-03-03,45,0.012555752538634753,2023-12-28,21,0.010910630594163648,2023-12-28,12,0.010346621831466955,2024-01-04,6,0.009535076637039152,2024-03-03,2,0.00777516875230831,2024-03-05,1,0.00844036643023897,2024-03-05
JN.1.18.3,16,0.019415826325433518,2024-03-27,156,0.05758543954478806,2023-12-13,110,0.056186024388152664,2023-12-13,67,0.052776442177889134,2023-12-13,28,0.04351490444884233,2024-03-11,12,0.038489965570575935,2024-03-17,2,0.020827416132676576,2024-04-23
JN.1.18.4,0,0.0,,100,0.030997517528937448,2023-12-12,43,0.02703122046106844,2024-01-29,19,0.024790715875528297,2024-01-29,11,0.026204351424511378,2024-01-29,5,0.028857001521685268,2024-04-14,2,0.03697471534544387,2024-05-15
JN.1.18.5,164,0.19901221983569356,2024-03-26,609,0.5972737993438653,2023-01-03,552,0.6262859137900111,2023-01-03,458,0.6732489514005231,2023-01-03,347,0.7574227724328636,2023-01-03,215,0.8677285804561734,2023-01-03,72,0.7617611733211495,2023-12-04
JN.1.18.6,0,0.0,,484,0.2557079649865573,2023-11-30,396,0.2615444801845353,2023-11-30,277,0.26347843345049327,2023-12-26,159,0.25480837337904966,2024-01-03,64,0.22425665387221924,2024-02-14,15,0.1510662900599221,2024-03-05
JN.1.18.7,0,0.0,,58,0.009743058351390823,2024-01-04,27,0.007384084672149609,2024-01-04,6,0.003868216602388885,2024-04-16,2,0.002798309454685159,2024-04-21,1,0.002579260787564612,2024-04-30,0,0.0,
JN.1.18.8,0,0.0,,27,0.002457446903211488,2023-11-12,2,0.0004386230427370284,2024-01-25,0,0.0,,0,0.0,,0,0.0,,0,0.0,
JN.1.18.9,0,0.0,,64,0.018491929257134117,2023-12-20,40,0.01716344682288575,2023-12-20,21,0.01483264423562981,2024-03-06,10,0.012135813230623677,2024-03-18,2,0.005597627559305878,2024-05-14,0,0.0,
JN.1.19,70,0.08494424017377164,2023-11-20,118,0.03564682348341478,2023-11-30,54,0.03151920712111599,2023-12-14,27,0.029392462266609302,2023-12-26,12,0.02763463339011013,2023-12-27,6,0.029665063980738343,2023-12-27,3,0.03541892901838494,2023-12-27
JN.1.2,231,0.2803159925734464,2023-11-08,491,0.2473693896468703,2023-10-31,367,0.24882959554264325,2023-10-31,247,0.2490505345611028,2023-10-31,135,0.24227839047874306,2023-10-31,51,0.21628492413606432,2023-10-31,16,0.21073175685912351,2023-10-31
JN.1.2.1,0,0.0,,26,0.007255839928828682,2023-11-02,13,0.006388712032365228,2023-12-05,8,0.006019096227367826,2023-12-05,5,0.0056244514499923706,2023-12-05,1,0.002374457265260637,2023-12-28,0,0.0,
JN.1.20,27,0.032764206924169065,2024-01-02,170,0.07043154170558164,2023-12-13,117,0.06924411087293995,2023-12-18,80,0.06854386669664789,2023-12-19,46,0.06617886644313228,2023-12-19,14,0.04718934468322623,2023-12-19,2,0.02084915939421493,2024-05-21
JN.1.21,17,0.020629315470773114,2024-01-02,106,0.0357326022545411,2023-11-27,65,0.03375742139969348,2023-11-29,33,0.03028032003033925,2024-01-02,17,0.028499191682848254,2024-01-23,5,0.02156393387412572,2024-01-23,1,0.02143231982388205,2024-04-11
JN.1.22,194,0.2354168941958814,2023-11-21,300,0.22125597243578976,2023-11-29,237,0.22802075087351467,2023-11-29,167,0.23753282581746332,2023-11-29,100,0.2526933427910568,2023-11-29,56,0.2917044326201098,2023-11-29,29,0.3786164138040548,2023-12-28
JN.1.23,4,0.004853956581358379,2024-03-01,60,0.008078019296627919,2023-12-06,12,0.004227924998073192,2023-12-20,3,0.0026888800176054525,2023-12-20,2,0.0028333997537966183,2024-02-14,1,0.0024427341970801567,2024-04-15,0,0.0,
JN.1.23.1,2,0.0024269782906791897,2024-03-20,5,0.0025008882462195584,2024-03-25,4,0.002523712054053035,2024-04-04,4,0.002797548555726039,2024-04-04,3,0.003014497423649363,2024-04-04,0,0.0,,0,0.0,
JN.1.24,3,0.003640467436018785,2023-12-29,49,0.01673761797518906,2023-11-28,26,0.015445433901962704,2023-11-28,14,0.01451978930571636,2023-12-26,8,0.013866851171129947,2024-02-14,3,0.012434612154187312,2024-02-14,1,0.01036637691092305,2024-04-21
JN.1.24.1,0,0.0,,22,0.006541798643331878,2024-01-04,14,0.00600438579556579,2024-01-04,9,0.005555638296590045,2024-01-04,3,0.003346743108429743,2024-05-21,0,0.0,,0,0.0,
JN.1.25,2,0.0024269782906791897,2024-01-30,11,0.0013902710349343894,2023-12-26,4,0.0008423963587085368,2023-12-26,0,0.0,,0,0.0,,0,0.0,,0,0.0,
JN.1.25.1,0,0.0,,4,0.00034888963785565633,2024-01-03,0,0.0,,0,0.0,,0,0.0,,0,0.0,,0,0.0,
JN.1.26,12,0.01456186974407514,2023-12-27,539,0.2768382586473056,2023-10-26,444,0.2833926318719801,2023-11-07,304,0.2830374090711413,2023-11-07,169,0.27201629120738435,2023-11-08,67,0.23263906693495923,2023-11-08,11,0.12373162707720377,2024-01-04
JN.1.27,33,0.040045141796206635,2023-11-27,203,0.07541908018677272,2023-11-12,122,0.07173426850365316,2023-11-22,77,0.069807608387453,2023-11-30,33,0.06169879588626782,2023-11-30,13,0.058940880125239584,2024-01-10,5,0.059785082856096725,2024-01-10
JN.1.28,3,0.003640467436018785,2024-02-17,152,0.041922292921492556,2023-11-08,89,0.037989214429701504,2023-11-08,40,0.03150186340379653,2023-11-08,19,0.02746471774728602,2023-11-08,8,0.023674918762356674,2024-01-31,2,0.016594943263467124,2024-04-09
JN.1.28.1,4,0.004853956581358379,2024-01-02,15,0.00472816458894863,2023-11-30,10,0.004420203063697075,2023-11-30,6,0.003918375168328297,2024-04-11,3,0.0033229145971333572,2024-04-23,0,0.0,,0,0.0,
JN.1.29,25,0.030337228633489872,2023-11-09,64,0.023504266208541326,2023-10-30,37,0.02223133651478447,2023-10-30,16,0.019913761205094447,2023-10-30,9,0.020536234113556824,2023-12-26,6,0.02458033697873697,2023-12-27,2,0.02403459075163266,2024-01-09
JN.1.29.1,1,0.0012134891453395948,2024-07-20,42,0.009673241431722709,2023-12-03,13,0.007504430174125425,2023-12-20,6,0.006645820237041162,2023-12-25,2,0.006054745943625418,2024-02-27,2,0.008597524225270377,2024-02-27,1,0.009885030603145365,2024-04-09
JN.1.3,62,0.07523632701105488,2023-03-04,270,0.06955250615001816,2023-01-03,142,0.06141703705653603,2023-01-03,64,0.05133191811525107,2023-11-21,31,0.045098738701426055,2023-12-12,9,0.031917578403938385,2023-12-21,2,0.017974314059012463,2024-02-20
JN.1.30,20,0.0242697829067919,2023-11-18,104,0.03426759358474327,2023-11-21,65,0.032347836385049206,2023-11-21,39,0.030313400325299614,2023-12-20,18,0.026169970646322274,2023-12-20,6,0.019037231948557012,2023-12-27,0,0.0,
JN.1.30.1,1,0.0012134891453395948,2024-05-07,5,0.002257053492946603,2024-01-25,2,0.002149776709784561,2024-01-25,1,0.002158851375921457,2024-01-25,1,0.0026282077979747445,2024-01-25,1,0.0037319617408426656,2024-01-25,0,0.0,
JN.1.31,163,0.19779873069035397,2023-11-09,152,0.04493143520244008,2023-11-22,97,0.04193301134365095,2023-11-22,53,0.03658702694694916,2023-11-26,18,0.02602627879838841,2023-12-27,7,0.021128529380993067,2024-02-01,1,0.008253436502579594,2024-02-01
JN.1.32,106,0.12862984940599706,2023-12-13,377,0.23067740421685023,2023-10-29,283,0.2347956822137374,2023-10-29,186,0.23811288953025145,2023-10-29,113,0.25090128926815175,2023-10-29,60,0.2762999059983299,2024-01-02,21,0.28823946175338483,2024-03-26
JN.1.32.1,0,0.0,,210,0.08238218327086883,2023-11-28,155,0.08163980232250166,2024-01-18,92,0.07647825194129639,2024-01-24,48,0.06976335478902475,2024-01-31,10,0.04225742688239774,2024-01-31,5,0.048963159309354146,2024-03-13
JN.1.33,2,0.0024269782906791897,2024-01-12,0,0.0,,0,0.0,,0,0.0,,0,0.0,,0,0.0,,0,0.0,
JN.1.34,49,0.05946096812164015,2023-12-17,518,0.20341211766627265,2023-10-30,370,0.20004387800342135,2023-10-30,238,0.19228983983149697,2023-11-06,107,0.16371408953649982,2023-11-06,33,0.12374129325675606,2023-12-13,9,0.09002092782502101,2024-01-02
JN.1.35,0,0.0,,46,0.020875457783489978,2023-12-25,34,0.02081604978128813,2023-12-25,18,0.019643522873965983,2024-01-16,11,0.0197627041666178,2024-01-18,5,0.019833073750397896,2024-01-18,2,0.02158508620976885,2024-01-18
JN.1.36,0,0.0,,50,0.013581000375938275,2023-11-27,31,0.01254153581451454,2023-11-27,16,0.010662281936072514,2024-02-14,7,0.008229362002169997,2024-02-14,1,0.002489434436160174,2024-08-12,0,0.0,
JN.1.36.1,0,0.0,,15,0.0026225715444076966,2024-02-13,4,0.0017315001320028181,2024-03-24,3,0.0016244530843818278,2024-03-24,1,0.001170496164148578,2024-06-04,0,0.0,,0,0.0,
JN.1.37,18,0.02184280461611271,2023-12-26,255,0.12380715736735354,2023-12-04,185,0.12400152081937404,2023-12-05,125,0.12410561294454335,2023-12-05,64,0.11910950372556532,2023-12-19,31,0.11878877320747476,2024-02-06,6,0.0675268298196121,2024-03-26
JN.1.38,63,0.07644981615639448,2023-11-07,144,0.07315090771910936,2023-01-03,109,0.07388291782620715,2023-01-03,69,0.07273428831903953,2023-11-27,40,0.0729384781365703,2023-12-20,13,0.06191039516875057,2023-12-20,5,0.0663299735270352,2023-12-20
JN.1.38.1,0,0.0,,32,0.007271798865485223,2023-11-06,17,0.006184465643532446,2023-11-29,7,0.0046456656311087054,2023-11-29,2,0.0028428368835255956,2024-01-17,1,0.0027992879697963016,2024-01-17,0,0.0,
JN.1.39,279,0.338563471549747,2023-11-04,531,0.30588877484114785,2023-01-03,380,0.3081285164003427,2023-12-07,243,0.3111332649433465,2023-12-07,145,0.32696704866194254,2023-12-11,77,0.36199115517631386,2023-12-11,27,0.3789670955271825,2024-01-02
JN.1.39.1,0,0.0,,8,0.0035393958475808856,2024-02-29,2,0.003119692272835052,2024-04-23,2,0.003458195873876814,2024-04-23,1,0.0036794891194719464,2024-05-19,1,0.005224743884519943,2024-05-19,1,0.009227805980185784,2024-05-19
JN.1.39.2,1,0.0012134891453395948,2024-04-02,198,0.09747147685653187,2023-01-03,133,0.0967328228987392,2023-12-21,81,0.09580296361053237,2023-12-26,48,0.09983061448643875,2024-01-15,26,0.11021842661357166,2024-01-15,10,0.09941967608941163,2024-03-12
JN.1.39.3,2,0.0024269782906791897,2024-03-27,43,0.009309097709252496,2023-11-08,21,0.007567784428704756,2023-12-11,11,0.006215799640414068,2023-12-21,3,0.003375536846951543,2024-03-19,0,0.0,,0,0.0,
JN.1.4,2370,2.87596927445484,2023-02-27,1407,1.2450355798824329,2023-01-03,1262,1.3025617962510672,2023-01-03,1051,1.395759442748134,2023-11-14,731,1.5193615607611184,2023-11-14,392,1.6335338961064354,2023-11-28,133,1.5182019525662334,2023-11-28
JN.1.4.1,18,0.02184280461611271,2023-11-27,87,0.026539165598229338,2023-11-14,54,0.0249774926562174,2023-11-14,31,0.022774924445256525,2023-11-14,10,0.01730838822386375,2023-11-14,5,0.017777479833023056,2023-11-14,1,0.012051260783473641,2023-11-14
JN.1.4.2,472,0.5727668766002888,2023-11-17,461,0.26807868478853947,2023-11-26,349,0.2723305933830807,2023-11-30,265,0.28230778868283046,2023-12-03,138,0.2747205938233199,2023-12-03,70,0.28906637776313937,2023-12-07,20,0.2598156768948005,2023-12-21
JN.1.4.3,18,0.02184280461611271,2024-01-04,437,0.17697298203327072,2023-11-27,325,0.17586525768791908,2023-11-27,199,0.1672461002142215,2023-11-30,101,0.15255791645114294,2023-12-20,31,0.10943009487117936,2023-12-20,8,0.0806618929932078,2024-02-29
JN.1.4.4,87,0.10557355564454476,2023-12-26,526,0.2836464036534741,2023-01-03,439,0.2908316692398399,2023-01-03,324,0.296399929907236,2023-11-27,187,0.2839678629820922,2023-11-27,67,0.22591000369062056,2023-11-29,12,0.11489139207039982,2024-01-09
JN.1.4.5,503,0.6103850401058163,2023-11-07,734,0.34230440926354117,2023-11-07,535,0.3419781043703611,2023-11-07,333,0.3348219230119638,2023-11-22,155,0.3121264759175924,2023-11-23,67,0.312426415461231,2023-11-29,27,0.34314488551700895,2023-11-29
JN.1.4.6,53,0.06431492470299853,2023-12-15,402,0.1930736022971807,2023-11-28,319,0.19542578643996064,2023-12-07,198,0.18959291710587875,2023-12-13,108,0.1823381469766118,2023-12-19,42,0.16311363539295515,2023-12-19,10,0.125111060753636,2023-12-19
JN.1.4.7,9,0.010921402308056355,2023-12-26,91,0.03917911927158255,2023-11-30,60,0.03849297395235379,2023-11-30,29,0.03576285746715747,2023-12-05,15,0.0361875512198005,2023-12-05,5,0.03595389713013973,2023-12-05,5,0.06350083263056863,2023-12-05
JN.1.4.8,8,0.009707913162716759,2024-03-25,129,0.040715461684094116,2023-11-26,62,0.03642427131812331,2023-11-29,33,0.034032595422358314,2023-11-29,16,0.032958563038322446,2024-01-04,9,0.03634457942682751,2024-01-17,4,0.036267768313719806,2024-01-17
JN.1.4.9,7,0.008494424017377164,2024-02-26,839,0.8472467273439084,2023-01-03,746,0.8870435738800821,2023-01-03,617,0.9538075621115772,2023-11-21,431,1.0575846729183263,2023-11-30,235,1.1932064867918182,2023-11-30,113,1.465951781979215,2023-12-07
JN.1.40,52,0.06310143555765893,2024-02-23,253,0.06428604393675255,2023-11-28,134,0.05617127959344382,2023-12-05,77,0.04992657183706315,2023-12-19,25,0.03437887008023,2024-02-14,7,0.023146614918485638,2024-04-15,1,0.010169405261558153,2024-04-15
JN.1.41,202,0.24512480735859818,2023-01-01,263,0.15948723231209427,2023-11-08,204,0.1628619908278864,2023-11-08,145,0.1671382923317373,2023-11-08,92,0.17513213554452658,2023-11-13,36,0.16327811387682592,2023-11-13,13,0.16890076461967252,2023-12-14
JN.1.42,138,0.1674615020568641,2023-12-01,153,0.07818694373053636,2023-12-12,123,0.07946655667775551,2023-12-13,78,0.07804250475194059,2023-12-13,38,0.07353505996147519,2023-12-21,16,0.06840584463195741,2023-12-21,5,0.0608839683540477,2024-02-14
JN.1.42.1,0,0.0,,176,0.07055574041137183,2023-12-06,124,0.06937802898137159,2023-12-06,84,0.06733028613649554,2023-12-27,45,0.06224944808202966,2023-12-27,11,0.03842917075329785,2024-03-20,2,0.018867977935239616,2024-04-16
JN.1.42.2,0,0.0,,63,0.02896990026518705,2023-12-13,52,0.029439098034402117,2023-12-13,32,0.02828850082061956,2023-12-13,20,0.028125714213015598,2024-01-09,6,0.01836600320526612,2024-02-13,1,0.00949145462370951,2024-03-18
JN.1.43,50,0.060674457266979745,2023-12-19,189,0.0840691011582495,2023-11-27,148,0.08506549595484615,2023-12-06,91,0.08140201908160952,2023-12-07,49,0.07707981485186953,2023-12-07,18,0.06476776085100576,2023-12-26,5,0.04836218982609021,2024-01-22
JN.1.43.1,39,0.047326076668244205,2023-11-28,65,0.017407134207663256,2023-11-28,40,0.01586385406737183,2023-11-28,13,0.011571509124863913,2024-01-23,8,0.011191198099838895,2024-01-23,2,0.005666129125186794,2024-02-29,0,0.0,
JN.1.44,2,0.0024269782906791897,2024-03-07,88,0.020436656848184406,2023-11-16,45,0.017295312707957516,2023-12-07,19,0.01342476083415758,2023-12-07,7,0.00984374510903892,2023-12-07,3,0.008231795252820369,2024-02-01,0,0.0,
JN.1.44.1,0,0.0,,56,0.012011551513484197,2024-01-10,28,0.010104809117083573,2024-01-10,11,0.007506644522781572,2024-01-10,4,0.005454957318797684,2024-02-01,2,0.005131401848834016,2024-02-01,0,0.0,
JN.1.45,18,0.02184280461611271,2023-11-29,191,0.07737034461805746,2023-11-29,143,0.07693333474783441,2023-12-05,84,0.07200186866264922,2023-12-13,37,0.06256668681741748,2023-12-26,13,0.05166955146584189,2024-01-03,5,0.053469986945616506,2024-01-03
JN.1.46,22,0.026696761197471088,2023-12-18,371,0.20440265684014802,2023-11-06,252,0.20471857898897644,2023-11-20,168,0.20860017741250772,2023-11-20,94,0.21525772487267456,2023-11-29,57,0.25041240259199066,2023-11-29,20,0.2421363574827793,2023-12-12
JN.1.47,15,0.018202337180093925,2023-12-21,84,0.03775567123525595,2023-11-28,61,0.03750233493671501,2023-11-28,36,0.03610369614022809,2023-11-28,19,0.03473770855998026,2023-12-19,6,0.02971080724109866,2023-12-20,2,0.03002026152618775,2023-12-20
JN.1.47.1,0,0.0,,8,0.002900728153677139,2024-01-08,3,0.0026372370736171794,2024-03-05,1,0.002525854089144833,2024-04-10,1,0.00307500066362992,2024-04-10,1,0.004366391743672524,2024-04-10,1,0.007711806881763976,2024-04-10
JN.1.47.2,1,0.0012134891453395948,2024-02-14,136,0.06469106748776586,2023-11-21,90,0.06374924675468653,2023-11-21,49,0.061619282399445044,2023-11-21,26,0.06291029609618874,2023-11-21,13,0.07081181945327748,2023-12-20,6,0.08904064090002967,2024-02-13
JN.1.48,3,0.003640467436018785,2024-04-24,68,0.02326006968863291,2023-12-12,40,0.021847791175931205,2023-12-12,19,0.01977318491234097,2024-02-14,8,0.01823892647468746,2024-02-19,5,0.02240439025764881,2024-02-19,1,0.0199993351231765,2024-04-02
JN.1.48.1,5,0.006067445726697975,2024-05-10,29,0.0127597293663345,2024-03-26,20,0.01261374587807919,2024-03-26,11,0.012070451808257748,2024-03-26,8,0.013335421703362804,2024-05-22,4,0.012749716240307575,2024-06-04,0,0.0,
JN.1.48.2,0,0.0,,2,0.00029993103899077835,2023-12-21,1,0.00020249704562440955,2023-12-21,0,0.0,,0,0.0,,0,0.0,,0,0.0,
JN.1.48.3,16,0.019415826325433518,2024-04-03,39,0.03199095023968701,2024-03-26,29,0.03284283509931925,2024-04-02,22,0.034926026541424904,2024-04-02,14,0.038052440722270806,2024-04-02,8,0.04427925448478991,2024-04-02,2,0.04712142511527855,2024-05-29
JN.1.49,8,0.009707913162716759,2024-01-27,140,0.03862003447412144,2023-11-20,87,0.0357959718941749,2023-12-12,44,0.03004231610506634,2023-12-20,15,0.021492759999219808,2024-01-16,6,0.01694014306846267,2024-01-17,0,0.0,
JN.1.49.1,36,0.04368560923222542,2024-01-31,84,0.029455175858364435,2023-12-19,56,0.02827284132458423,2023-12-19,36,0.026741481951284892,2023-12-20,15,0.021560537744616463,2024-01-17,5,0.014394806457736092,2024-01-17,0,0.0,
JN.1.49.2,19,0.023056293761452303,2024-06-07,220,0.07738727762843818,2023-10-29,154,0.07542028341954635,2023-11-15,89,0.06854620742506194,2023-11-20,46,0.0608610863231702,2023-11-22,7,0.026841281493713638,2023-12-11,1,0.020496841581596512,2025-05-11
JN.1.49.3,0,0.0,,69,0.01783112384322725,2023-11-07,33,0.015581917096788541,2023-11-29,15,0.013293445876866657,2023-11-29,8,0.012690595861892308,2024-01-02,4,0.01214118659849706,2024-03-05,1,0.008327855913561347,2024-03-05
JN.1.5,30,0.03640467436018785,2023-12-01,46,0.018752050001060915,2023-12-14,29,0.018206767353765262,2023-12-14,16,0.017442980993946502,2024-01-03,9,0.017412051321620377,2024-01-03,6,0.020020168128243143,2024-01-09,1,0.010296270416922312,2024-04-08
JN.1.50,0,0.0,,50,0.03351389410383364,2024-01-02,39,0.03432668513522276,2024-01-02,27,0.035354265439436816,2024-01-02,15,0.03664511680624212,2024-06-27,9,0.042211518102202715,2024-07-14,3,0.04214283469297207,2024-08-07
JN.1.50.1,0,0.0,,29,0.010577746391852003,2024-03-14,18,0.010077378762140408,2024-03-14,12,0.009659299318014365,2024-05-05,6,0.008689040823683075,2024-05-22,2,0.007160259073232458,2024-08-15,0,0.0,
JN.1.50.2,0,0.0,,14,0.007339842658296602,2024-01-31,10,0.007347521919749437,2024-05-30,8,0.007817928915481685,2024-05-30,2,0.00607608796207749,2024-06-20,2,0.008627829133579708,2024-06-20,1,0.010169405498844519,2024-06-20
JN.1.51,1,0.0012134891453395948,2024-02-21,113,0.03255746572781514,2023-11-01,62,0.02922685112245629,2023-11-01,38,0.026908451787179596,2023-11-01,14,0.02007568558724067,2023-11-01,2,0.009970957835335387,2023-12-12,1,0.012924323932012765,2024-01-30
JN.1.51.1,0,0.0,,107,0.032279247642728506,2023-11-15,64,0.029809059829460756,2023-11-15,37,0.02672554964087644,2023-11-29,13,0.02087978501462319,2023-12-11,4,0.016487713006292575,2024-04-16,1,0.009705819126385988,2024-05-19
JN.1.52,7,0.008494424017377164,2023-12-21,453,0.1264330756340508,2023-10-25,249,0.11353008754834581,2023-11-21,135,0.10125942855969372,2023-11-26,49,0.07908629857874408,2023-12-05,17,0.0648851252962097,2023-12-13,4,0.0508272216758593,2024-01-02
JN.1.53,13,0.015775358889414733,2023-12-24,173,0.07202255281344402,2023-11-13,113,0.07001107899636297,2023-11-27,63,0.06684335268465752,2023-11-27,33,0.06542976467992674,2023-12-11,15,0.06876631794660369,2023-12-11,5,0.06617770235779338,2023-12-21
JN.1.53.1,0,0.0,,86,0.02758856157374745,2023-11-14,50,0.025902432760326274,2023-11-30,30,0.024408829975107214,2023-11-30,14,0.021418840484036125,2023-12-03,3,0.015258269695232883,2024-04-17,1,0.01595140982651588,2024-04-17
JN.1.54,3,0.003640467436018785,2024-01-03,213,0.046630023889491445,2023-12-03,91,0.037274917655403014,2023-12-03,41,0.0308225302056872,2023-12-03,13,0.022501205993780214,2023-12-20,7,0.024388353988695512,2023-12-20,1,0.008076219180436656,2024-01-30
JN.1.54.1,0,0.0,,56,0.006072721331776035,2023-10-25,10,0.0022747485658523065,2023-12-28,3,0.0011214606408379271,2024-01-23,0,0.0,,0,0.0,,0,0.0,
JN.1.55,5,0.006067445726697975,2023-12-13,119,0.03482287310861458,2023-12-05,56,0.03075092890081544,2023-12-06,29,0.028159198075273936,2023-12-12,14,0.02585213999696057,2023-12-12,7,0.027160785290505352,2023-12-12,2,0.02271066072897624,2023-12-12
JN.1.55.1,1,0.0012134891453395948,2024-05-15,6,0.005189281378387103,2023-12-25,3,0.005228382028067501,2024-01-03,1,0.005440301115081179,2024-01-03,1,0.0066230783524336735,2024-01-03,1,0.009404536063294666,2024-01-03,1,0.01661004559149164,2024-01-03
JN.1.55.2,0,0.0,,3,0.0007472438576491844,2023-11-30,1,0.0006158422858283358,2024-02-01,1,0.0006826645276378579,2024-02-01,1,0.0008310827947443843,2024-02-01,0,0.0,,0,0.0,
JN.1.56,1,0.0012134891453395948,2024-05-01,113,0.033832425883483036,2023-11-13,70,0.03176609153338788,2023-11-13,37,0.028180070800843574,2023-11-13,16,0.024008112907454207,2023-12-19,6,0.018769413332360936,2023-12-19,1,0.008043604406772301,2024-10-01
JN.1.56.1,0,0.0,,1,0.0006889531237412605,2024-05-20,1,0.000729155920286743,2024-05-20,1,0.0008082733085263466,2024-05-20,1,0.0009840002123615744,2024-05-20,0,0.0,,0,0.0,
JN.1.57,0,0.0,,32,0.009513412521455829,2023-12-21,12,0.008201216268998232,2024-02-02,6,0.007878157634222288,2024-02-07,4,0.008632665180747158,2024-02-27,1,0.006986226118123461,2024-02-27,1,0.012338889824390534,2024-02-27
JN.1.57.1,0,0.0,,21,0.008356846111546678,2023-12-28,9,0.007748825149929826,2023-12-28,7,0.008185979275262652,2023-12-28,3,0.007713719587809933,2024-03-17,3,0.010953207886940436,2024-03-17,1,0.009717446158300032,2024-03-17
JN.1.58,4,0.004853956581358379,2025-04-02,490,0.1606515782614348,2023-11-01,298,0.1512709415158149,2023-11-13,166,0.13863010018342833,2023-11-21,87,0.12795138759915725,2023-11-21,26,0.09192440841434428,2024-01-04,7,0.07179748775991819,2024-02-07
JN.1.58.1,0,0.0,,180,0.02875626696451215,2023-10-25,57,0.018753352727617256,2023-10-25,22,0.013493941568383048,2023-11-28,9,0.009937837007037629,2023-12-07,1,0.0022676823276639607,2025-05-06,0,0.0,
JN.1.58.2,4,0.004853956581358379,2025-04-03,175,0.03673161031844455,2023-11-08,90,0.03054166584913994,2023-11-08,42,0.02358421190362931,2023-11-08,12,0.014008312271659308,2023-11-08,1,0.0023823772281310832,2024-02-28,0,0.0,
JN.1.58.3,1,0.0012134891453395948,2024-10-15,135,0.036853260295149876,2023-11-30,79,0.03331765778883039,2023-11-30,35,0.027317365414414742,2023-12-13,14,0.022384695354020136,2024-08-12,7,0.02242148555460364,2024-08-20,1,0.01344933971065504,2024-08-22
JN.1.59,1,0.0012134891453395948,2024-02-01,47,0.01636101075948291,2023-12-17,27,0.01528209407170291,2023-12-17,14,0.014148430698827314,2024-01-04,10,0.014874395859341992,2024-01-11,3,0.010153346452035588,2024-03-03,1,0.008374808478580279,2024-03-06
JN.1.59.1,3,0.003640467436018785,2024-08-02,6,0.0011961035748068677,2024-01-29,4,0.0010743048198226125,2024-02-28,1,0.0005211450962745921,2024-02-28,0,0.0,,0,0.0,,0,0.0,
JN.1.6,126,0.15289963231278897,2023-11-26,157,0.05769859274211287,2023-12-10,117,0.05696735085364672,2023-12-10,63,0.0512033435153504,2023-12-10,26,0.04365612901085911,2023-12-10,11,0.04193170292545378,2023-12-10,3,0.027847112550011523,2024-01-03
JN.1.6.1,0,0.0,,78,0.021757521553014234,2023-12-13,53,0.02045652704511788,2023-12-13,21,0.015571597926815077,2023-12-13,3,0.010443610183113922,2023-12-19,1,0.012242917749052477,2024-03-06,1,0.021623121078596076,2024-03-06
JN.1.60,3,0.003640467436018785,2024-03-25,245,0.05305816030513284,2023-11-12,99,0.04198554674726302,2023-11-14,46,0.03549686964329023,2023-11-14,19,0.029570083560885394,2023-12-03,7,0.024379187790446167,2023-12-05,1,0.008276342230022991,2024-07-18
JN.1.61,2,0.0024269782906791897,2024-01-10,308,0.10676142266262674,2023-12-03,235,0.10536534905703855,2023-12-19,141,0.09602113732736647,2023-12-26,54,0.07102426250114699,2023-12-26,16,0.044109224906332546,2024-01-23,1,0.010185397650740008,2024-11-24
JN.1.62,0,0.0,,55,0.01941221508603566,2023-10-17,33,0.018347645045122603,2023-11-21,19,0.017245966395676472,2023-11-21,10,0.015959196107303834,2023-12-26,3,0.012530185886281058,2024-01-30,1,0.012787882848078747,2024-02-29
JN.1.63,12,0.01456186974407514,2023-11-19,151,0.04095731331229857,2023-11-13,86,0.03684171511571071,2023-11-29,44,0.03152137784161492,2023-12-11,16,0.0245691339108384,2023-12-26,4,0.018144826923078013,2024-01-30,2,0.022669219139798195,2024-02-27
JN.1.63.1,0,0.0,,3,0.0004667957505428823,2023-12-06,1,0.00030848876275365266,2024-03-26,1,0.0003419614735021818,2024-03-26,0,0.0,,0,0.0,,0,0.0,
JN.1.64,4,0.004853956581358379,2024-01-17,132,0.048884949709704556,2023-12-20,71,0.04586248188621197,2024-01-02,44,0.044810908100613285,2024-01-29,25,0.04502609867036466,2024-01-29,12,0.04461066899215526,2024-01-29,3,0.032774223932589025,2024-01-29
JN.1.64.1,3,0.003640467436018785,2024-03-22,69,0.016340466906033364,2024-01-08,33,0.014016094721326082,2024-01-17,19,0.012567542768589183,2024-02-06,8,0.009032088086948439,2024-03-05,1,0.0030078460515977736,2024-04-10,0,0.0,
JN.1.65,0,0.0,,18,0.006160144448521359,2023-12-14,8,0.005431767732469761,2024-01-24,7,0.005808481187184447,2024-01-24,4,0.005542659270801965,2024-01-30,2,0.004986123800140604,2024-01-30,0,0.0,
JN.1.65.1,0,0.0,,5,0.001351449188866496,2024-06-16,3,0.00127889040638062,2024-06-25,1,0.000897595358695831,2024-07-21,1,0.0010927417919834369,2024-07-21,0,0.0,,0,0.0,
JN.1.66,0,0.0,,10,0.00087978247349327,2023-11-23,0,0.0,,0,0.0,,0,0.0,,0,0.0,,0,0.0,
JN.1.67,3,0.003640467436018785,2023-12-27,140,0.029540321190089886,2023-11-27,65,0.023932936135941857,2023-12-18,22,0.016544340786562226,2024-01-22,9,0.013094133686673953,2024-03-13,2,0.008978557199256191,2024-04-14,1,0.010705815056903462,2024-04-14
JN.1.67.1,34,0.04125863094154623,2024-03-30,86,0.03498395114389118,2023-11-27,65,0.0348841537220742,2023-12-21,38,0.03277464866258241,2024-03-24,17,0.028498099347997127,2024-03-24,7,0.02400629309891798,2024-03-24,2,0.019698662450742973,2024-05-07
JN.1.68,8,0.009707913162716759,2023-12-28,135,0.051288849122528596,2023-12-10,81,0.04916174521042584,2023-12-10,45,0.04647112098369183,2023-12-17,25,0.04673033216124,2024-01-16,13,0.049607832374129024,2024-01-30,1,0.023105293107311714,2024-03-20
JN.1.68.1,1,0.0012134891453395948,2024-05-26,35,0.006686403743174351,2023-12-05,15,0.0051672040935767894,2023-12-05,5,0.0035171766652602045,2024-09-18,2,0.002839355131235721,2025-05-11,1,0.002606088167138766,2025-05-11,0,0.0,
JN.1.69,2,0.0024269782906791897,2024-01-20,170,0.04689656488158559,2023-01-03,75,0.04024128442354309,2023-12-10,41,0.03747162192894462,2023-12-10,17,0.0329460237533086,2023-12-18,7,0.03236586120005509,2024-01-02,2,0.03354441418747543,2024-01-28
JN.1.7,594,0.7208125523317194,2023-11-05,663,0.4584985404787087,2023-11-29,549,0.4731871989517033,2023-11-29,392,0.4895894832398087,2023-12-12,246,0.5156255677087367,2023-12-12,117,0.5335089309316761,2023-12-14,41,0.5295249183968851,2024-01-31
JN.1.7.1,0,0.0,,170,0.05845102388681988,2023-12-20,120,0.05662006279292972,2023-12-21,67,0.05125083237009546,2024-01-21,32,0.0448920455775879,2024-01-31,10,0.029549361854458837,2024-02-13,0,0.0,
JN.1.7.2,28,0.03397769606950866,2024-01-18,85,0.0831642681504405,2023-12-21,67,0.086222761260722,2023-12-26,53,0.09234564245935625,2024-02-14,34,0.10246778879711783,2024-03-10,22,0.12667686894182084,2024-03-12,13,0.17851308935871948,2024-04-04
JN.1.7.3,5,0.006067445726697975,2024-09-03,304,0.12489830575704414,2023-12-20,218,0.12342483911424539,2023-12-21,140,0.11954168200879468,2024-01-21,72,0.11060548190719667,2024-01-24,25,0.0839409619697597,2024-02-13,3,0.029463364426037166,2024-04-24
JN.1.7.4,8,0.009707913162716759,2024-05-06,406,0.20233940937192094,2023-01-03,313,0.20413608528016272,2023-11-29,208,0.20207172638716053,2023-11-29,111,0.19388451389771683,2023-12-26,48,0.18084917099513595,2023-12-26,12,0.12664470968650332,2024-01-17
JN.1.7.5,52,0.06310143555765893,2023-12-14,195,0.13744254343789797,2023-12-12,165,0.14226988656417366,2023-12-12,117,0.14691813927445416,2023-12-19,71,0.15454609749022136,2023-12-21,34,0.16241687508080913,2024-01-31,11,0.15697681888651221,2024-01-31
JN.1.7.6,0,0.0,,2,0.00015225864034681854,2024-04-09,0,0.0,,0,0.0,,0,0.0,,0,0.0,,0,0.0,
JN.1.7.7,0,0.0,,183,0.045822237746129556,2023-11-27,95,0.03977462638733823,2023-11-29,43,0.03274312071868594,2024-01-10,14,0.024740326577784272,2024-02-14,7,0.024681915641457646,2024-02-27,2,0.01801499490810241,2024-04-11
JN.1.7.8,5,0.006067445726697975,2024-06-21,11,0.004304394822174794,2024-01-10,6,0.004078921144428841,2024-03-19,4,0.004140276657205023,2024-03-19,1,0.00385568419749741,2024-08-06,1,0.0054749346383189835,2024-08-06,1,0.009669686345065355,2024-08-06
JN.1.7.9,1,0.0012134891453395948,2024-06-05,2,0.00016535245944549186,2023-11-29,0,0.0,,0,0.0,,0,0.0,,0,0.0,,0,0.0,
JN.1.8,171,0.20750664385307074,2023-11-27,517,0.28231475073767237,2023-12-06,425,0.28931612707286136,2023-12-06,297,0.2918544512293723,2023-12-13,177,0.2916762098341272,2023-12-14,65,0.24703346859459305,2024-01-04,20,0.1987322918926769,2024-01-16
JN.1.8.1,486,0.5897557246350431,2023-11-11,526,0.46018282159674473,2023-12-05,441,0.4783558161354314,2023-12-05,344,0.5090739459316712,2023-12-06,220,0.555004309958781,2023-12-06,107,0.6143351469662622,2023-12-27,60,0.840172153850449,2024-01-23
JN.1.8.2,5,0.006067445726697975,2023-12-23,422,0.2560515649218235,2023-11-29,339,0.26256585683810485,2023-11-29,249,0.2708404921785995,2023-11-29,148,0.275158996289472,2023-12-12,67,0.27222242052771767,2023-12-12,19,0.23034492028661607,2024-01-31
JN.1.8.3,5,0.006067445726697975,2024-02-22,43,0.015719763466094692,2023-12-14,25,0.014840694767799392,2023-12-27,12,0.013552089294228546,2023-12-27,8,0.014452858116060317,2023-12-27,4,0.013971372192455311,2024-02-20,1,0.01064805955551819,2024-03-04
JN.1.8.4,0,0.0,,63,0.02344941904783324,2023-12-05,36,0.02218810093404648,2023-12-06,17,0.02081269386752295,2023-12-27,7,0.02022377392920029,2023-12-27,3,0.022214471294572217,2024-02-22,3,0.03923461811517174,2024-02-22
JN.1.9,496,0.6018906160884391,2023-10-25,433,0.25421370548698113,2023-11-29,349,0.2605062857599976,2023-11-29,246,0.26559651668651146,2023-11-29,145,0.27060161822900036,2023-11-29,61,0.2609371290678462,2023-11-29,21,0.24878425013115346,2023-12-19
JN.1.9.1,1,0.0012134891453395948,2024-02-22,111,0.01876271883765501,2023-11-15,52,0.014059366900082377,2023-11-15,14,0.007006764941817134,2023-12-19,3,0.0034067225575280273,2023-12-19,0,0.0,,0,0.0,
JN.1.9.2,116,0.140764740859393,2024-04-04,206,0.09158533072145972,2023-12-19,157,0.09185199570429993,2023-12-19,94,0.08813152521686493,2023-12-19,51,0.08435099756417354,2023-12-19,23,0.07850631206471939,2024-01-24,3,0.02847177483959354,2024-01-30
JN.10,4,0.004853956581358379,2023-11-21,203,0.0780393642080731,2023-09-26,152,0.07709438888461753,2023-10-30,92,0.07193746816557639,2023-10-30,45,0.06203163055194454,2023-11-01,10,0.03613671889290091,2023-11-21,4,0.033476174899885545,2024-01-23
JN.11,35,0.04247212008688582,2023-10-03,106,0.02496698450667568,2023-10-10,50,0.020824163814346854,2023-12-12,27,0.017929254614977883,2023-12-12,12,0.014139510533819958,2023-12-14,3,0.007295856092502314,2024-07-23,0,0.0,
JN.11.1,0,0.0,,862,0.400641075146261,2023-12-12,733,0.41100095168740053,2024-03-03,558,0.4148710038681172,2024-03-03,315,0.3699390379951544,2024-03-17,47,0.12474365423697989,2024-03-24,1,0.008931148667630819,2024-10-22
JN.12,0,0.0,,5,0.0008031661164577699,2023-12-27,3,0.0006991046704770252,2023-12-27,1,0.0004201008292924422,2023-12-27,0,0.0,,0,0.0,,0,0.0,
JN.13,4,0.004853956581358379,2023-11-28,37,0.01143880974399125,2023-10-19,18,0.01014021706879499,2023-10-25,9,0.00927637152221116,2023-12-19,5,0.008868472032406942,2023-12-19,1,0.006438003198169341,2024-01-09,1,0.011370632843562014,2024-01-09
JN.13.1,0,0.0,,18,0.004254468906625987,2023-10-25,10,0.0036922717046895368,2023-10-25,5,0.0031296146655299993,2023-12-13,2,0.0019551900665738717,2023-12-27,0,0.0,,0,0.0,
JN.14,0,0.0,,14,0.003478004228406692,2024-01-09,9,0.0032639722477831373,2024-01-15,6,0.0030720105034844868,2024-01-15,1,0.0007815975186801258,2025-04-22,0,0.0,,0,0.0,
JN.15,0,0.0,,41,0.005326955079840799,2023-09-25,13,0.0031093867055689917,2023-11-22,3,0.0014152103212954343,2023-11-22,0,0.0,,0,0.0,,0,0.0,
JN.16,0,0.0,,53,0.009289739252648742,2023-09-25,21,0.006677211826897974,2023-12-14,7,0.004427454687071275,2023-12-20,2,0.002404034951133441,2024-11-03,0,0.0,,0,0.0,
JN.17,0,0.0,,144,0.043006265930644924,2023-10-24,88,0.04002480328914592,2023-10-24,47,0.035321675548762685,2023-10-24,20,0.02779967586649794,2023-11-14,4,0.015195142553011106,2023-11-21,1,0.011073370688061152,2024-01-30
JN.18,10,0.01213489145339595,2023-12-03,57,0.014489282521568479,2023-10-03,23,0.012104273629124893,2023-11-08,9,0.010393944757028014,2023-11-22,4,0.010043951684554107,2023-12-12,2,0.011084611289229154,2023-12-18,1,0.015206274638972402,2024-01-17
JN.19,0,0.0,,37,0.00639466369436993,2023-09-20,17,0.004915854793182653,2023-11-16,7,0.0034358975562592564,2023-12-26,1,0.0011492846203400488,2024-01-02,0,0.0,,0,0.0,
JN.2,48,0.05824747897630056,2023-09-05,68,0.027160576606275192,2023-10-03,42,0.026078692181826357,2023-10-03,23,0.024609007642164143,2023-10-03,11,0.02415937796163787,2023-11-08,4,0.023899777726516656,2023-11-08,2,0.03194077526821288,2023-11-08
JN.2.1,0,0.0,,4,0.0004316454946605885,2024-01-08,1,0.00018231912786454378,2024-01-08,0,0.0,,0,0.0,,0,0.0,,0,0.0,
JN.2.2,1,0.0012134891453395948,2024-05-14,2,0.0002252204322883347,2024-02-19,0,0.0,,0,0.0,,0,0.0,,0,0.0,,0,0.0,
JN.2.3,3,0.003640467436018785,2023-12-04,6,0.0014531576161416087,2023-10-26,2,0.001194451276254422,2023-12-28,2,0.0013240557445546284,2023-12-28,1,0.0011492846203400488,2024-01-02,0,0.0,,0,0.0,
JN.2.4,0,0.0,,2,0.0002182730024903308,2023-12-05,0,0.0,,0,0.0,,0,0.0,,0,0.0,,0,0.0,
JN.2.5,2,0.0024269782906791897,2024-01-08,361,0.14699689143411077,2023-12-19,288,0.14797495567735158,2023-12-19,204,0.14475263448798756,2024-02-14,102,0.12026447851636417,2024-03-03,11,0.03553339587095607,2024-03-03,1,0.012489378498454006,2024-03-05
JN.3,312,0.37860861334595364,2023-08-23,161,0.06709578940462689,2023-08-24,101,0.06517898290463282,2023-08-24,64,0.06366408182613678,2023-08-24,29,0.05915994448526979,2023-08-24,13,0.060010659134439315,2023-08-24,5,0.06648596914307132,2023-12-12
JN.3.1,0,0.0,,2,0.0002658912563020687,2024-10-01,1,0.00016883296845196334,2024-12-17,0,0.0,,0,0.0,,0,0.0,,0,0.0,
JN.3.2,0,0.0,,4,0.00036575799263553445,2023-12-10,1,0.00014606458406298654,2024-01-17,0,0.0,,0,0.0,,0,0.0,,0,0.0,
JN.3.3,83,0.10071959906318638,2023-11-20,157,0.11165856512809809,2023-09-28,130,0.11554613888523961,2023-09-28,89,0.11887930032264839,2023-10-19,55,0.12583671181893324,2023-10-19,21,0.1277663879378669,2023-10-31,13,0.1828700398078825,2023-10-31
JN.4,6,0.00728093487203757,2023-11-18,83,0.022082632172540435,2023-10-30,61,0.021093947788962203,2023-10-30,29,0.016740240589415183,2023-11-19,9,0.00976762890799655,2023-12-14,0,0.0,,0,0.0,
JN.5,3,0.003640467436018785,2023-11-29,67,0.011342553055780698,2023-11-16,24,0.007717723915594897,2023-11-21,8,0.0048573105980117565,2023-12-19,4,0.0036667697813423127,2024-01-03,0,0.0,,0,0.0,
JN.6,9,0.010921402308056355,2023-11-03,38,0.009047034581235198,2023-10-03,23,0.008159635731977005,2023-10-03,8,0.0062365229908588095,2023-10-19,3,0.005113460518174625,2023-11-09,1,0.004051836882458355,2023-11-15,0,0.0,
JN.7,0,0.0,,10,0.002539365152007133,2024-01-03,7,0.0023556296254209435,2024-03-05,4,0.001956317592170181,2024-03-05,1,0.0008737100624055079,2024-03-05,0,0.0,,0,0.0,
JN.8,1,0.0012134891453395948,2023-12-21,117,0.049055359813778725,2023-08-22,81,0.0481872084113971,2023-08-22,51,0.04680177603482371,2023-08-22,28,0.04458299410242855,2023-10-17,7,0.03043389138708793,2023-11-30,3,0.03473376297673136,2023-11-30
JN.9,4,0.004853956581358379,2023-12-05,70,0.01903007199948926,2023-11-21,34,0.01667085460359724,2023-11-21,17,0.014530101474198583,2023-11-21,9,0.013317909338044916,2023-11-21,2,0.008487955065658782,2023-11-21,1,0.009314959363977072,2023-11-21
JP.1,1,0.0012134891453395948,2023-10-05,0,0.0,,0,0.0,,0,0.0,,0,0.0,,0,0.0,,0,0.0,
JQ.1,44,0.053393522394942175,2023-10-26,19,0.004614742501169077,2023-10-11,10,0.004092848583395488,2023-10-11,7,0.00380865929452447,2023-11-16,2,0.00171395787297399,2023-11-30,0,0.0,,0,0.0,
JQ.2,0,0.0,,1,7.085087931766855e-05,2024-05-02,0,0.0,,0,0.0,,0,0.0,,0,0.0,,0,0.0,
JR.1,0,0.0,,29,0.004228546647872266,2023-07-19,9,0.002467376415984489,2023-08-09,4,0.0017268670637475806,2023-10-23,0,0.0,,0,0.0,,0,0.0,
JR.1.1,0,0.0,,3,0.0008941756979306152,2023-10-04,2,0.0008102156230558507,2023-10-04,1,0.0005940272559415875,2023-10-04,0,0.0,,0,0.0,,0,0.0,
JR.1.1.1,0,0.0,,1,7.123179090050626e-05,2023-12-21,0,0.0,,0,0.0,,0,0.0,,0,0.0,,0,0.0,
JS.1,0,0.0,,22,0.015418833975038432,2023-07-31,16,0.015686295766777585,2023-07-31,13,0.016690172410192865,2023-07-31,6,0.016740518484386117,2023-07-31,4,0.020962639679310762,2023-07-31,2,0.025902528479060674,2023-08-16
JS.2,0,0.0,,12,0.004692948220064655,2023-07-06,6,0.004358767891411022,2023-07-06,4,0.004354486959239598,2023-07-06,2,0.004308861237607306,2023-07-06,2,0.006118429942161281,2023-07-06,0,0.0,
JV.1,0,0.0,,6,0.0014335756472455947,2023-08-09,3,0.0012025010875032415,2023-08-09,1,0.000845220802675071,2023-09-19,1,0.0010289804705305077,2023-09-19,0,0.0,,0,0.0,
JV.2,0,0.0,,1,6.819304390635863e-05,2023-09-19,0,0.0,,0,0.0,,0,0.0,,0,0.0,,0,0.0,
JY.1,0,0.0,,8,0.0010240764845021763,2023-08-22,2,0.00047353699131245073,2023-09-27,1,0.0003416198225921547,2023-12-05,0,0.0,,0,0.0,,0,0.0,
JY.1.1,0,0.0,,9,0.0033789711915984456,2023-09-06,6,0.0032651398087004957,2023-09-06,5,0.0033261479525885152,2023-09-06,3,0.002652585362466547,2023-09-18,0,0.0,,0,0.0,
JZ.1,0,0.0,,34,0.012778451866208646,2023-02-23,22,0.01218602112223804,2023-05-02,14,0.011893765361415747,2023-05-02,4,0.009608218602824256,2023-07-24,2,0.010308853008501956,2023-08-23,1,0.014381171336074151,2023-08-30
KA.1,0,0.0,,8,0.0014716522315209794,2023-08-03,5,0.001263443728987369,2023-08-03,2,0.0008011374209908693,2023-08-14,0,0.0,,0,0.0,,0,0.0,
KB.1,0,0.0,,55,0.02566891452622106,2023-08-07,33,0.024915099415118786,2023-09-03,22,0.02491227746098011,2023-10-19,12,0.02450130365389195,2023-10-19,5,0.025521965614672286,2023-10-19,2,0.030620239389729888,2023-10-19
KB.2,0,0.0,,13,0.009633585091183684,2023-10-04,6,0.009480243322002759,2023-10-04,2,0.00973266512045049,2023-10-24,2,0.011848646298648867,2023-10-24,2,0.016824656977811596,2023-10-24,2,0.029715269055468608,2023-10-24
KB.3,0,0.0,,19,0.003388225885660564,2023-08-09,4,0.002195936696540921,2023-09-13,2,0.001987551448932085,2023-10-05,2,0.0024196655106605894,2023-10-05,1,0.0022376846789828697,2023-10-05,0,0.0,
KB.4,0,0.0,,51,0.02229899737108744,2023-09-18,40,0.02254083326548677,2023-09-18,26,0.021774981401149963,2023-09-18,12,0.01933264460303545,2023-09-18,2,0.013056780791598875,2023-09-27,1,0.016816164155677403,2023-10-31
KC.1,0,0.0,,49,0.01921898188609123,2023-01-03,27,0.018061288828773208,2023-01-03,15,0.017176659601902313,2023-01-03,6,0.016211989546475722,2023-11-01,4,0.018979830690942116,2023-11-01,2,0.021436753519623153,2023-12-12
KD.2,0,0.0,,1,0.00010498519432441464,2023-09-07,0,0.0,,0,0.0,,0,0.0,,0,0.0,,0,0.0,
KE.3,0,0.0,,2,0.00014080698076587812,2023-12-05,0,0.0,,0,0.0,,0,0.0,,0,0.0,,0,0.0,
KF.2,0,0.0,,2,0.00027772157511909615,2023-10-10,1,0.00019231690719886772,2023-11-16,0,0.0,,0,0.0,,0,0.0,,0,0.0,
KG.1,0,0.0,,2,0.0002644188839820424,2023-08-22,1,0.00017749688323018584,2023-11-19,0,0.0,,0,0.0,,0,0.0,,0,0.0,
KG.2,0,0.0,,1,6.703520518551731e-05,2023-10-17,0,0.0,,0,0.0,,0,0.0,,0,0.0,,0,0.0,
KH.1,0,0.0,,7,0.001544113008801452,2023-11-21,2,0.0011753278301331247,2024-01-17,2,0.0013028573003853652,2024-01-17,1,0.0011142761635539447,2024-01-24,0,0.0,,0,0.0,
KK.1,0,0.0,,5,0.0011469576999342192,2023-09-20,3,0.001012659945098332,2023-09-20,1,0.0006400351052859555,2023-11-08,1,0.0007791852989287645,2023-11-08,0,0.0,,0,0.0,
KK.2,0,0.0,,8,0.0011274085225570754,2023-10-03,4,0.0007758959365554623,2023-11-14,0,0.0,,0,0.0,,0,0.0,,0,0.0,
KL.1,0,0.0,,19,0.003300293009849164,2023-11-01,6,0.00212158487768272,2023-11-21,2,0.0013933629269217292,2023-11-21,2,0.0016962943122388594,2023-11-21,0,0.0,,0,0.0,
KL.1.1,0,0.0,,32,0.02072187675061853,2023-11-01,26,0.021389909863338767,2023-11-01,19,0.022179030311128008,2023-11-01,14,0.024385953093613,2023-11-01,5,0.021501032709470496,2023-11-01,2,0.019646449958857944,2024-01-02
KP.1,39,0.047326076668244205,2024-01-09,447,0.2079702664443195,2024-02-14,356,0.21074407686321378,2024-02-20,241,0.20664274121670972,2024-03-13,112,0.17985247019016662,2024-03-13,35,0.1414170117103578,2024-03-13,15,0.15525825197707935,2024-03-13
KP.1.1,133,0.16139405633016612,2024-02-08,232,0.14564684088633092,2024-03-27,198,0.1505231115618539,2024-03-27,145,0.15477435360956593,2024-03-27,85,0.15402472677539428,2024-03-27,34,0.14309278140533196,2024-03-27,12,0.13816188014885533,2024-03-27
KP.1.1.1,81,0.0982926207725072,2024-03-18,247,0.15280451161957576,2024-02-27,184,0.15563064777480637,2024-02-27,124,0.15907605192815136,2024-03-25,69,0.16421332431501123,2024-03-25,35,0.1833124261586072,2024-03-25,16,0.22608242618371824,2024-04-30
KP.1.1.2,0,0.0,,20,0.0028449250042643704,2024-04-30,4,0.0016228793871140644,2024-06-06,1,0.0012105136292579774,2024-06-06,1,0.0014736917026595135,2024-06-06,0,0.0,,0,0.0,
KP.1.1.3,262,0.31793415607897385,2024-04-27,482,0.2391867196294104,2024-04-07,371,0.24173984384227745,2024-04-11,242,0.23905837422757295,2024-04-17,124,0.22647966465299413,2024-04-17,45,0.200902081418735,2024-05-21,17,0.21818430560698632,2024-05-29
KP.1.1.4,0,0.0,,9,0.0024747518820335368,2024-05-08,3,0.001998286574674325,2024-07-25,1,0.0018189491341099205,2024-07-30,1,0.002214407324055192,2024-07-30,1,0.0031443797626595337,2024-07-30,0,0.0,
KP.1.1.5,17,0.020629315470773114,2024-05-13,223,0.04863107187476124,2024-03-27,142,0.04310754327205262,2024-03-31,53,0.02846921596587445,2024-04-08,11,0.013255758181554871,2024-05-14,2,0.005844378805565541,2024-06-04,0,0.0,
KP.1.1.6,2,0.0024269782906791897,2024-08-23,74,0.02008419114614358,2024-04-14,45,0.01832235006535869,2024-04-14,26,0.016154832247093045,2024-04-14,7,0.009250539161785669,2024-07-17,2,0.005961706976130386,2024-07-19,0,0.0,
KP.1.2,12,0.01456186974407514,2024-03-19,219,0.09226010485868691,2024-02-14,157,0.09147930497309847,2024-03-17,101,0.0890045256736868,2024-03-17,52,0.08264107333514702,2024-03-17,20,0.06774300285392777,2024-03-17,3,0.03384365981970629,2024-07-09
KP.2,337,0.4089458419794435,2024-01-26,296,0.24934793609189124,2024-02-14,251,0.25918572507432874,2024-02-14,187,0.2721253671076791,2024-02-14,120,0.293658016538753,2024-02-27,70,0.33669411261099724,2024-02-27,25,0.36050757735866057,2024-02-27
KP.2.1,10,0.01213489145339595,2024-03-07,62,0.028099941269555933,2024-01-22,50,0.028578582852185914,2024-01-22,30,0.027406825415076785,2024-01-22,19,0.027084202405165264,2024-01-22,6,0.019232906622054863,2024-04-16,1,0.0079384390895416,2025-07-29
KP.2.10,3,0.003640467436018785,2024-06-05,445,0.17893380476171047,2024-02-26,344,0.17927639189942526,2024-02-27,243,0.17622043127023151,2024-02-27,119,0.1474140234556313,2024-04-01,20,0.06096331835072328,2024-04-14,2,0.01734358293334404,2024-05-14
KP.2.11,7,0.008494424017377164,2024-07-11,12,0.0018661795154486032,2024-04-08,3,0.0011407300127158344,2024-12-03,2,0.001107607768952834,2024-12-03,1,0.0009461540503476677,2024-12-03,0,0.0,,0,0.0,
KP.2.12,0,0.0,,32,0.010065225551186831,2024-04-01,14,0.009029988419447358,2024-04-16,9,0.008985313469589633,2024-04-16,3,0.007983370842927677,2024-06-03,1,0.007914709496601053,2024-06-27,1,0.013978752880224482,2024-06-27
KP.2.13,0,0.0,,2,0.00017732394740739362,2024-06-20,0,0.0,,0,0.0,,0,0.0,,0,0.0,,0,0.0,
KP.2.14,31,0.03761816350552744,2024-06-28,75,0.033018400010921316,2024-06-05,53,0.03249860360413117,2024-06-05,39,0.03264942746428908,2024-06-05,19,0.029935235631998215,2024-06-05,6,0.02198867832563063,2024-08-06,2,0.016246305999665412,2024-10-01
KP.2.14.1,0,0.0,,6,0.0007066735942933197,2024-08-07,1,0.0003327306731019244,2024-10-03,1,0.00036883376314153797,2024-10-03,0,0.0,,0,0.0,,0,0.0,
KP.2.14.2,0,0.0,,6,0.001238848346459541,2024-07-16,3,0.000989381852676616,2024-07-25,2,0.0008810995108104441,2024-08-27,0,0.0,,0,0.0,,0,0.0,
KP.2.15,33,0.040045141796206635,2024-05-02,719,0.16173549198087125,2023-12-07,317,0.13280749094587632,2024-02-29,125,0.10734858560657029,2024-04-03,50,0.09143933354624738,2024-04-30,19,0.08422496968868566,2024-05-22,6,0.08309677950851929,2024-05-22
KP.2.15.1,44,0.053393522394942175,2024-06-26,42,0.019461569567964722,2024-04-09,20,0.018628150135767428,2024-07-03,8,0.01797819043438239,2024-07-07,4,0.019850877587185366,2024-07-07,3,0.026670683612577024,2024-07-16,3,0.047105063745798204,2024-07-16
KP.2.16,5,0.006067445726697975,2024-04-14,241,0.03555367543119314,2024-02-20,60,0.020790724793953653,2024-03-09,17,0.01406510891219483,2024-04-23,10,0.013170604695485203,2024-04-23,3,0.008602422376353175,2024-05-23,0,0.0,
KP.2.17,0,0.0,,3,0.0006747067655611591,2024-06-23,2,0.0006171511908163967,2024-06-23,1,0.0005181241747839749,2024-08-29,0,0.0,,0,0.0,,0,0.0,
KP.2.18,4,0.004853956581358379,2024-09-10,124,0.055379891524917416,2024-04-02,94,0.05566085123878905,2024-04-28,61,0.05371707568098778,2024-04-28,32,0.050235605462344395,2024-04-30,13,0.04222481947495909,2024-06-25,2,0.017781457429799676,2024-11-24
KP.2.19,20,0.0242697829067919,2024-06-17,50,0.03205444720686368,2024-05-28,28,0.03169705000285259,2024-06-27,16,0.03250927605905269,2024-07-01,11,0.03707343128329401,2024-07-01,7,0.04665597058526243,2024-07-01,4,0.0631862981632299,2024-07-01
KP.2.2,0,0.0,,531,0.3429953442536865,2024-02-20,415,0.3512224313275783,2024-02-20,261,0.3547274490001045,2024-02-29,138,0.3640001174865258,2024-02-29,77,0.4228759328876097,2024-02-29,38,0.5467458812279455,2024-02-29
KP.2.2.1,0,0.0,,38,0.004692204746900446,2024-03-17,11,0.0024003151046619636,2024-04-23,1,0.00046776602751222594,2024-08-20,0,0.0,,0,0.0,,0,0.0,
KP.2.2.2,0,0.0,,142,0.039356461900218874,2024-02-29,76,0.03493337335924992,2024-03-05,42,0.03130623911333576,2024-03-05,20,0.026743274905434305,2024-04-10,3,0.012515065138847977,2024-05-08,2,0.017863174582955235,2024-05-09
KP.2.20,0,0.0,,38,0.00754884096058603,2024-04-09,22,0.006531832158622034,2024-04-17,11,0.0050083045233705005,2024-05-28,1,0.0011426429027528232,2024-07-02,0,0.0,,0,0.0,
KP.2.20.1,0,0.0,,4,0.0005260308801942732,2024-04-23,2,0.00039569882559923296,2024-04-23,0,0.0,,0,0.0,,0,0.0,,0,0.0,
KP.2.22,0,0.0,,12,0.0014341151505378783,2024-04-24,4,0.0007814166284280793,2024-06-23,0,0.0,,0,0.0,,0,0.0,,0,0.0,
KP.2.23,0,0.0,,6,0.0007429208092886935,2024-06-04,2,0.00036705828216183146,2025-03-23,0,0.0,,0,0.0,,0,0.0,,0,0.0,
KP.2.24,4,0.004853956581358379,2024-07-02,25,0.006687897512788507,2024-06-23,13,0.005976635102795723,2024-06-30,5,0.0049068892278523015,2024-06-30,3,0.004992226677395211,2024-06-30,1,0.004583338134240393,2024-10-20,1,0.008094971921909451,2024-10-20
KP.2.25,15,0.018202337180093925,2024-04-18,21,0.00535896463691573,2024-04-08,14,0.0048911972639598175,2024-04-09,6,0.0038338957633371083,2024-04-22,3,0.003150845413075244,2024-04-22,0,0.0,,0,0.0,
KP.2.25.2,3,0.003640467436018785,2024-05-29,5,0.007413872923789351,2024-06-25,3,0.007628457282498378,2024-06-25,3,0.00845618644123758,2024-06-25,3,0.010294648067888806,2024-06-25,2,0.012737127462683764,2024-06-25,2,0.022495981347292617,2024-06-25
KP.2.25.3,2,0.0024269782906791897,2024-06-28,6,0.0004642364884246616,2024-04-30,0,0.0,,0,0.0,,0,0.0,,0,0.0,,0,0.0,
KP.2.26,0,0.0,,2,0.00038333981137144075,2024-08-18,1,0.0003297070598117045,2024-10-22,1,0.00036548207134312377,2024-10-22,0,0.0,,0,0.0,,0,0.0,
KP.2.27,20,0.0242697829067919,2024-06-04,74,0.033317944772444354,2024-02-27,47,0.03270410070570068,2024-05-05,29,0.031887254956537575,2024-05-05,14,0.03138558912039023,2024-05-05,6,0.03314379810873661,2024-05-30,2,0.037587197725880026,2024-06-17
KP.2.28,9,0.010921402308056355,2024-06-26,32,0.010951283857673442,2024-04-25,17,0.009998112151934888,2024-06-26,11,0.009765621143389667,2024-07-02,7,0.009626532739084403,2024-07-02,2,0.004968621421124752,2024-07-15,0,0.0,
KP.2.28.1,7,0.008494424017377164,2025-01-15,29,0.006890104260924177,2024-07-15,18,0.006146925050976484,2024-08-05,8,0.004955611554297333,2024-10-06,3,0.002967880981281163,2024-10-06,0,0.0,,0,0.0,
KP.2.3,602,0.7305204654944362,2024-03-25,664,0.34558444625660645,2024-04-09,545,0.3531229298202269,2024-04-14,382,0.35378103680916145,2024-04-14,222,0.34496852651846205,2024-04-28,79,0.2675583187904255,2024-04-30,15,0.15215402309869022,2024-07-07
KP.2.3.1,7,0.008494424017377164,2024-04-14,524,0.35359727475505565,2024-04-08,431,0.3647067211563346,2024-04-08,319,0.37806066429590074,2024-04-25,185,0.3871923784086765,2024-05-06,85,0.3979449441542888,2024-05-08,37,0.46006114489000777,2024-05-29
KP.2.3.10,11,0.013348380598735544,2024-05-17,198,0.06831604343624058,2024-03-17,141,0.06672314163703669,2024-03-28,71,0.057749428732732054,2024-03-31,35,0.05293671811989923,2024-05-20,8,0.03577016326173093,2024-05-20,3,0.03547015629728003,2024-06-20
KP.2.3.11,4,0.004853956581358379,2024-05-06,22,0.006136247579460452,2024-06-06,12,0.005526126748446874,2024-06-09,8,0.005364813672928759,2024-06-09,3,0.0038390976439177894,2024-06-09,1,0.0024427341970801567,2024-06-09,0,0.0,
KP.2.3.12,14,0.01698884803475433,2024-07-01,140,0.045867612530086616,2024-05-12,87,0.04329611266837695,2024-05-20,51,0.039816242800731226,2024-05-20,16,0.030368199510053505,2024-06-06,7,0.029629380618254413,2024-06-06,3,0.029129465255688783,2024-06-06
KP.2.3.13,5,0.006067445726697975,2024-07-19,195,0.04509590878293435,2024-03-18,104,0.03888391896179734,2024-03-18,45,0.03086621100508888,2024-03-28,15,0.021971050617057272,2024-05-21,6,0.018672335680600154,2024-05-22,1,0.00974202522919359,2024-07-15
KP.2.3.14,31,0.03761816350552744,2024-06-04,76,0.03256756505190876,2024-04-30,39,0.03079569732154239,2024-05-15,17,0.029514504930116855,2024-06-23,8,0.03116863448279903,2024-06-23,6,0.041627795208217896,2024-06-23,3,0.05531033681103524,2024-06-26
KP.2.3.15,15,0.018202337180093925,2024-06-07,71,0.015169226854516405,2024-04-25,39,0.012756526175610454,2024-04-25,15,0.009013987586958304,2024-04-25,4,0.004987083857054548,2024-05-29,1,0.0024152863868268553,2024-07-08,0,0.0,
KP.2.3.2,8,0.009707913162716759,2024-06-01,82,0.02078766336075825,2024-04-28,53,0.019025461868284566,2024-06-06,27,0.0148085154121242,2024-06-12,7,0.006978499229138674,2024-07-23,0,0.0,,0,0.0,
KP.2.3.3,47,0.05703398983096096,2024-04-23,96,0.03796819618259302,2024-05-07,64,0.03708465731845509,2024-06-04,37,0.03488457028114918,2024-06-12,16,0.0313831999867977,2024-06-23,7,0.03086848749317068,2024-06-23,2,0.02502964732916396,2024-06-25
KP.2.3.4,4,0.004853956581358379,2024-09-12,78,0.02283769438947972,2024-05-08,41,0.020318385861907148,2024-05-08,24,0.01907482674807644,2024-05-08,13,0.016707923571967046,2024-06-03,3,0.008384036420015043,2024-08-06,0,0.0,
KP.2.3.5,4,0.004853956581358379,2024-07-16,17,0.004888223503566054,2024-05-06,11,0.0045158139141892595,2024-05-06,7,0.004086247783333755,2024-06-24,3,0.0028920449364531024,2024-06-24,0,0.0,,0,0.0,
KP.2.3.6,22,0.026696761197471088,2024-06-10,246,0.06676184693601825,2024-03-27,170,0.06307386468129801,2024-03-27,84,0.05062564571179866,2024-03-27,21,0.029007767177990865,2024-04-25,6,0.017285912390974007,2024-05-20,0,0.0,
KP.2.3.7,7,0.008494424017377164,2024-06-07,145,0.04460521834943181,2024-04-24,99,0.04272582306655674,2024-04-24,50,0.03640059925236766,2024-05-05,15,0.026099668656534708,2024-05-05,7,0.02553998201875926,2024-05-05,2,0.019219459550705687,2024-05-05
KP.2.3.8,388,0.4708337883917628,2024-03-14,193,0.06951322131420203,2024-03-31,126,0.06709813243449976,2024-03-31,65,0.060920569372110635,2024-03-31,33,0.05761778330398741,2024-04-23,11,0.048686150356132406,2024-04-29,4,0.05177360512493475,2024-05-13
KP.2.3.9,3,0.003640467436018785,2024-06-26,282,0.09158253979885363,2024-04-09,196,0.08788709204012603,2024-04-23,94,0.07387407772292708,2024-04-25,40,0.0625647441739213,2024-05-21,15,0.05269649106671663,2024-06-05,3,0.028623790688705974,2024-07-10
KP.2.4,2,0.0024269782906791897,2024-07-02,14,0.002403717436455687,2024-04-09,4,0.0015024909771167824,2024-05-19,3,0.0015090392723458267,2024-05-19,1,0.0007652721036184018,2024-06-25,0,0.0,,0,0.0,
KP.2.5,39,0.047326076668244205,2024-04-23,145,0.04867389084136571,2024-03-07,93,0.04626131173537737,2024-03-07,42,0.04016757014119596,2024-04-02,19,0.03615222646371537,2024-04-02,11,0.04019119777824047,2024-04-02,2,0.024636805276456876,2024-06-11
KP.2.6,13,0.015775358889414733,2024-06-20,43,0.011355718353765957,2024-04-23,28,0.010575835989140437,2024-04-25,14,0.008500572847693894,2024-04-25,7,0.006915213633942261,2024-04-25,1,0.0022564383986972006,2024-09-03,0,0.0,
KP.2.6.1,17,0.020629315470773114,2024-06-16,31,0.007719238014298146,2024-04-23,21,0.007273950648281674,2024-04-25,8,0.005067367074707792,2024-04-25,4,0.0044909993930692185,2024-04-25,1,0.002958277429018451,2024-06-09,0,0.0,
KP.2.6.2,6,0.00728093487203757,2024-08-28,6,0.002937255255879033,2024-07-16,3,0.0028729520791908824,2024-07-16,3,0.0031846830255071856,2024-07-16,1,0.002733334974508874,2024-09-19,1,0.00388123859827019,2024-09-19,0,0.0,
KP.2.6.3,0,0.0,,11,0.0011681582449525763,2024-04-25,3,0.0004769081455542918,2024-07-30,0,0.0,,0,0.0,,0,0.0,,0,0.0,
KP.2.7,1,0.0012134891453395948,2024-05-31,137,0.06763528878842635,2024-04-14,112,0.06902251463965084,2024-04-14,66,0.06584658949655271,2024-04-17,36,0.06441055854842875,2024-04-17,13,0.0566319997494947,2024-05-15,4,0.047531311447626144,2024-06-26
KP.2.8,3,0.003640467436018785,2024-07-21,30,0.004568221007733943,2024-04-18,10,0.0028371031283699845,2024-04-18,3,0.0016187828139667536,2024-04-18,1,0.0008156500760291636,2024-04-18,0,0.0,,0,0.0,
KP.2.9,27,0.032764206924169065,2024-04-12,60,0.020014505591287424,2024-03-19,39,0.019149732402557053,2024-03-21,23,0.017961033356755755,2024-03-21,12,0.0157015816347838,2024-04-09,3,0.00718758811763033,2024-05-20,0,0.0,
KP.3,282,0.3422039389857658,2024-04-13,558,0.3334785340671573,2024-03-05,471,0.3435574694148199,2024-03-05,344,0.3523982611745212,2024-03-05,197,0.34909280426546435,2024-03-05,81,0.32253739958362104,2024-04-01,21,0.27137166171169086,2024-05-12
KP.3.1,346,0.41986724428749983,2024-03-13,1234,0.90130518591016,2024-03-26,1088,0.9385070103882817,2024-03-28,850,0.9846772989758187,2024-03-28,552,1.0341586258457212,2024-04-16,272,1.0391649321413512,2024-05-08,65,0.7576076425410498,2024-05-08
KP.3.1.1,2455,2.9791158518087055,2024-05-20,1356,1.77175452339099,2024-05-29,1255,1.8645609871032074,2024-05-29,1112,2.0335896190175324,2024-05-29,851,2.332879208321611,2024-06-13,527,2.8059473087507207,2024-06-13,269,3.5609226777532683,2024-06-13
KP.3.1.10,4,0.004853956581358379,2024-05-25,86,0.021298453537927486,2024-04-14,52,0.01908657200529692,2024-05-08,24,0.014877034528015491,2024-05-08,7,0.008537033227800698,2024-07-17,2,0.0050721918302331186,2024-08-27,0,0.0,
KP.3.1.11,0,0.0,,46,0.012266843093486518,2024-06-04,16,0.010106980178836227,2024-06-13,6,0.00924085078588916,2024-06-13,4,0.010193974343854256,2024-06-13,1,0.010428159490402971,2024-06-13,1,0.018417942512547355,2024-06-13
KP.3.1.12,3,0.003640467436018785,2024-07-22,25,0.00904280566771979,2024-05-13,11,0.008250676177071915,2024-05-13,8,0.008608111901584403,2024-05-13,6,0.009539623664174313,2024-05-13,2,0.008002400346566546,2024-06-18,1,0.008628586483868076,2024-07-30
KP.3.1.2,16,0.019415826325433518,2024-05-17,143,0.041460375356538716,2024-05-14,89,0.0385693252008788,2024-06-16,38,0.03163328203768299,2024-06-16,22,0.03061315680676501,2024-07-10,6,0.020321622605071653,2024-07-23,1,0.010685536089527176,2025-07-22
KP.3.1.3,9,0.010921402308056355,2024-06-26,84,0.043297198711875685,2024-06-19,66,0.04404630684029835,2024-06-19,39,0.042326901662550105,2024-06-19,20,0.04110924286966554,2024-06-19,9,0.041678310195826226,2024-06-19,4,0.050141182420380334,2024-06-19
KP.3.1.4,53,0.06431492470299853,2024-04-06,239,0.1115871388404311,2024-04-17,163,0.11041603298288637,2024-04-17,101,0.10875090676646386,2024-05-15,54,0.10814088505453155,2024-05-15,24,0.10828482806930882,2024-05-22,8,0.10200513788831002,2024-05-22
KP.3.1.5,2,0.0024269782906791897,2024-08-12,9,0.002722806473189407,2024-07-02,5,0.0025173336925291803,2024-07-02,2,0.002213004133220975,2024-07-25,1,0.0022823884925726717,2024-07-25,1,0.003240910607823494,2024-07-25,0,0.0,
KP.3.1.6,59,0.0715958595750361,2024-04-17,115,0.05777726959895229,2024-04-24,76,0.05720343702762832,2024-04-24,45,0.056488328774429844,2024-04-24,23,0.05678543673127798,2024-06-04,12,0.0636174833123207,2024-06-04,6,0.0788128472943492,2024-06-04
KP.3.1.7,6,0.00728093487203757,2024-06-05,22,0.007045666762726799,2024-05-15,10,0.006269671789597868,2024-06-25,6,0.006220783111672656,2024-06-25,3,0.005835707969430757,2024-06-27,2,0.007157967053443318,2024-06-27,1,0.00782145691130438,2024-08-07
KP.3.1.8,12,0.01456186974407514,2024-07-27,230,0.07476112571388827,2024-03-26,148,0.07086006797625809,2024-03-26,84,0.06398798530814766,2024-03-26,33,0.04989516712425746,2024-03-26,11,0.03831491437291232,2024-06-27,1,0.010649641306431232,2024-11-20
KP.3.1.9,1,0.0012134891453395948,2025-01-17,252,0.04315672136868133,2024-04-08,103,0.03161121510002821,2024-04-08,27,0.018895765221204765,2024-06-12,11,0.014824365977006353,2024-06-13,2,0.009521692936952644,2024-06-13,1,0.011694596359210293,2024-06-13
KP.3.2,74,0.08979819675513002,2024-04-25,221,0.12640658604889785,2024-03-20,170,0.12879425455052587,2024-03-20,119,0.13157973907775114,2024-04-10,67,0.1319467322714108,2024-04-11,31,0.13405966513360973,2024-04-30,7,0.10518193842875204,2024-04-30
KP.3.2.1,5,0.006067445726697975,2024-05-14,47,0.015378261459335811,2024-04-30,28,0.014386851156115548,2024-04-30,13,0.012952540365810913,2024-05-23,10,0.014217597195287583,2024-06-06,3,0.010865194595738488,2024-06-06,1,0.010920326202553877,2024-06-06
KP.3.2.2,7,0.008494424017377164,2024-06-19,29,0.014392015059630807,2024-03-25,18,0.01421950959196515,2024-05-21,11,0.014112499763801235,2024-07-02,6,0.014787763629107033,2024-07-02,3,0.017555299683785445,2024-07-30,1,0.01839890004442217,2024-10-10
KP.3.2.3,174,0.21114711128908953,2024-04-19,302,0.24084712375203335,2024-04-23,232,0.24795407825781174,2024-04-23,162,0.2596421179189387,2024-04-23,109,0.28789957680753636,2024-04-23,59,0.3317591786411028,2024-05-02,31,0.42993164194140127,2024-05-02
KP.3.2.4,41,0.04975305495892339,2024-04-26,83,0.03606086947179291,2024-04-09,52,0.034997909196975846,2024-04-09,34,0.034909213757140276,2024-04-09,22,0.036130296505136404,2024-05-30,7,0.028259763771975435,2024-05-30,2,0.023450995138771042,2024-05-30
KP.3.2.5,30,0.03640467436018785,2024-05-22,32,0.006425721966170156,2024-04-08,17,0.005274319411934736,2024-04-08,8,0.0039041665784688654,2024-04-08,2,0.0018828190271089934,2024-04-30,0,0.0,,0,0.0,
KP.3.2.6,1,0.0012134891453395948,2024-09-14,3,0.0002667247570908103,2024-08-06,0,0.0,,0,0.0,,0,0.0,,0,0.0,,0,0.0,
KP.3.2.7,0,0.0,,2,0.0012638300517083699,2024-05-20,1,0.0012101043608620313,2024-10-09,1,0.0013414072740868302,2024-10-09,1,0.0016330429678190674,2024-10-09,1,0.0023188630220750467,2024-10-09,0,0.0,
KP.3.2.8,5,0.006067445726697975,2024-07-10,21,0.008251211711394122,2024-06-25,13,0.007931147993685118,2024-06-25,9,0.007692236664830374,2024-06-25,4,0.006593179695211878,2024-07-23,1,0.00446164625894218,2024-07-23,1,0.007880042914969227,2024-07-23
KP.3.2.9,1,0.0012134891453395948,2024-08-04,21,0.0039908810061039645,2024-05-22,9,0.003097241211493693,2024-05-30,3,0.002034392596970109,2024-06-24,1,0.0013506347176404855,2024-10-29,0,0.0,,0,0.0,
KP.3.3,279,0.338563471549747,2024-05-08,851,0.34334357508011765,2024-03-25,680,0.34622773563906967,2024-04-17,431,0.32785300570097414,2024-04-17,201,0.27431472107957283,2024-05-07,57,0.1792010517109919,2024-05-15,7,0.06031367074368664,2024-07-23
KP.3.3.1,68,0.08251726188309245,2024-05-24,76,0.05138611426587403,2024-06-19,43,0.051064691283187656,2024-06-24,28,0.053354969471923724,2024-06-24,15,0.05786807094877235,2024-07-02,13,0.07950251871654342,2024-07-14,9,0.12314095060190648,2024-07-14
KP.3.3.10,12,0.01456186974407514,2024-07-05,350,0.13685464887314877,2024-04-23,213,0.13169891649891166,2024-05-28,119,0.12538251892054955,2024-05-28,66,0.12435437170056113,2024-05-28,24,0.11244479508301058,2024-05-28,10,0.12396659159570919,2024-05-28
KP.3.3.2,29,0.03519118521484825,2024-07-11,164,0.06705872173920481,2024-06-02,121,0.06669400575835151,2024-06-24,65,0.06163088803837668,2024-07-02,40,0.06252282434564362,2024-07-02,17,0.054950497049336314,2024-07-09,2,0.024547527467834437,2024-07-09
KP.3.3.3,98,0.1189219362432803,2024-05-17,248,0.14759638101368702,2024-04-17,187,0.14984926204800975,2024-04-17,120,0.15138065234997122,2024-04-17,64,0.15365056391156756,2024-04-17,36,0.1750195080045507,2024-04-17,12,0.18279959826553355,2024-04-17
KP.3.3.4,6,0.00728093487203757,2024-07-12,526,0.21379328135357994,2024-05-23,422,0.21488785803930846,2024-05-23,253,0.20127520778181635,2024-05-23,106,0.1640776226434171,2024-05-23,36,0.12954795866355312,2024-05-23,9,0.09234681566186562,2024-05-23
KP.3.3.5,13,0.015775358889414733,2024-12-20,83,0.02397514042908577,2024-06-04,54,0.022594322250798066,2024-07-02,24,0.018583450746347808,2024-07-02,10,0.01552861360437786,2024-07-02,2,0.010193475070015607,2024-07-02,1,0.013744241815963718,2025-07-01
KP.3.3.6,0,0.0,,24,0.003447412324874844,2024-07-09,7,0.0020199309371677215,2024-07-16,3,0.0013625583876363926,2024-07-16,0,0.0,,0,0.0,,0,0.0,
KP.3.3.7,4,0.004853956581358379,2024-06-08,50,0.010044887919955961,2024-05-19,22,0.007803527829292663,2024-05-22,9,0.005812760061730045,2024-05-22,4,0.004534318488571956,2024-08-25,0,0.0,,0,0.0,
KP.3.3.8,5,0.006067445726697975,2024-09-09,254,0.08388456811134806,2024-04-23,177,0.0805846093103501,2024-04-23,111,0.07458776432417631,2024-04-23,38,0.053044103009228315,2024-05-21,7,0.028254092030626177,2024-06-11,2,0.02889001816045096,2024-11-06
KP.3.3.9,1,0.0012134891453395948,2024-11-12,25,0.014464263718843759,2024-07-02,18,0.014615005025129317,2024-07-29,11,0.014541225801918701,2024-11-13,5,0.014481830772313036,2024-11-13,3,0.017579188548891365,2025-01-20,1,0.022534519025928536,2025-03-12
KP.3.4,6,0.00728093487203757,2024-04-06,61,0.01500389261258139,2024-03-19,37,0.013502595218023978,2024-03-31,18,0.01071096967774617,2024-04-01,6,0.006415519686870261,2024-04-01,0,0.0,,0,0.0,
KP.3.4.1,0,0.0,,1,0.0005264542551379108,2024-07-19,1,0.0005571746809266493,2024-07-19,1,0.0006176311681081775,2024-07-19,0,0.0,,0,0.0,,0,0.0,
KP.3.5,65,0.07887679444707367,2024-06-10,384,0.18881818713993745,2023-12-20,270,0.18813186470180038,2023-12-20,174,0.1861581643444113,2023-12-20,98,0.18612829117765708,2024-01-04,39,0.17495572845622712,2024-04-23,15,0.1929426372152925,2024-04-23
KP.3.6,10,0.01213489145339595,2024-07-22,404,0.18549723010731503,2024-04-23,313,0.18682042814047314,2024-04-30,203,0.18207782892489224,2024-04-30,100,0.16725967969168984,2024-06-04,42,0.1518386691732276,2024-06-23,9,0.09287621483153949,2024-06-23
KP.3.7,14,0.01698884803475433,2024-08-15,45,0.03666248877771297,2024-06-23,36,0.03780050698453035,2024-06-23,30,0.04053558156396466,2024-06-23,21,0.044509733488925535,2024-08-06,11,0.05044344367502281,2024-08-06,4,0.05177844932608833,2024-08-21
KP.4,14,0.01698884803475433,2024-03-22,222,0.09791200322193945,2024-02-26,159,0.09720389723604203,2024-02-26,96,0.0935813764696793,2024-03-05,53,0.09001229215827106,2024-03-18,20,0.07565346029107357,2024-05-08,5,0.05769907350110259,2024-06-18
KP.4.1,22,0.026696761197471088,2024-03-26,59,0.04808235138336444,2024-02-19,43,0.04941225380806612,2024-03-19,30,0.05199346906741705,2024-03-19,20,0.057967535771776775,2024-03-26,10,0.06752129118493662,2024-03-26,7,0.10177720155466709,2024-03-26
KP.4.1.1,4,0.004853956581358379,2024-04-09,5,0.005006722645903639,2024-04-11,4,0.0051957774705361495,2024-04-11,2,0.005329656581877008,2024-05-12,2,0.006488378563363499,2024-05-12,1,0.007458417528871818,2024-05-14,1,0.01317286194248918,2024-05-14
KP.4.1.2,1,0.0012134891453395948,2024-07-31,21,0.0032392062524322267,2024-04-01,9,0.002314786797879836,2024-04-04,2,0.001039018317739987,2024-04-04,1,0.0008348419594018206,2024-04-04,0,0.0,,0,0.0,
KP.4.1.3,21,0.025483272052131495,2024-05-30,29,0.00933600417729078,2024-04-16,13,0.008268666346626334,2024-05-15,8,0.007906972266796904,2024-05-15,4,0.00748313588496969,2024-06-27,1,0.006788234435640647,2024-08-08,1,0.011989202093848343,2024-08-08
KP.4.2,3,0.003640467436018785,2024-03-22,15,0.004058031213464753,2024-03-26,10,0.003816157048324909,2024-03-26,7,0.003472638008091258,2024-03-26,1,0.0007803329837918362,2024-03-26,0,0.0,,0,0.0,
KP.4.2.1,0,0.0,,3,0.0019565966634805237,2024-04-02,1,0.0018983938261514035,2024-04-02,1,0.002104379894695182,2024-04-02,1,0.0025618936582785723,2024-04-02,1,0.0036377980174058366,2024-04-02,0,0.0,
KP.4.2.3,0,0.0,,2,0.0006075233029630521,2024-04-15,1,0.0005553356655623107,2024-04-15,1,0.0006155926095617693,2024-04-15,0,0.0,,0,0.0,,0,0.0,
KP.4.2.4,2,0.0024269782906791897,2024-08-29,6,0.0006243211062932395,2024-08-06,1,0.0001555318323541557,2024-08-13,0,0.0,,0,0.0,,0,0.0,,0,0.0,
KP.4.2.5,1,0.0012134891453395948,2024-07-09,3,0.002180253105932473,2024-10-01,3,0.0023074784120018853,2024-10-01,2,0.0023741994780749564,2024-11-12,2,0.002890374785323429,2024-11-12,1,0.002658685184680984,2024-11-12,0,0.0,
KP.4.2.6,2,0.0024269782906791897,2024-10-22,2,0.00018850598783317761,2025-01-16,0,0.0,,0,0.0,,0,0.0,,0,0.0,,0,0.0,
KP.5,9,0.010921402308056355,2024-04-21,318,0.16746981053501736,2024-02-14,242,0.16940742195475528,2024-02-14,163,0.16920485319604514,2024-02-14,95,0.16743597033127433,2024-02-14,33,0.1388122206974432,2024-04-09,9,0.1194908356598758,2024-05-22
KP.6,1,0.0012134891453395948,2024-06-06,95,0.036422454197126884,2024-02-14,76,0.03654401751002158,2024-02-14,51,0.034909895582307164,2024-02-14,17,0.02348092533214099,2024-03-28,7,0.01741642827375938,2024-04-10,0,0.0,
KP.7,0,0.0,,109,0.013275225888284798,2024-02-19,25,0.006089719473806118,2024-04-02,6,0.0026033949340938476,2024-04-02,1,0.0007701678831365209,2024-04-21,0,0.0,,0,0.0,
KP.7.1,0,0.0,,22,0.0036968572101853266,2024-03-05,7,0.0025516089285628906,2024-03-09,3,0.0020991467913339984,2024-03-09,2,0.0020249690224024173,2024-04-30,0,0.0,,0,0.0,
KQ.1,76,0.09222517504580921,2024-01-18,270,0.1493514040372053,2023-11-27,205,0.15121072480513834,2023-12-13,132,0.15121769232687268,2023-12-26,70,0.15007926022236667,2023-12-26,30,0.15237837467357027,2024-01-10,12,0.17346037945539736,2024-01-10
KR.1,8,0.009707913162716759,2024-03-07,10,0.007087590421497861,2024-02-27,7,0.0072070543785972595,2024-04-09,5,0.007537563075234563,2024-04-09,4,0.008633599224025661,2024-04-09,2,0.009102315251127509,2024-05-01,1,0.009443356440117496,2024-05-01
KR.1.1,3,0.003640467436018785,2024-05-23,20,0.004615241263483371,2023-11-30,12,0.004082696138872687,2024-04-08,8,0.0036228875448202835,2024-04-08,1,0.0008391433649455112,2024-05-12,0,0.0,,0,0.0,
KR.1.2,0,0.0,,7,0.003363019144473144,2023-12-21,4,0.003260131068417296,2023-12-21,3,0.0034452525426195754,2023-12-21,1,0.0033509654154948243,2024-05-13,1,0.004758251891326974,2024-05-13,1,0.008403900024288313,2024-05-13
KR.1.3,0,0.0,,2,0.0007998798763030167,2024-06-04,2,0.0008465556323446029,2024-06-04,2,0.0009384115286860768,2024-06-04,0,0.0,,0,0.0,,0,0.0,
KR.1.4,1,0.0012134891453395948,2024-07-12,7,0.0038344428713792656,2024-04-09,6,0.003932114924661548,2024-04-09,3,0.003734676406504719,2024-05-01,1,0.003294310467883246,2024-06-20,1,0.004677803877635369,2024-06-20,1,0.008261814846862307,2024-06-20
KR.3,10,0.01213489145339595,2024-04-04,121,0.048000861146696924,2023-11-01,85,0.04714443860357083,2023-11-01,50,0.04421944540261735,2023-11-01,24,0.040654723615419816,2023-11-22,8,0.0337366882757749,2023-11-27,1,0.02224559677431916,2024-04-03
KR.4.1,0,0.0,,1,8.178469788242768e-05,2023-10-25,0,0.0,,0,0.0,,0,0.0,,0,0.0,,0,0.0,
KR.5,2,0.0024269782906791897,2024-06-17,5,0.0006021512572261723,2023-12-13,2,0.0003344641711912599,2023-12-13,0,0.0,,0,0.0,,0,0.0,,0,0.0,
KS.1,146,0.17716941521958085,2024-02-25,277,0.13923771546968425,2023-11-14,207,0.1400733105942019,2023-12-26,145,0.14091627294702933,2023-12-26,74,0.1342738719582568,2024-02-21,32,0.12833833903971076,2024-02-21,12,0.11483333592718932,2024-02-21
KS.1.1,13,0.015775358889414733,2024-05-16,57,0.02477355217278029,2024-02-25,40,0.02439994080165344,2024-02-25,26,0.0238841346937621,2024-02-25,13,0.0220929687164459,2024-05-15,6,0.02149068664499675,2024-06-12,1,0.013340823198083072,2024-07-24
KS.1.1.1,0,0.0,,4,0.0016445142800152511,2024-08-03,4,0.0017404773734933253,2024-08-03,2,0.0014738756529327373,2024-09-17,1,0.0013491628803997647,2024-09-17,0,0.0,,0,0.0,
KS.1.1.2,60,0.0728093487203757,2024-04-30,70,0.050953893892828075,2024-05-08,53,0.052114916990743436,2024-05-08,31,0.052946619071291175,2024-05-08,21,0.05971833395039374,2024-05-08,13,0.07293649103154237,2024-05-08,7,0.09761120991836486,2024-05-08
KS.1.1.3,8,0.009707913162716759,2024-09-13,29,0.028439910753087445,2024-09-17,20,0.029093400865703105,2024-09-17,16,0.03134347230101161,2024-10-16,11,0.03553270494462899,2024-10-16,8,0.04689664247070976,2024-10-22,5,0.06766929702808672,2024-10-22
KS.1.2,0,0.0,,25,0.008034864862848589,2024-02-26,17,0.007762144094258766,2024-02-26,7,0.006411047850630614,2024-02-26,5,0.006908753956394322,2024-03-19,1,0.004030515724398744,2024-05-30,0,0.0,
KS.1.3,7,0.008494424017377164,2024-03-07,216,0.029010570757973315,2023-11-16,60,0.016006648036576598,2023-12-10,6,0.00648646099381352,2024-03-13,4,0.007016956701284511,2024-06-02,3,0.008862633394626623,2024-06-02,0,0.0,
KS.1.4,0,0.0,,7,0.0011036665354580248,2023-12-27,3,0.0007661738342479234,2023-12-27,1,0.00040904536024072367,2024-04-16,0,0.0,,0,0.0,,0,0.0,
KS.1.5,0,0.0,,8,0.0010804702124820758,2023-12-13,2,0.0004759668333056602,2025-06-10,1,0.00035870081372176243,2025-06-10,0,0.0,,0,0.0,,0,0.0,
KS.2,5,0.006067445726697975,2024-03-21,31,0.006305825375164753,2024-01-28,11,0.00454590365501823,2024-02-14,6,0.003863882625364849,2024-02-14,2,0.002591450659272788,2024-04-16,0,0.0,,0,0.0,
KT.1.2,0,0.0,,1,0.0010005056757561785,2024-01-03,1,0.0010588886407779498,2024-01-03,1,0.0011737838248724434,2024-01-03,1,0.0014289764622400826,2024-01-03,0,0.0,,0,0.0,
KU.1,1,0.0012134891453395948,2024-03-09,0,0.0,,0,0.0,,0,0.0,,0,0.0,,0,0.0,,0,0.0,
KU.2,12,0.01456186974407514,2024-03-15,7,0.0013286004559905729,2024-03-19,2,0.000991557962431795,2024-05-20,2,0.0010991474012515964,2024-05-20,0,0.0,,0,0.0,,0,0.0,
KU.2.1,0,0.0,,3,0.0052355283505006265,2024-03-19,2,0.0054656511173074625,2024-03-19,1,0.005873659958191073,2024-03-19,1,0.007150653850907533,2024-03-19,1,0.01015367453599368,2024-03-19,1,0.017933154366036746,2024-03-19
KU.2.2,0,0.0,,4,0.0003797255897824911,2023-12-13,0,0.0,,0,0.0,,0,0.0,,0,0.0,,0,0.0,
KV.1,9,0.010921402308056355,2023-12-19,19,0.003595964993625369,2023-12-05,14,0.0033163897244473358,2023-12-05,4,0.0017333366698336348,2023-12-14,0,0.0,,0,0.0,,0,0.0,
KV.2,10,0.01213489145339595,2024-03-01,74,0.024847865571508695,2023-11-29,47,0.023557169768979716,2023-11-29,29,0.0223250257655408,2023-11-29,12,0.01840572605376216,2024-01-30,3,0.013015778626569092,2024-02-04,1,0.014200844138823757,2024-02-28
KW.1,2,0.0024269782906791897,2024-04-09,18,0.013009563642650879,2024-03-26,14,0.013402304378413037,2024-03-26,11,0.014208870889844119,2024-03-26,8,0.015994627116488823,2024-03-26,6,0.02022298877129343,2024-03-26,1,0.00774841565953399,2024-03-26
KW.1.1,0,0.0,,28,0.013586432440091513,2024-04-18,18,0.013277800233801472,2024-04-18,12,0.013364060829903235,2024-05-22,5,0.012653158249197336,2024-05-22,4,0.015980216161059515,2024-05-22,1,0.013661952328094348,2025-06-12
KW.1.1.1,0,0.0,,11,0.0040552987193832055,2024-05-07,8,0.003945177402417754,2024-05-07,5,0.0037113565557749233,2024-05-22,1,0.002554491989758107,2024-05-22,1,0.0036272879109530433,2024-05-22,0,0.0,
KY.1,4,0.004853956581358379,2024-04-18,71,0.011363973072116259,2023-11-06,16,0.006877602873913385,2024-01-03,2,0.0048459354724102325,2024-01-03,2,0.0058994915255038685,2024-01-03,1,0.007107647948886143,2024-01-03,1,0.012553341885735916,2024-01-03
KZ.1,0,0.0,,8,0.0017767228608148676,2023-12-05,3,0.001390582440138997,2023-12-13,1,0.0011657788103745382,2024-04-04,1,0.0014192310755215016,2024-04-04,0,0.0,,0,0.0,
KZ.1.1,0,0.0,,3,0.0007152490733191183,2023-12-05,2,0.0006264193935635569,2023-12-13,1,0.0004915078124527897,2024-06-04,0,0.0,,0,0.0,,0,0.0,
LA.1,18,0.02184280461611271,2024-02-28,63,0.028144003531566777,2023-11-07,41,0.02776280131556816,2023-11-07,23,0.026625105128232938,2023-12-28,12,0.027212032642752893,2024-04-25,5,0.02825638902138438,2024-04-28,3,0.04054745927139128,2024-04-28
LA.2,1,0.0012134891453395948,2024-03-30,25,0.006070241431758031,2023-12-11,17,0.005571443298114672,2023-12-11,11,0.004926231596718273,2023-12-28,2,0.001769209484898092,2024-04-25,0,0.0,,0,0.0,
LB.1,289,0.35069836300314294,2024-03-31,337,0.17465064003004377,2023-12-19,285,0.17945834371499494,2023-12-19,196,0.1795253175934393,2023-12-19,107,0.1702993727246229,2023-12-19,37,0.13869803417932555,2024-01-24,4,0.06686784239624252,2024-06-04
LB.1.1,12,0.01456186974407514,2024-06-19,603,0.3260988882683099,2024-01-24,512,0.3356193472550907,2024-01-24,369,0.3397085757186025,2024-01-24,208,0.32617910339573863,2024-04-02,77,0.26714600579209113,2024-04-18,15,0.15085600806916563,2024-04-18
LB.1.10,5,0.006067445726697975,2024-08-19,348,0.1978853616758534,2023-10-23,285,0.20297661974629738,2023-10-24,195,0.20422708337995718,2023-10-24,130,0.21287345848580752,2023-10-30,45,0.17323898467548085,2023-11-28,15,0.15023234807719188,2023-12-07
LB.1.11,23,0.027910250342810684,2024-07-12,186,0.06135516719438049,2024-04-14,145,0.06070707911051897,2024-04-14,84,0.05325468101820366,2024-04-14,31,0.03876164648071236,2024-04-14,6,0.020164943168607685,2024-07-09,1,0.008110897159049843,2024-07-09
LB.1.11.1,6,0.00728093487203757,2024-08-22,116,0.03808949406450482,2024-05-28,91,0.03767454459818934,2024-05-28,49,0.032059515718422464,2024-06-04,20,0.024467071989581188,2024-06-04,5,0.013255511804966782,2024-06-04,0,0.0,
LB.1.11.2,0,0.0,,24,0.002774592429681331,2024-04-02,5,0.0011871593664958236,2024-04-02,1,0.00037911119141521247,2025-06-26,0,0.0,,0,0.0,,0,0.0,
LB.1.2,31,0.03761816350552744,2024-04-14,227,0.0716008310923215,2024-01-17,149,0.06793802610573421,2024-01-17,75,0.05857742554207677,2024-02-07,28,0.046884007732097735,2024-04-23,11,0.040120781045765525,2024-04-23,4,0.03404120593936228,2024-04-23
LB.1.2.1,74,0.08979819675513002,2024-04-21,145,0.07687151407090694,2024-05-05,109,0.07763275786313738,2024-05-05,71,0.07758003182653898,2024-05-05,37,0.07635549617478178,2024-05-14,19,0.08128246339794433,2024-05-14,8,0.08767715571480167,2024-05-14
LB.1.2.2,46,0.05582050068562137,2024-07-01,83,0.024569683457724582,2024-04-18,47,0.022456752894095582,2024-04-18,27,0.020523360856666426,2024-05-19,7,0.014758175878106182,2024-07-02,4,0.01731472587421421,2024-07-02,1,0.011829919824362368,2024-11-26
LB.1.2.3,9,0.010921402308056355,2024-08-16,13,0.006098106538320703,2024-06-14,10,0.006162663460848995,2024-06-14,8,0.006466834330354991,2024-06-14,4,0.006011952436697649,2024-06-14,1,0.003778608239716607,2024-08-20,0,0.0,
LB.1.3,359,0.43564260317691456,2024-04-08,508,0.23812212150574405,2024-01-04,406,0.24147750595183123,2024-01-04,270,0.2377644208348669,2024-01-04,148,0.22511621825258876,2024-01-04,51,0.17901105025669903,2024-04-23,9,0.09942050279510935,2024-04-30
LB.1.3.1,72,0.08737121846445084,2024-06-17,190,0.10136767662473188,2024-01-03,153,0.10338965278444191,2024-01-03,101,0.102882339396428,2024-07-09,55,0.10112878316429474,2024-07-09,20,0.08952508931754673,2024-07-09,7,0.08398605406155571,2024-10-01
LB.1.3.2,0,0.0,,359,0.17448073889008975,2024-01-25,276,0.17557082004019398,2024-04-08,175,0.17179590727337096,2024-04-08,81,0.15789753390120242,2024-04-08,31,0.1493308886368162,2024-04-28,13,0.16572826299631593,2024-05-05
LB.1.3.3,9,0.010921402308056355,2024-05-21,41,0.008404258540612696,2024-03-19,26,0.007347802925223332,2024-05-21,9,0.0044986547833520745,2024-05-21,1,0.0009941570814766517,2024-11-19,0,0.0,,0,0.0,
LB.1.3.4,4,0.004853956581358379,2025-01-14,11,0.008490008097476761,2023-12-27,9,0.008820761404900995,2024-05-07,6,0.009218475604588702,2024-05-07,5,0.010468736155459549,2024-05-07,2,0.010122881263561636,2024-05-07,1,0.011726893881003852,2024-05-07
LB.1.3.5,53,0.06431492470299853,2024-05-27,133,0.06976915348811845,2023-11-30,88,0.0693185344155007,2024-04-30,57,0.07012769169002087,2024-05-14,26,0.06990427345943706,2024-05-14,13,0.07886864922406292,2024-05-19,7,0.10631421818607834,2024-06-14
LB.1.4,41,0.04975305495892339,2024-05-07,159,0.05517401901619951,2023-12-18,92,0.05169050828178322,2023-12-18,52,0.04870055163981826,2024-03-19,21,0.04207302708151035,2024-04-08,6,0.03861591407324692,2024-05-08,2,0.04423234164899506,2024-05-08
LB.1.4.1,6,0.00728093487203757,2024-06-08,67,0.035855808536605666,2024-01-01,33,0.03433273369391498,2024-04-30,18,0.03482005351706967,2024-05-14,13,0.040059653082379534,2024-05-14,6,0.04574297728378418,2024-05-14,4,0.06593332990946493,2024-05-14
LB.1.4.2,2,0.0024269782906791897,2024-08-12,2,0.0001455016000947408,2024-08-04,0,0.0,,0,0.0,,0,0.0,,0,0.0,,0,0.0,
LB.1.4.3,2,0.0024269782906791897,2024-08-17,10,0.0038409242641363533,2024-04-02,5,0.0035444309248491897,2024-06-11,4,0.0036370143747258147,2024-06-11,4,0.004427738587108924,2024-06-11,0,0.0,,0,0.0,
LB.1.5,8,0.009707913162716759,2024-05-19,18,0.005831131373267609,2024-05-13,9,0.005288072624703121,2024-07-02,4,0.004768202584831856,2024-07-02,1,0.00431940139372818,2024-07-02,1,0.006133396589553439,2024-07-02,1,0.01083264461931278,2024-07-02
LB.1.6,0,0.0,,113,0.01420609814438755,2023-11-22,37,0.00801361573860299,2024-02-13,4,0.002145356009538211,2024-07-07,1,0.0009009229667399874,2024-07-16,0,0.0,,0,0.0,
LB.1.7,948,1.150387709781936,2024-03-24,1209,1.122679086783368,2023-12-06,1090,1.1759729296600319,2024-03-24,925,1.264824312125942,2024-03-24,665,1.3940788506179003,2024-03-25,377,1.5262624061261938,2024-04-07,115,1.3090686420888342,2024-04-07
LB.1.7.1,91,0.11042751222590313,2024-06-10,222,0.06457882138997215,2024-04-24,123,0.058433108497944704,2024-05-21,58,0.05020969793065888,2024-05-21,22,0.04297878981544867,2024-05-21,9,0.04119231373224004,2024-06-04,3,0.043949757790783396,2024-06-04
LB.1.7.2,66,0.08009028359241327,2024-04-27,239,0.10915134209039667,2023-11-30,158,0.1075431471587286,2024-04-16,106,0.10786401496705618,2024-04-28,56,0.10305943709095801,2024-05-07,24,0.09786054835308353,2024-05-07,9,0.09329812517589078,2024-05-22
LB.1.7.3,17,0.020629315470773114,2024-04-30,85,0.03483850386510043,2024-04-09,55,0.03411288477061099,2024-04-09,23,0.030707592808591706,2024-05-07,11,0.030883903802888465,2024-05-15,7,0.036799518753569814,2024-05-21,4,0.04900778551884481,2024-06-04
LB.1.7.4,55,0.06674190299367772,2024-05-22,189,0.05799096980757479,2024-04-18,135,0.055893991622852676,2024-04-18,66,0.04676215268971224,2024-04-18,21,0.033235251503420465,2024-04-18,7,0.025712591127108272,2024-05-19,2,0.021745052101274098,2024-08-27
LB.1.8,9,0.010921402308056355,2024-06-11,47,0.015458272102924605,2023-12-19,36,0.015243746359632106,2023-12-19,19,0.013053216479844748,2023-12-19,10,0.011608956052304838,2023-12-19,2,0.0052109227096202955,2024-05-28,0,0.0,
LB.1.9,3,0.003640467436018785,2024-08-06,18,0.0026859019704157877,2023-12-19,5,0.0016968828236868893,2024-06-12,2,0.0012015397748500634,2024-06-12,1,0.0008348418647864157,2024-06-12,0,0.0,,0,0.0,
LC.1,1,0.0012134891453395948,2024-05-23,9,0.001544256629029555,2023-12-12,4,0.0011742794581642737,2024-02-20,1,0.0005532560072948346,2024-07-02,0,0.0,,0,0.0,,0,0.0,
LD.1,11,0.013348380598735544,2024-04-02,15,0.00911062276845526,2024-05-21,12,0.009310067023989963,2024-05-21,7,0.008935879551758749,2024-05-21,5,0.009723485050008125,2024-06-16,3,0.011183427436656495,2024-06-16,1,0.007836958592282188,2025-02-26
LD.1.1,2,0.0024269782906791897,2024-09-13,6,0.0011034371935624105,2024-07-09,2,0.0007187955261043687,2024-07-28,2,0.0007967887551538228,2024-07-28,0,0.0,,0,0.0,,0,0.0,
LD.2,1,0.0012134891453395948,2024-08-14,1,0.00015441824340777673,2024-07-28,1,0.00016342908174888442,2024-07-28,0,0.0,,0,0.0,,0,0.0,,0,0.0,
LE.1,13,0.015775358889414733,2024-02-26,44,0.015188414199012599,2023-12-06,27,0.014476158313454559,2023-12-06,12,0.012622154998177162,2024-01-24,6,0.012211677943919459,2024-01-24,2,0.01117751910404999,2024-01-24,2,0.01974144186045023,2024-01-24
LE.1.1,4,0.004853956581358379,2024-04-26,17,0.002791695227259759,2023-12-12,7,0.001956090812345355,2024-04-04,2,0.0009115687721099171,2024-04-29,0,0.0,,0,0.0,,0,0.0,
LE.1.2,3,0.003640467436018785,2024-05-10,10,0.0021733714579086883,2023-12-12,5,0.0017326027699988134,2023-12-19,2,0.0011862312338237493,2024-02-13,1,0.0009461540503476677,2024-03-18,0,0.0,,0,0.0,
LE.1.3,1,0.0012134891453395948,2024-05-03,3,0.0008133840862287648,2024-05-21,1,0.0006572916448950591,2024-05-21,1,0.0007286113678911496,2024-05-21,1,0.0008870189491239133,2024-05-21,0,0.0,,0,0.0,
LE.1.3.1,5,0.006067445726697975,2024-05-10,1,8.611503324711217e-05,2024-08-11,0,0.0,,0,0.0,,0,0.0,,0,0.0,,0,0.0,
LE.2,0,0.0,,5,0.000745748034424754,2024-01-07,3,0.0006053634739200612,2024-01-07,1,0.00035098724392645096,2024-02-05,0,0.0,,0,0.0,,0,0.0,
LF.1,15,0.018202337180093925,2024-03-07,93,0.047349274124322174,2023-12-18,62,0.046864856245720905,2023-12-18,41,0.04734195076036874,2024-01-17,19,0.04617939630849385,2024-02-08,8,0.04856248943968356,2024-03-13,3,0.056279072635749536,2024-04-25
LF.1.1,0,0.0,,20,0.005506262881017103,2024-04-07,8,0.004706287809688455,2024-04-07,6,0.00480509008023114,2024-04-07,1,0.003024968226678345,2024-04-07,1,0.004295347459941122,2024-04-07,0,0.0,
LF.1.1.1,0,0.0,,30,0.01389863658277231,2024-04-21,19,0.013504908885847967,2024-04-21,11,0.013125899524490928,2024-04-25,7,0.013623110723142592,2024-04-30,4,0.014677931762478275,2024-04-30,1,0.010095729031473438,2024-05-31
LF.10,0,0.0,,123,0.03209516579387763,2023-10-23,53,0.027147728429458024,2023-11-07,24,0.024086612364693307,2023-11-20,13,0.0236150036872309,2023-11-28,6,0.021427543112012126,2023-12-06,2,0.01992828802602255,2024-01-16
LF.2,5,0.006067445726697975,2024-06-27,184,0.024749593297938247,2023-01-03,65,0.014673311697850461,2023-12-27,11,0.005022038174942585,2024-02-28,1,0.001051281226881797,2024-06-11,0,0.0,,0,0.0,
LF.3,1,0.0012134891453395948,2025-04-09,129,0.027775502048097915,2023-12-07,65,0.023162810767384006,2024-01-17,27,0.017651956094218033,2024-01-24,9,0.011786851463774183,2024-05-15,2,0.006355811449141085,2024-05-20,0,0.0,
LF.3.1,3,0.003640467436018785,2024-08-23,68,0.02536089590625798,2023-11-15,39,0.023873393333602395,2023-11-15,20,0.02228685536941999,2023-12-25,9,0.021364521590774864,2024-05-30,5,0.024981113835734065,2024-08-06,2,0.02650469720761633,2024-08-07
LF.3.1.1,10,0.01213489145339595,2024-07-05,29,0.022278313143438935,2024-04-23,17,0.02224226452880633,2024-04-23,10,0.02308855065443092,2024-04-23,7,0.026642105396677367,2024-04-23,4,0.033140187841692426,2024-04-23,3,0.05337109002230567,2024-04-23
LF.3.1.2,7,0.008494424017377164,2024-06-14,20,0.0042781723388483055,2024-05-08,10,0.0035674857833814643,2024-05-08,6,0.003024519861211909,2024-05-29,1,0.0009514430514891111,2024-05-29,0,0.0,,0,0.0,
LF.4,1,0.0012134891453395948,2024-07-28,34,0.01782221481814587,2024-02-06,18,0.017305017212367362,2024-03-19,10,0.01734649507755009,2024-03-20,9,0.020436414293552717,2024-03-20,5,0.02228104063134367,2024-03-26,2,0.023464702934824968,2024-03-26
LF.4.1,6,0.00728093487203757,2024-06-05,22,0.010343349501428388,2024-05-21,14,0.010119633417832171,2024-05-21,9,0.010008856384496246,2024-05-21,3,0.009245486793772217,2024-05-22,3,0.01312826292365928,2024-05-22,1,0.014986509024042301,2024-07-16
LF.5,5,0.006067445726697975,2024-05-20,39,0.009616498987469411,2023-12-28,18,0.008292607550268635,2024-03-24,8,0.0072662348963555765,2024-05-27,4,0.006647190236868138,2024-05-27,2,0.006515092448981196,2024-05-27,0,0.0,
LF.6,1,0.0012134891453395948,2024-05-11,42,0.01845666413156754,2023-12-19,27,0.01798328470997698,2023-12-21,19,0.018081279788272283,2023-12-26,10,0.016895309476253808,2024-01-08,4,0.015099891665205362,2024-04-23,2,0.01682687288935661,2024-06-10
LF.7,63,0.07644981615639448,2024-10-09,238,0.08377132515138068,2024-09-17,187,0.0834553852797858,2024-09-17,104,0.07414458464949347,2024-09-17,43,0.05835640224800751,2024-09-17,11,0.03626546215498886,2024-10-15,2,0.02048522095641434,2024-10-15
LF.7.1,40,0.0485395658135838,2024-08-24,55,0.030198020087863615,2024-09-17,41,0.03057944601148241,2024-09-17,29,0.03116101594852554,2024-10-15,15,0.030388132799740012,2024-11-14,6,0.029708196944939036,2024-11-19,4,0.043159394160953386,2024-11-19
LF.7.1.1,2,0.0024269782906791897,2024-08-29,5,0.0011737720204921995,2024-12-26,2,0.0009728090500533988,2025-08-06,2,0.0010783641297760012,2025-08-06,0,0.0,,0,0.0,,0,0.0,
LF.7.1.10,1,0.0012134891453395948,2025-07-30,45,0.012314508580334532,2024-11-19,35,0.012051205240579545,2024-11-19,16,0.00938181403948909,2024-12-18,5,0.006153789917308242,2025-02-04,1,0.0028028724415415686,2025-08-07,0,0.0,
LF.7.1.11,0,0.0,,1,8.687963872347964e-05,2025-02-04,0,0.0,,0,0.0,,0,0.0,,0,0.0,,0,0.0,
LF.7.1.12,0,0.0,,3,0.00035761350678503007,2024-11-17,1,0.00019749601756728906,2025-02-18,0,0.0,,0,0.0,,0,0.0,,0,0.0,
LF.7.1.13,0,0.0,,12,0.0029911776957549743,2024-11-12,7,0.0027068145337538637,2024-11-12,2,0.001967076875685477,2024-12-10,1,0.0017566969760438645,2025-06-05,1,0.0024944473225829403,2025-06-05,0,0.0,
LF.7.1.14,0,0.0,,26,0.006655060814492132,2024-09-17,16,0.00608170598013102,2024-09-17,8,0.004972389442936243,2024-10-22,5,0.004483639828403995,2024-10-22,0,0.0,,0,0.0,
LF.7.1.15,1,0.0012134891453395948,2024-10-07,0,0.0,,0,0.0,,0,0.0,,0,0.0,,0,0.0,,0,0.0,
LF.7.1.2,9,0.010921402308056355,2024-10-29,27,0.010631665121980353,2024-09-17,20,0.010566420763319734,2024-09-17,11,0.009763182722711301,2024-09-29,6,0.009523852411539878,2024-09-29,2,0.008682977467405385,2024-11-21,1,0.009963465611292046,2024-11-21
LF.7.1.3,0,0.0,,7,0.0011819748686217437,2024-10-23,4,0.0009211955379024632,2024-12-17,0,0.0,,0,0.0,,0,0.0,,0,0.0,
LF.7.1.4,2,0.0024269782906791897,2024-10-04,27,0.0035604115676747005,2024-11-12,11,0.0022208065223143936,2024-11-12,1,0.00033747850994618017,2024-11-27,0,0.0,,0,0.0,,0,0.0,
LF.7.1.5,2,0.0024269782906791897,2025-02-02,9,0.004296802492505673,2024-11-12,6,0.004233149119797461,2024-11-12,3,0.004073457013663501,2024-11-28,3,0.004959068330239158,2024-11-28,2,0.005298376968328539,2024-11-28,0,0.0,
LF.7.1.6,4,0.004853956581358379,2025-02-02,7,0.0008830134649071386,2025-01-09,3,0.0005324841293539626,2025-02-11,0,0.0,,0,0.0,,0,0.0,,0,0.0,
LF.7.1.7,0,0.0,,3,0.000346949572357398,2025-01-26,1,0.00017977206003491904,2025-03-20,0,0.0,,0,0.0,,0,0.0,,0,0.0,
LF.7.1.8,39,0.047326076668244205,2024-11-22,78,0.04844854083289372,2024-10-28,55,0.04905878390736801,2024-10-30,39,0.05081786717163054,2024-10-30,21,0.05183474801438572,2024-11-21,12,0.06170022877693177,2024-11-21,6,0.07704231728100157,2025-01-07
LF.7.1.9,1,0.0012134891453395948,2025-03-16,57,0.014807083480942777,2024-09-17,35,0.013471089372264437,2024-09-17,14,0.009945026963603333,2024-11-21,6,0.007967977673451762,2024-11-21,2,0.006357525358663363,2024-11-21,0,0.0,
LF.7.10,1,0.0012134891453395948,2024-09-30,31,0.00796447048122089,2024-10-27,16,0.006885446348058995,2024-10-27,7,0.005710845268850895,2024-10-27,3,0.005258970022654618,2024-10-27,2,0.006349469970473605,2025-02-13,0,0.0,
LF.7.10.1,2,0.0024269782906791897,2025-06-23,15,0.00515582932570934,2024-12-29,10,0.004985399861969801,2024-12-29,6,0.004545096924162601,2025-02-13,3,0.003777881855321916,2025-02-13,1,0.002165515344037268,2025-02-13,0,0.0,
LF.7.11,3,0.003640467436018785,2025-04-21,59,0.00862641723872093,2024-11-12,16,0.005069267656365768,2024-12-01,5,0.0032883839469610046,2025-02-04,3,0.0031573087806239792,2025-07-01,0,0.0,,0,0.0,
LF.7.11.1,1,0.0012134891453395948,2025-07-28,0,0.0,,0,0.0,,0,0.0,,0,0.0,,0,0.0,,0,0.0,
LF.7.11.2,0,0.0,,5,0.002291348585764053,2025-07-21,4,0.002351255881788708,2025-09-17,2,0.0022854379343574998,2025-09-17,1,0.0023608058348808915,2025-09-17,1,0.003352260449163418,2025-09-17,0,0.0,
LF.7.11.3,0,0.0,,7,0.007815997704534524,2025-06-24,7,0.008272088191226865,2025-06-24,6,0.008962345761779157,2025-06-24,4,0.009833623531469922,2025-06-24,2,0.011224340527294707,2025-06-24,1,0.014880678593128844,2025-07-01
LF.7.12,6,0.00728093487203757,2025-03-05,86,0.024371092852297143,2024-10-20,42,0.02179996766200939,2024-11-26,28,0.020882883389012327,2025-01-14,11,0.016787290285249386,2025-01-14,4,0.013543564817905099,2025-01-14,1,0.01106729710624744,2025-01-14
LF.7.12.1,1,0.0012134891453395948,2025-03-06,2,0.0005375386497075029,2024-12-10,1,0.00048704551618066307,2024-12-10,1,0.000539892607072924,2024-12-10,0,0.0,,0,0.0,,0,0.0,
LF.7.2,2,0.0024269782906791897,2024-09-19,112,0.03145544287552118,2024-10-16,78,0.029891106627056963,2024-10-16,45,0.025842371235572748,2024-10-16,15,0.01588696755863894,2024-10-16,2,0.004990257093740422,2025-03-25,0,0.0,
LF.7.2.1,28,0.03397769606950866,2024-10-11,63,0.020092395054201004,2024-10-16,42,0.019189502669783882,2024-10-16,27,0.017930220812455922,2024-10-16,10,0.01288243976021809,2024-10-16,3,0.008818955639086834,2025-01-07,0,0.0,
LF.7.2.2,19,0.023056293761452303,2024-10-22,39,0.010456541452366413,2024-10-15,21,0.00918046404627235,2024-10-15,11,0.008020084831461225,2024-10-22,4,0.0060808498607974855,2024-10-22,2,0.005437250259261816,2024-10-22,0,0.0,
LF.7.3,18,0.02184280461611271,2024-10-12,71,0.01747242318166206,2024-09-26,35,0.014942646820907951,2024-09-26,17,0.012418408726744509,2024-09-26,6,0.009288997107008529,2024-10-30,2,0.007758258590363415,2024-10-30,0,0.0,
LF.7.3.1,10,0.01213489145339595,2024-09-27,6,0.0012124297102292629,2024-11-05,1,0.0007007775224249139,2025-04-03,1,0.0007768156999514379,2025-04-03,1,0.000945703397173487,2025-04-03,0,0.0,,0,0.0,
LF.7.3.2,0,0.0,,3,0.0003914689282676463,2025-01-13,1,0.00020937831439982334,2025-01-13,0,0.0,,0,0.0,,0,0.0,,0,0.0,
LF.7.3.3,3,0.003640467436018785,2024-11-24,6,0.0008483138108659688,2025-01-22,2,0.0004837307313003518,2025-01-22,1,0.00031625978122561637,2025-01-22,0,0.0,,0,0.0,,0,0.0,
LF.7.3.4,1,0.0012134891453395948,2025-02-19,11,0.0026328050818694676,2024-11-05,6,0.0022159050520848505,2024-12-17,3,0.0018507886518231078,2024-12-17,2,0.0015804453180061902,2025-01-07,0,0.0,,0,0.0,
LF.7.3.5,18,0.02184280461611271,2024-11-04,34,0.017094000971947795,2024-10-31,27,0.017387262214173815,2024-10-31,18,0.017259002989238544,2024-10-31,10,0.01657521411255718,2024-10-31,4,0.013582804035474558,2024-10-31,1,0.007756419565931798,2025-01-21
LF.7.3.6,3,0.003640467436018785,2025-01-04,4,0.0013936498862878914,2024-12-23,3,0.0013714876694764884,2025-01-02,2,0.0013083419788138281,2025-01-02,1,0.0012078602606738326,2025-01-02,0,0.0,,0,0.0,
LF.7.4,6,0.00728093487203757,2024-09-06,23,0.012973691178407527,2024-10-22,13,0.012765413394389266,2024-10-23,7,0.0129720806062003,2024-10-23,5,0.014712554505952729,2024-10-23,3,0.01817230442479517,2024-10-23,2,0.02736941618110938,2024-10-23
LF.7.5,1,0.0012134891453395948,2025-02-20,108,0.01639906667516458,2024-09-17,44,0.01116145286907194,2024-10-30,12,0.005980822232370069,2024-10-30,2,0.0017927536769023489,2025-04-14,0,0.0,,0,0.0,
LF.7.6,0,0.0,,27,0.011854167128142235,2024-10-01,15,0.011348608894800393,2024-10-01,9,0.011129842864232702,2024-10-01,4,0.010940305768000369,2024-12-17,4,0.015534845681060587,2024-12-17,1,0.012976604999657446,2024-12-17
LF.7.6.1,3,0.003640467436018785,2024-12-27,16,0.005598216659496938,2024-11-27,9,0.005241730559300128,2024-11-27,7,0.005412923654623994,2024-11-27,3,0.004541464317037208,2024-12-15,2,0.005122113391615845,2025-01-08,0,0.0,
LF.7.6.2,0,0.0,,15,0.006323567309256434,2025-01-29,12,0.006373156472361957,2025-05-21,6,0.00592313561090337,2025-05-21,4,0.0061301500691294955,2025-05-21,2,0.005892837961590425,2025-05-21,0,0.0,
LF.7.6.3,0,0.0,,6,0.0006135769485739872,2024-12-17,1,0.00015296983085039435,2024-12-17,0,0.0,,0,0.0,,0,0.0,,0,0.0,
LF.7.6.4,0,0.0,,96,0.04629623265934258,2024-10-22,73,0.04661186704561758,2024-11-12,51,0.04705258728382598,2024-11-12,30,0.04638227756689397,2024-11-12,10,0.0369104349114467,2025-05-13,3,0.027839225151219223,2025-05-13
LF.7.6.5,1,0.0012134891453395948,2024-12-26,25,0.0036648861417416354,2024-11-14,7,0.002232354879757666,2025-05-26,3,0.0015803144447820146,2025-05-26,1,0.0008218030104339796,2025-06-10,0,0.0,,0,0.0,
LF.7.7,5,0.006067445726697975,2025-01-28,100,0.023874193228766903,2024-10-27,61,0.0214488934591763,2024-10-27,32,0.017858652019196695,2024-10-27,10,0.01024107682555812,2025-01-23,1,0.0021641308619782355,2025-03-23,0,0.0,
LF.7.7.1,108,0.13105682769667626,2024-11-15,116,0.054292567156291015,2024-09-24,92,0.054929598153897724,2024-09-24,60,0.05358112675292563,2024-11-19,36,0.05188994115398952,2024-11-19,11,0.03717343625557014,2024-12-11,3,0.02844298298656525,2025-01-15
LF.7.7.2,22,0.026696761197471088,2025-01-05,347,0.15178981668925415,2024-10-01,274,0.15309389350511843,2024-10-08,195,0.15217278762698835,2024-10-08,97,0.1318704295834051,2024-11-24,21,0.0732709247980356,2024-11-24,5,0.049307824636682214,2024-12-29
LF.7.8,3,0.003640467436018785,2025-02-10,7,0.00258483665438349,2024-11-17,2,0.0022978100849434676,2024-12-24,2,0.0025471349927352832,2024-12-24,1,0.002576159863665119,2024-12-24,1,0.003658055522436688,2024-12-24,0,0.0,
LF.7.9,6,0.00728093487203757,2025-04-09,242,0.08187595515579763,2024-09-29,189,0.08127680452737093,2024-11-13,103,0.07059759800971036,2024-11-13,38,0.050540481559679565,2024-12-01,10,0.03181862777164534,2025-04-01,2,0.01839561908584512,2025-04-21
LF.7.9.1,19,0.023056293761452303,2025-03-10,54,0.03090220344784206,2025-02-11,47,0.03197903976712896,2025-02-11,29,0.03166352832435533,2025-02-11,17,0.03233296465561689,2025-04-01,6,0.029435844536257357,2025-04-20,2,0.03363423277172506,2025-05-07
LF.7.9.2,2,0.0024269782906791897,2025-05-28,10,0.014471108136900666,2025-03-18,8,0.015125120824294411,2025-04-22,6,0.016383758330488152,2025-05-15,4,0.018752488863983237,2025-05-15,4,0.026627868252994236,2025-05-15,3,0.0413876762920596,2025-05-15
LF.7.9.3,0,0.0,,3,0.0004497590659661363,2024-12-18,2,0.00039574313584361955,2025-06-09,0,0.0,,0,0.0,,0,0.0,,0,0.0,
LF.7.9.4,4,0.004853956581358379,2025-02-24,22,0.002404197451295555,2025-01-12,7,0.0011819080416468352,2025-01-22,0,0.0,,0,0.0,,0,0.0,,0,0.0,
LF.7.9.5,2,0.0024269782906791897,2025-06-12,31,0.008091808892136077,2024-10-29,21,0.007569181112847837,2024-12-04,9,0.0055775314672117035,2024-12-04,3,0.0036333412125894786,2025-07-16,1,0.002471272261764224,2025-09-04,0,0.0,
LF.8,0,0.0,,10,0.0014635923411646114,2024-02-06,4,0.0009426007512762346,2024-05-30,1,0.0004179395530965952,2025-01-15,0,0.0,,0,0.0,,0,0.0,
LF.8.1,5,0.006067445726697975,2024-10-28,4,0.0009134232595796438,2024-11-26,4,0.000966724664565483,2024-11-26,2,0.000675512008324686,2024-11-26,0,0.0,,0,0.0,,0,0.0,
LF.8.1.1,0,0.0,,6,0.0014421354260896314,2024-10-15,3,0.0012051348127095462,2024-10-15,2,0.001161919072170563,2024-12-04,1,0.0009534867442378622,2025-02-19,0,0.0,,0,0.0,
LF.9,39,0.047326076668244205,2024-05-17,187,0.058209296866387115,2023-10-25,114,0.054171254893344505,2023-10-25,56,0.04719689523455146,2023-10-25,23,0.039439788109372875,2023-12-26,7,0.032229358658312855,2024-02-19,3,0.03307093249899896,2024-03-26
LF.9.1,2,0.0024269782906791897,2024-08-09,92,0.027519027986051485,2023-12-04,46,0.02462690032729201,2023-12-27,20,0.022219020021660284,2023-12-27,10,0.021356076503567672,2023-12-27,7,0.025752151442409037,2023-12-27,2,0.01900849773451181,2024-07-08
LG.1,0,0.0,,9,0.010176897499295604,2024-05-22,6,0.010519526782973998,2024-06-12,5,0.011486955576340383,2024-06-12,4,0.013256526458643754,2024-06-12,2,0.015107903523828198,2024-06-12,1,0.022090553863040867,2024-06-12
LH.1,0,0.0,,6,0.002087147848299094,2024-01-25,2,0.0017811735285166216,2024-05-02,2,0.0019744405564005017,2024-05-02,2,0.0024037041756774396,2024-05-02,0,0.0,,0,0.0,
LH.3,0,0.0,,1,7.31992820327289e-05,2024-01-17,0,0.0,,0,0.0,,0,0.0,,0,0.0,,0,0.0,
LJ.1,0,0.0,,11,0.0029661103350841263,2024-01-10,6,0.002704765535506712,2024-03-05,3,0.0023454433675966224,2024-06-06,1,0.001921875130922485,2024-06-06,1,0.0027289944367437815,2024-06-06,0,0.0,
LK.1,1,0.0012134891453395948,2024-04-04,36,0.0059521487717634535,2023-12-19,14,0.004162483955338919,2024-01-01,7,0.0030329098935915877,2024-02-01,1,0.0008767593276789683,2024-04-02,0,0.0,,0,0.0,
LK.2,0,0.0,,88,0.038480058278079106,2024-01-03,69,0.03864679353029591,2024-01-03,42,0.036668111604044526,2024-01-03,20,0.033239084657324634,2024-02-14,8,0.027861333884128196,2024-03-12,2,0.019301955240426754,2024-05-01
LK.2.1,2,0.0024269782906791897,2024-07-22,6,0.0007572986647717395,2024-03-25,2,0.0004111332335419026,2024-06-20,0,0.0,,0,0.0,,0,0.0,,0,0.0,
LL.1,54,0.06552841384833813,2024-03-04,178,0.06641887991018904,2023-11-15,116,0.06422048283840362,2023-12-04,69,0.061050953260725,2023-12-05,33,0.055553315945368366,2023-12-13,10,0.043554808696329196,2024-01-09,3,0.04092480130412512,2024-01-09
LM.1,0,0.0,,2,0.00016638867144179578,2024-02-01,0,0.0,,0,0.0,,0,0.0,,0,0.0,,0,0.0,
LN.1,0,0.0,,21,0.004267796307331805,2023-11-30,11,0.0036765387634864265,2023-12-13,5,0.0028900398921694083,2024-02-08,2,0.002053469358553205,2024-02-08,0,0.0,,0,0.0,
LN.1.1,0,0.0,,9,0.0013468964011374342,2023-12-04,4,0.0009944416338742367,2024-03-11,1,0.0004184835054895159,2024-04-17,0,0.0,,0,0.0,,0,0.0,
LP.1,254,0.3082262429162571,2024-05-14,356,0.1143415837634455,2024-02-23,272,0.11223367447353351,2024-02-23,148,0.09705168968166693,2024-03-27,52,0.06854000589193132,2024-05-07,8,0.03253067972507979,2024-05-07,2,0.025981979784711184,2024-05-07
LP.1.1,14,0.01698884803475433,2024-06-19,256,0.13755779350380218,2024-05-20,174,0.13730559015720448,2024-05-20,115,0.13902754099279765,2024-05-23,66,0.14189900475079456,2024-05-29,28,0.1385958086188742,2024-06-19,12,0.16117958682475855,2024-06-20
LP.1.2,17,0.020629315470773114,2024-07-12,268,0.09272840458064983,2024-05-14,180,0.08908751215869944,2024-05-14,85,0.07804914028721063,2024-05-14,35,0.06961964732954906,2024-06-13,13,0.06628429804667584,2024-06-13,6,0.08247670989654331,2024-07-30
LP.1.2.1,6,0.00728093487203757,2024-08-08,43,0.0295624038600886,2024-06-16,28,0.029864001728054368,2024-06-25,18,0.0311224799641698,2024-06-30,8,0.03295146205755918,2024-07-22,5,0.04316369016351859,2024-09-10,4,0.07126575653984327,2024-09-10
LP.10,0,0.0,,48,0.009265616420212347,2024-04-28,23,0.007360018390222521,2024-04-28,10,0.0054970014876743025,2024-07-16,2,0.002466877840849698,2024-08-06,1,0.0023183031834782502,2025-04-08,0,0.0,
LP.10.1,1,0.0012134891453395948,2024-07-27,24,0.0039840514270374165,2024-08-18,10,0.002814965954630079,2024-10-24,5,0.0021779689826327887,2024-10-24,0,0.0,,0,0.0,,0,0.0,
LP.10.1.1,1,0.0012134891453395948,2024-07-29,1,8.716515679687626e-05,2024-09-17,0,0.0,,0,0.0,,0,0.0,,0,0.0,,0,0.0,
LP.11,7,0.008494424017377164,2024-07-23,48,0.00936316602170329,2024-06-06,21,0.007330572970826956,2024-06-06,9,0.005624615097242285,2024-06-06,2,0.003258148743925174,2024-06-11,1,0.0030171901299292326,2024-06-11,0,0.0,
LP.2,0,0.0,,20,0.0026015716569866283,2024-06-04,5,0.0013674164554400257,2024-06-04,1,0.0005181241747839749,2024-11-05,0,0.0,,0,0.0,,0,0.0,
LP.3,1,0.0012134891453395948,2024-08-08,27,0.00386982710634166,2024-06-02,6,0.0020843480066120154,2024-07-07,2,0.001480270493737753,2024-07-07,1,0.0012507696714727696,2025-06-16,0,0.0,,0,0.0,
LP.4,15,0.018202337180093925,2024-06-13,82,0.016145616521121932,2024-04-28,40,0.013012339032015083,2024-05-28,16,0.009437926393250261,2024-05-28,3,0.004709381304045368,2024-05-28,1,0.0038385819066458432,2024-10-29,0,0.0,
LP.5,16,0.019415826325433518,2024-09-02,237,0.09253743392926196,2024-04-17,169,0.09060005791551241,2024-04-17,102,0.08531282539215218,2024-04-17,51,0.07646864976535582,2024-04-17,17,0.055951813185603515,2024-06-04,4,0.03877563272534205,2024-06-04
LP.6,8,0.009707913162716759,2024-05-20,39,0.01424895321478551,2024-05-23,25,0.013677676842379362,2024-05-28,13,0.012400387107552101,2024-06-12,8,0.012084125970238042,2024-07-01,2,0.008493803746636545,2024-07-23,1,0.008931416563937573,2024-07-23
LP.7,59,0.0715958595750361,2024-07-07,383,0.15818867425327388,2024-05-07,300,0.1587810760029048,2024-05-07,201,0.15375394189882535,2024-05-07,89,0.12468033795014016,2024-05-19,28,0.08492313544157108,2024-06-06,3,0.027406028043602152,2025-05-11
LP.8,0,0.0,,329,0.22629000935698454,2024-11-06,292,0.23570856334092538,2024-11-06,227,0.24654400535414175,2024-11-06,144,0.25439774914427715,2024-11-24,67,0.2403640842521533,2025-01-14,18,0.17285354994804875,2025-02-18
LP.8.1,358,0.43442911403157497,2024-10-18,373,0.24674035868478483,2024-10-31,307,0.25442164429628716,2024-11-07,209,0.25917998897600475,2024-11-24,130,0.27103536523876315,2024-11-26,78,0.3072326513276582,2025-01-12,20,0.2332370286794882,2025-01-12
LP.8.1.1,1018,1.2353319499557076,2024-11-17,485,0.40166689090617314,2024-11-12,414,0.4178813322948145,2024-11-12,324,0.44281532380553545,2024-11-12,229,0.48748913867956245,2024-11-12,111,0.51181763787447,2024-11-19,41,0.5455014613579582,2024-11-19
LP.8.1.10,2,0.0024269782906791897,2024-12-24,23,0.011803866130613946,2025-01-06,14,0.01164893048024652,2025-01-06,5,0.010813709220274366,2025-02-18,3,0.012367921376869836,2025-02-18,2,0.016411197566531092,2025-02-18,1,0.021706316051236546,2025-07-09
LP.8.1.11,8,0.009707913162716759,2024-12-09,62,0.02436103413669052,2024-12-19,34,0.02322670186300965,2024-12-19,13,0.021161377454801514,2025-01-14,6,0.021938229384589357,2025-03-06,6,0.03115150666100587,2025-03-06,3,0.03835766180923233,2025-03-06
LP.8.1.12,22,0.026696761197471088,2024-12-20,99,0.05074236348907241,2024-08-15,59,0.04996450304075123,2024-08-15,36,0.05048290775425641,2024-12-23,20,0.053647910991077324,2025-02-06,12,0.06468223653744823,2025-02-24,8,0.0940246376548898,2025-02-24
LP.8.1.13,34,0.04125863094154623,2025-01-05,55,0.021811078847734592,2024-11-26,34,0.020919475220133703,2025-01-05,21,0.020309866731414366,2025-01-26,10,0.018629469535895418,2025-01-26,4,0.017400605947935983,2025-02-19,2,0.020187777988702894,2025-04-08
LP.8.1.14,55,0.06674190299367772,2024-12-12,317,0.08188106718797578,2024-08-04,182,0.07316147181833253,2024-12-01,83,0.05913726532406249,2024-12-01,31,0.04486846571557595,2024-12-17,6,0.028528405822479116,2024-12-31,2,0.029160182687573866,2024-12-31
LP.8.1.15,0,0.0,,2,0.00027997630670752475,2025-05-04,1,0.00021572638790852742,2025-05-04,0,0.0,,0,0.0,,0,0.0,,0,0.0,
LP.8.1.16,4,0.004853956581358379,2025-02-07,55,0.022325151621556485,2024-11-26,45,0.02269112520110877,2024-11-26,26,0.021023188210740167,2024-11-26,11,0.017464882955329903,2024-11-26,3,0.012397301941314947,2025-02-06,1,0.008379215835534798,2025-05-05
LP.8.1.2,51,0.061887946412319345,2024-12-19,321,0.14649474430636983,2024-10-31,267,0.14944189385312892,2024-11-07,173,0.14413151383302553,2024-12-04,91,0.13060674869376127,2024-12-05,32,0.09718945772212223,2025-01-14,2,0.017805054846998774,2025-03-30
LP.8.1.3,31,0.03761816350552744,2025-01-03,98,0.04646164719081469,2024-10-22,66,0.045883314922521755,2024-10-22,43,0.04572656238342345,2024-10-22,22,0.044317953172151946,2024-12-05,10,0.044035849775513114,2024-12-05,4,0.04733995684110757,2024-12-05
LP.8.1.4,94,0.11406797966192192,2024-12-10,331,0.1461553612941849,2024-12-10,247,0.14576871376410033,2024-12-10,162,0.14172090172012003,2024-12-10,78,0.12789874074933374,2024-12-10,33,0.11006121111855206,2024-12-29,6,0.06120037809553369,2025-02-04
LP.8.1.5,76,0.09222517504580921,2024-12-08,197,0.1312334794091069,2024-10-09,144,0.13363049736599691,2024-10-09,95,0.13755109658511552,2024-11-13,50,0.14294807888412311,2024-11-13,32,0.17630371030164305,2024-12-18,17,0.22678187923744417,2024-12-18
LP.8.1.6,27,0.032764206924169065,2025-01-28,238,0.14834737012650967,2024-10-23,198,0.15290469997937078,2024-10-23,151,0.15888977733918694,2024-11-26,86,0.1569070585889819,2024-12-10,42,0.1577497938521416,2024-12-10,12,0.1213016488303646,2025-01-23
LP.8.1.7,12,0.01456186974407514,2025-01-06,15,0.004641090320967694,2025-01-05,9,0.004338068557057006,2025-01-05,7,0.004322098281988137,2025-01-05,3,0.0029925723850714662,2025-02-11,0,0.0,,0,0.0,
LP.8.1.8,14,0.01698884803475433,2025-01-23,196,0.060898789872469425,2024-10-31,131,0.05789335790917819,2024-10-31,67,0.050156485879140754,2024-12-11,34,0.044561649434745144,2024-12-24,11,0.029362013822840916,2025-01-26,0,0.0,
LP.8.1.9,27,0.032764206924169065,2025-01-14,180,0.0780177558558019,2024-10-31,137,0.07831927267509461,2024-12-05,79,0.07326276126776035,2024-12-05,41,0.06845403899722458,2024-12-05,20,0.06487301426901791,2025-01-14,2,0.017497907578793687,2025-04-16
LP.8.2,2,0.0024269782906791897,2024-10-01,7,0.0010796188916558068,2025-02-25,5,0.000950983660580562,2025-02-25,0,0.0,,0,0.0,,0,0.0,,0,0.0,
LP.8.2.1,1,0.0012134891453395948,2024-10-18,0,0.0,,0,0.0,,0,0.0,,0,0.0,,0,0.0,,0,0.0,
LP.9,0,0.0,,31,0.007032588113845946,2024-05-30,18,0.006178569506472027,2024-05-30,9,0.004847239590306106,2024-05-30,2,0.002085797739376294,2024-05-30,0,0.0,,0,0.0,
LQ.1,0,0.0,,5,0.0008873288950359728,2024-01-16,2,0.0006308612852298805,2024-04-30,1,0.0005303608886449522,2024-04-30,0,0.0,,0,0.0,,0,0.0,
LQ.1.1,9,0.010921402308056355,2024-06-16,10,0.008201749580539479,2024-05-08,7,0.008432922599677865,2024-05-08,6,0.009093643232387923,2024-05-22,5,0.01061139650624773,2024-07-01,1,0.009534840612719647,2024-07-02,1,0.016840186078184553,2024-07-02
LQ.1.1.1,0,0.0,,5,0.0010935392557664915,2024-11-19,3,0.0009255736985369081,2025-01-23,2,0.000831707016986622,2025-01-23,0,0.0,,0,0.0,,0,0.0,
LQ.1.2,0,0.0,,2,0.0011759661374548375,2024-07-23,2,0.0012445878269998999,2024-07-23,2,0.0013796323840931381,2024-07-23,1,0.0009265535230406655,2024-07-23,0,0.0,,0,0.0,
LQ.2,0,0.0,,4,0.0004629292661178552,2023-12-05,1,0.00016304907933658113,2024-04-09,0,0.0,,0,0.0,,0,0.0,,0,0.0,
LQ.3,0,0.0,,1,0.00010894998706056024,2024-06-06,0,0.0,,0,0.0,,0,0.0,,0,0.0,,0,0.0,
LR.1,0,0.0,,345,0.09670938142188157,2023-09-20,215,0.0894139528103217,2023-09-20,116,0.07751817979966422,2023-09-27,40,0.05488631499680447,2023-11-01,11,0.030943967224810562,2023-11-01,0,0.0,
LR.2,3,0.003640467436018785,2024-09-04,131,0.02520093476998773,2023-12-06,69,0.020613724928638742,2023-12-06,29,0.014271330132041906,2023-12-06,5,0.006203700111156512,2024-04-17,0,0.0,,0,0.0,
LR.3,0,0.0,,3,0.00042756748837747427,2024-06-12,2,0.00037948485182217207,2024-06-12,0,0.0,,0,0.0,,0,0.0,,0,0.0,
LS.1,5,0.006067445726697975,2024-06-06,5,0.0035177244958461413,2024-01-23,2,0.0034351657884158825,2024-08-01,2,0.0038078999839259793,2024-08-01,2,0.004635776479698837,2024-08-01,1,0.004478346027980288,2024-08-01,1,0.007909537610212404,2024-08-01
LS.2,0,0.0,,64,0.010998539616149303,2023-12-06,29,0.00816618810936568,2023-12-20,9,0.004988856224069959,2023-12-27,2,0.002476603263717816,2025-07-08,0,0.0,,0,0.0,
LS.2.1,0,0.0,,8,0.000808702252279987,2024-03-18,2,0.0003260980184508699,2024-03-18,0,0.0,,0,0.0,,0,0.0,,0,0.0,
LS.2.1.1,0,0.0,,22,0.003835919085937866,2023-12-06,5,0.002383666862445454,2025-04-15,3,0.0021348987404533897,2025-04-15,1,0.0016648739554578887,2025-05-06,1,0.0023640618941478168,2025-05-06,0,0.0,
LT.1,9,0.010921402308056355,2024-02-27,17,0.0180592396672636,2023-11-27,16,0.019030403301867428,2023-11-27,11,0.020116806377150537,2023-12-06,5,0.02124023782241415,2024-04-03,4,0.02847480843100079,2024-04-03,3,0.0449222168758602,2024-04-09
LU.1,0,0.0,,8,0.006779426988887808,2024-03-05,7,0.007035736671124626,2024-03-05,5,0.007380970458279703,2024-03-05,4,0.008276053569169797,2024-03-05,2,0.008524112551110815,2024-03-05,1,0.009897363561997047,2024-03-05
LU.2,0,0.0,,28,0.01046007604687318,2024-04-28,17,0.009843130621967114,2024-04-28,5,0.008356421189047586,2024-05-14,3,0.0093502672994623,2024-05-14,2,0.012157457655041198,2024-05-14,1,0.01654076604047499,2024-06-23
LU.2.1,0,0.0,,14,0.002692849731441255,2024-05-23,9,0.002296632848687935,2024-05-23,3,0.0013236202095910725,2024-05-23,1,0.0007884632855464738,2024-11-10,0,0.0,,0,0.0,
LU.2.1.1,0,0.0,,29,0.03024099711621357,2024-07-16,21,0.03122863217687858,2024-07-16,17,0.03390069019239641,2024-07-16,13,0.039419410127282714,2024-08-07,7,0.04633654363696542,2024-08-07,5,0.06718315824758314,2024-11-26
LU.2.2,0,0.0,,2,0.0067084041362711734,2024-06-13,1,0.00701111461814176,2024-06-13,1,0.007771858735830256,2024-06-13,1,0.009461540503476676,2024-06-13,1,0.01343505151899238,2024-06-13,1,0.02372863655927377,2024-06-13
LV.1,0,0.0,,4,0.001664376533590741,2023-10-30,2,0.0015117333088510018,2023-10-30,1,0.0015104058759859349,2023-10-30,1,0.0018387835983747374,2023-10-30,1,0.0026110074112524447,2023-10-30,0,0.0,
LW.1,7,0.008494424017377164,2024-07-08,44,0.018927285161839013,2024-04-08,22,0.0178994584914907,2024-06-11,12,0.017669079364259162,2024-06-11,6,0.01773716745178517,2024-06-26,4,0.02234544249125357,2024-08-08,1,0.0205210231978277,2024-11-04
LW.1.1,0,0.0,,3,0.0003070210290890026,2024-06-26,0,0.0,,0,0.0,,0,0.0,,0,0.0,,0,0.0,
LW.1.2,0,0.0,,2,0.00014676132438330464,2024-06-17,0,0.0,,0,0.0,,0,0.0,,0,0.0,,0,0.0,
LY.1,0,0.0,,40,0.019091511249172678,2023-12-12,22,0.018577022353637233,2024-05-28,14,0.0190314167979517,2024-05-28,8,0.019917721667765138,2024-05-28,3,0.022350923186170223,2024-05-28,3,0.03947561587680871,2024-05-28
LY.2,0,0.0,,57,0.008150958167628971,2023-12-21,20,0.0051961857277403635,2024-05-17,7,0.0030466683373930412,2024-07-17,1,0.0009010991406241622,2024-09-03,0,0.0,,0,0.0,
LZ.1,0,0.0,,9,0.0012110858541650115,2024-06-25,3,0.000735600536843739,2024-06-25,1,0.00035061030877776313,2024-08-08,0,0.0,,0,0.0,,0,0.0,
LZ.1.1,0,0.0,,13,0.004752842956086536,2024-07-02,10,0.004707944325739284,2024-07-02,6,0.004231172431049927,2024-07-17,1,0.0022924461101278674,2024-07-17,1,0.0032551920675881825,2024-07-17,0,0.0,
LZ.2,0,0.0,,10,0.001236615807111156,2024-06-06,3,0.0005121705465262358,2024-07-23,0,0.0,,0,0.0,,0,0.0,,0,0.0,
LZ.2.1,5,0.006067445726697975,2024-05-29,3,0.00260958047206815,2024-04-16,3,0.0027618585141763103,2024-04-16,3,0.003061535203687398,2024-04-16,3,0.003727144344372023,2024-04-16,0,0.0,,0,0.0,
LZ.2.1.1,0,0.0,,2,0.0009692909321022713,2024-07-02,1,0.0009474466934780019,2024-07-02,1,0.001050249819392072,2024-07-02,1,0.0012785848974757007,2024-07-02,0,0.0,,0,0.0,
LZ.2.1.2,1,0.0012134891453395948,2024-07-18,0,0.0,,0,0.0,,0,0.0,,0,0.0,,0,0.0,,0,0.0,
LZ.2.2,0,0.0,,3,0.0004976020907344948,2024-03-27,1,0.00030047604030116316,2024-05-08,1,0.00033307932702735085,2024-05-08,0,0.0,,0,0.0,,0,0.0,
LZ.3,3,0.003640467436018785,2024-03-28,16,0.002115747352393476,2023-12-21,8,0.0015057409091868762,2024-04-09,0,0.0,,0,0.0,,0,0.0,,0,0.0,
LZ.4,2,0.0024269782906791897,2024-05-08,3,0.0033642513768822506,2024-04-09,2,0.0034467500427659997,2024-04-09,2,0.0038207411929594296,2024-04-09,2,0.004651409499226517,2024-04-09,1,0.00523457122165454,2024-04-09,1,0.009245162765969794,2024-04-09
LZ.5,8,0.009707913162716759,2024-03-19,19,0.00628937290958784,2023-12-13,13,0.006049359852284491,2023-12-13,6,0.004953701231420065,2024-03-31,2,0.004034174361402801,2024-04-21,1,0.003959690432007103,2024-04-25,0,0.0,
MA.1,45,0.054607011540281775,2024-06-05,66,0.01973516047163403,2023-12-26,41,0.018214079175089378,2024-03-12,16,0.014860857248619685,2024-03-12,9,0.014086614277788791,2024-03-12,6,0.015716417446628436,2024-03-12,0,0.0,
MA.1.1,1,0.0012134891453395948,2024-06-26,3,0.0006978372405173967,2024-04-24,1,0.0005291427723492487,2024-12-04,1,0.0005865576447919937,2024-12-04,0,0.0,,0,0.0,,0,0.0,
MA.1.2,55,0.06674190299367772,2024-06-07,92,0.035554769011786086,2024-02-15,54,0.03398385102528921,2024-05-21,25,0.03148293628534281,2024-05-21,16,0.03305696334340482,2024-05-21,8,0.034894192259971,2024-06-11,3,0.035430523542066904,2024-06-25
MB.1,27,0.032764206924169065,2024-06-27,55,0.016402047987316586,2023-12-05,39,0.015607350546066167,2024-06-24,25,0.014280199454949821,2024-08-06,8,0.008754157321582317,2024-10-22,0,0.0,,0,0.0,
MB.1.1,2,0.0024269782906791897,2024-07-10,31,0.011591011413214378,2024-08-07,19,0.011049009734604522,2024-08-07,11,0.010375194448360535,2024-08-07,5,0.009236551882613164,2024-08-20,2,0.009197183239964964,2024-08-20,1,0.012333250239339491,2024-12-10
MB.1.1.1,15,0.018202337180093925,2024-07-20,47,0.0164092500647884,2024-07-02,35,0.01623008980556666,2024-07-02,20,0.014406343172875098,2024-07-02,7,0.010735090158327238,2024-07-02,2,0.006154104437511208,2024-07-02,0,0.0,
MB.1.1.2,7,0.008494424017377164,2024-06-19,19,0.007038854274997358,2024-06-11,10,0.0064945985126640534,2024-06-24,6,0.0064417338690702305,2024-06-24,3,0.006321936441289019,2024-06-24,3,0.008976925243548177,2024-06-24,0,0.0,
MB.1.1.3,1,0.0012134891453395948,2024-09-17,4,0.0014528953502361385,2024-08-06,1,0.0012372584077780943,2024-09-25,1,0.001371507682970701,2024-09-25,1,0.0016696875141890325,2024-09-25,1,0.0023708969766081042,2024-09-25,0,0.0,
MC.1,350,0.42472120086885823,2024-07-29,551,0.35566556860617765,2024-05-22,456,0.3666111139725978,2024-05-22,325,0.37661287457594045,2024-05-22,201,0.39095574919394366,2024-05-22,94,0.39265798805455554,2024-07-30,27,0.3382543859969242,2024-08-21
MC.1.1,18,0.02184280461611271,2024-07-22,40,0.03775900616584781,2024-09-06,33,0.039278642891908924,2024-09-06,25,0.04173078952778406,2024-09-06,17,0.04550383947808347,2024-09-19,10,0.05630513085746027,2024-09-19,7,0.08641729680743714,2024-11-14
MC.1.1.1,0,0.0,,1,0.00033122746333714444,2024-10-30,1,0.00035055573090708795,2024-10-30,1,0.00038859293679151274,2024-10-30,0,0.0,,0,0.0,,0,0.0,
MC.1.2,31,0.03761816350552744,2024-10-30,177,0.1103862445240855,2024-08-15,136,0.1126227502497087,2024-08-15,82,0.1129848432590732,2024-08-20,51,0.12012300095275433,2024-08-28,25,0.12994718121944002,2024-11-13,11,0.15293445487040197,2024-11-13
MC.1.3,17,0.020629315470773114,2024-10-22,146,0.0983393342801536,2024-07-18,112,0.10064601475493526,2024-08-07,76,0.10350018242540532,2024-08-07,51,0.11312321912363794,2024-08-07,25,0.12437252329901514,2024-10-01,12,0.14870732972401388,2024-10-17
MC.1.3.1,6,0.00728093487203757,2024-10-10,53,0.03810898805938657,2024-08-18,39,0.03903895356590278,2024-08-18,25,0.040240682192444366,2024-09-23,14,0.04304651580621878,2024-10-08,7,0.051686272462261394,2024-10-24,6,0.08568435030863505,2024-10-24
MC.1.4,17,0.020629315470773114,2024-09-13,57,0.00958707479323681,2024-07-04,15,0.006042243500835932,2024-08-06,8,0.005156331852531189,2024-10-15,4,0.0038464286347306945,2024-10-15,0,0.0,,0,0.0,
MC.1.4.1,1,0.0012134891453395948,2025-03-23,3,0.0010548695093497626,2024-11-24,2,0.0010197197869630697,2024-11-24,1,0.0008635388405596608,2024-11-24,1,0.001051281037650987,2024-11-24,0,0.0,,0,0.0,
MC.1.5,26,0.031550717778829465,2024-08-28,55,0.01817083331320004,2024-08-07,36,0.017452642119988617,2024-08-07,16,0.015109558360256585,2024-08-25,9,0.01519785404376436,2024-09-16,3,0.013357235431893346,2024-09-16,2,0.017564885926636818,2024-09-16
MC.1.6,8,0.009707913162716759,2024-09-12,95,0.04134908365755786,2024-07-18,67,0.0410122413804058,2024-07-18,38,0.03900883722023273,2024-08-26,14,0.03470088197357101,2024-10-08,5,0.03529377460653753,2024-10-08,3,0.0511118803660517,2024-10-22
MC.1.7,7,0.008494424017377164,2024-08-11,4,0.001235539781573759,2024-09-19,3,0.0011969360152750915,2024-09-19,1,0.0009651327333916086,2024-09-29,1,0.0011749624843432442,2024-09-29,0,0.0,,0,0.0,
MC.10,90,0.10921402308056355,2024-06-25,528,0.24025629782423363,2024-06-25,398,0.24117516369304098,2024-07-02,264,0.23661114624573099,2024-07-02,133,0.21896681792238162,2024-07-03,47,0.17532802784062254,2024-07-03,9,0.11015695626753814,2024-08-08
MC.10.1,70,0.08494424017377164,2024-09-12,188,0.10269761166241773,2024-08-06,141,0.10400612312591777,2024-08-06,93,0.1047219288775314,2024-08-06,51,0.10530458231087765,2024-08-21,22,0.1049829717685787,2024-09-16,10,0.11773902018489606,2024-11-05
MC.10.1.1,17,0.020629315470773114,2024-08-31,68,0.02640456336904317,2024-08-21,37,0.024933567251912137,2024-08-21,21,0.024461678536792278,2024-08-21,8,0.02277213853071294,2024-08-21,5,0.027609199212724873,2024-10-29,3,0.03990357014217801,2024-11-19
MC.10.1.2,2,0.0024269782906791897,2024-12-30,9,0.0038737532779555806,2024-10-21,7,0.0038866659350386135,2024-11-13,4,0.0035393416955004425,2024-11-13,2,0.0031557131864334725,2024-11-13,1,0.002798964588106239,2024-11-13,0,0.0,
MC.10.1.3,2,0.0024269782906791897,2025-01-31,197,0.05241712307620189,2024-07-16,127,0.04820238109443106,2024-07-16,55,0.037931058311419553,2024-09-08,19,0.027690386274450113,2024-10-06,7,0.021871282442406135,2024-11-13,1,0.007909537372926038,2024-12-08
MC.10.1.4,1,0.0012134891453395948,2024-12-18,42,0.01443816571079799,2024-08-07,23,0.01325610707395033,2024-08-13,12,0.012371320511317273,2024-08-29,5,0.011684360745501346,2024-11-12,2,0.012979622618972725,2024-11-12,1,0.015560206236163217,2024-12-31
MC.10.1.5,7,0.008494424017377164,2024-10-19,61,0.021313044505160448,2024-08-06,38,0.020180156899541408,2024-08-06,20,0.018347113729336565,2024-08-06,7,0.015253745634288118,2024-12-03,3,0.0163473016706614,2024-12-03,2,0.02130117592077353,2024-12-03
MC.10.1.6,15,0.018202337180093925,2024-12-26,133,0.056801411221197966,2024-08-21,89,0.05581067188728641,2024-08-21,54,0.05416851046858265,2024-08-21,25,0.05043771040134621,2024-08-21,12,0.05018358344594453,2024-08-29,3,0.04168493488826497,2025-02-04
MC.10.1.7,5,0.006067445726697975,2025-01-12,55,0.033259129109252515,2024-08-20,29,0.03268298498124948,2024-10-02,21,0.03442713795016787,2024-10-21,17,0.03971128919027447,2024-10-21,13,0.049909115822751704,2024-10-21,2,0.030531626220217472,2025-01-06
MC.10.1.8,0,0.0,,17,0.006578200674043615,2024-07-17,9,0.006021744684359994,2024-10-21,5,0.005967878978831418,2024-12-17,2,0.005742890162476245,2025-04-01,1,0.0061471675173604065,2025-04-01,1,0.010856966471786036,2025-04-01
MC.10.2,14,0.01698884803475433,2024-12-17,14,0.005832722788737959,2024-12-19,9,0.00567957431664735,2025-01-09,4,0.005189951514487819,2025-01-09,2,0.005332881779375082,2025-01-23,1,0.005940102472834241,2025-01-23,1,0.010491253606543542,2025-01-23
MC.10.2.2,10,0.01213489145339595,2024-10-11,35,0.010804353607283834,2024-09-24,22,0.010118150777423875,2024-09-24,10,0.008318531512464318,2024-11-26,5,0.007281974829248514,2024-11-26,1,0.004014809880472012,2025-02-20,0,0.0,
MC.11,66,0.08009028359241327,2024-06-25,226,0.11068648817555618,2024-06-13,167,0.11127244070360351,2024-07-02,105,0.10932056776861544,2024-07-02,50,0.10399451110968365,2024-07-02,22,0.1047972699338234,2024-07-02,7,0.10496601068349903,2024-07-16
MC.11.1,2,0.0024269782906791897,2024-08-10,16,0.007457262992786098,2024-08-07,9,0.007134519770536935,2024-08-11,5,0.0072726135716944225,2024-08-28,2,0.007376922145124142,2024-08-28,1,0.008968071275896132,2024-12-12,1,0.015839172901017783,2024-12-12
MC.11.2,27,0.032764206924169065,2024-06-08,86,0.03756607743018768,2024-07-02,50,0.03629814487170025,2024-07-02,31,0.036277935073317,2024-07-02,18,0.03704310600521091,2024-07-02,10,0.040915741776927785,2024-07-02,3,0.03424136814119894,2024-07-02
MC.11.3,8,0.009707913162716759,2024-08-01,118,0.02194418306759507,2024-04-10,48,0.016318984428921542,2024-06-23,17,0.011880427919202016,2024-06-23,5,0.008606223675809929,2024-08-22,2,0.008071859294218707,2024-11-04,1,0.008898238472441299,2024-11-04
MC.11.3.1,3,0.003640467436018785,2025-01-03,2,0.000623266080577018,2024-12-30,1,0.0005858347152626891,2025-01-07,1,0.0006494009722485043,2025-01-07,1,0.000790587401389504,2025-01-07,0,0.0,,0,0.0,
MC.12,0,0.0,,118,0.03280714081621265,2024-06-18,60,0.029242060123063976,2024-06-18,27,0.02512632191154926,2024-06-18,15,0.024757519899956382,2024-06-18,6,0.02248717798556245,2024-09-11,2,0.02069158155269301,2024-09-11
MC.13,238,0.28881041659082357,2024-06-14,461,0.20373637153284221,2024-06-30,333,0.2028300738492159,2024-07-02,210,0.19702435350711084,2024-07-02,104,0.18238271215699894,2024-07-02,41,0.16589980725935555,2024-07-02,14,0.16449734519510364,2024-07-02
MC.13.1,93,0.11285449051658233,2024-05-30,72,0.037189158595684016,2024-07-08,41,0.03612249780095091,2024-07-17,28,0.03706580414391831,2024-07-17,16,0.038943312126841524,2024-07-17,10,0.047327287328140774,2024-07-17,5,0.05704077278447503,2024-08-11
MC.13.2,18,0.02184280461611271,2024-12-11,251,0.1033757533230192,2024-07-01,171,0.10156874320293781,2024-07-15,108,0.09831007461883834,2024-07-16,54,0.08985868679204387,2024-07-30,23,0.08094179899195868,2024-08-06,4,0.04988115452950919,2024-11-12
MC.13.2.1,3,0.003640467436018785,2025-01-10,40,0.01994804731809755,2024-07-24,17,0.01901819484798286,2024-08-13,10,0.01937919682893363,2024-08-13,9,0.023138278102808114,2024-08-13,5,0.027499879810721016,2024-09-24,2,0.030214520280534826,2024-09-24
MC.13.2.2,24,0.02912373948815028,2025-01-03,23,0.016630536574740173,2024-07-30,14,0.01666492684640989,2025-01-08,7,0.016692175529063442,2025-01-29,6,0.019924185319160088,2025-01-29,4,0.025536124949818672,2025-03-13,4,0.045101235913377086,2025-03-13
MC.13.2.3,0,0.0,,22,0.0035793419459048373,2024-06-23,11,0.0027215028889900172,2024-07-26,2,0.0012081376943238464,2024-10-22,1,0.0010736482140166108,2024-10-22,0,0.0,,0,0.0,
MC.13.2.4,0,0.0,,13,0.0020028709949825173,2024-07-16,5,0.0013729447894275766,2024-08-06,1,0.0005551329888981249,2024-08-12,0,0.0,,0,0.0,,0,0.0,
MC.13.3,0,0.0,,5,0.002041995847933871,2024-07-16,3,0.001988294334120549,2024-07-16,2,0.002048152595143309,2024-08-20,2,0.002493441967351854,2024-08-20,0,0.0,,0,0.0,
MC.13.3.1,1,0.0012134891453395948,2025-02-19,2,0.0004998896800872864,2024-08-20,1,0.00044295857579459486,2024-08-20,1,0.0004910219935632128,2024-08-20,0,0.0,,0,0.0,,0,0.0,
MC.13.4,8,0.009707913162716759,2024-12-03,31,0.02651957866092137,2024-08-19,25,0.027409153472781028,2024-08-19,17,0.028633886730517925,2024-10-15,10,0.0315512849161498,2024-10-15,5,0.03755507071681245,2024-10-15,3,0.054100815833267556,2024-10-15
MC.14,7,0.008494424017377164,2024-08-04,52,0.026706739136552977,2024-06-18,43,0.02727441464327219,2024-06-18,27,0.026564435511946247,2024-07-23,15,0.025960399511093777,2024-08-20,4,0.020132791343766034,2024-09-08,2,0.02588405098977196,2024-09-08
MC.15,7,0.008494424017377164,2024-08-23,317,0.10376310118543348,2024-06-25,218,0.10030741669034285,2024-06-26,111,0.08754437426837706,2024-07-18,55,0.0764067228473757,2024-08-13,17,0.05078121430526181,2024-08-20,2,0.016562327777943673,2024-08-26
MC.16,250,0.3033722863348987,2024-06-03,596,0.353834980342856,2024-06-11,452,0.35991474630822906,2024-06-18,310,0.36772949416309797,2024-06-18,178,0.37828228676267206,2024-06-18,88,0.4000851896442746,2024-06-25,34,0.42079787349704534,2024-07-21
MC.17,20,0.0242697829067919,2024-08-12,52,0.019965728571317946,2024-07-07,34,0.01935382426642365,2024-07-07,21,0.01851680783487394,2024-08-27,11,0.017048983627880467,2024-10-20,3,0.011766189455756674,2024-10-20,2,0.016654417667284753,2024-10-20
MC.17.1,0,0.0,,24,0.003102685885005872,2024-06-18,6,0.0016275357487765569,2024-10-24,4,0.0014200618263926887,2025-01-06,0,0.0,,0,0.0,,0,0.0,
MC.18,2,0.0024269782906791897,2024-10-04,34,0.004924319877574624,2024-05-28,10,0.002685952751874145,2024-07-23,2,0.0013214988807491277,2024-08-21,1,0.0009176606211214477,2024-10-28,0,0.0,,0,0.0,
MC.18.1,0,0.0,,2,0.0002967545013718824,2024-10-03,1,0.00020620823892523053,2024-11-27,0,0.0,,0,0.0,,0,0.0,,0,0.0,
MC.18.2,1,0.0012134891453395948,2024-12-29,21,0.0033515544345301476,2024-07-18,8,0.002237064736224695,2024-07-18,2,0.001371604831204899,2024-10-28,1,0.0010035004473392397,2024-12-03,0,0.0,,0,0.0,
MC.19,73,0.08858470760979043,2024-07-18,764,0.3883171400310564,2024-06-11,643,0.39871100698662326,2024-06-18,470,0.40301026502039944,2024-06-18,251,0.3713504954689983,2024-06-18,87,0.2802080915481327,2024-07-02,9,0.1002309147499683,2024-07-23
MC.19.1,3,0.003640467436018785,2025-03-11,716,0.3339923773003471,2024-06-11,591,0.3407215857997266,2024-06-18,419,0.33907676627088396,2024-06-18,219,0.3037140713313038,2024-06-18,68,0.2070722297260692,2024-07-14,4,0.03722104872829757,2024-11-05
MC.19.1.1,2,0.0024269782906791897,2025-01-30,57,0.009562578601203742,2024-07-02,26,0.0070902980064167604,2024-08-20,9,0.004084153655997385,2024-08-29,0,0.0,,0,0.0,,0,0.0,
MC.2,132,0.16018056718482654,2024-06-24,376,0.23102454411250808,2024-07-02,291,0.23603951375180346,2024-07-02,193,0.23945247158331412,2024-07-02,117,0.25260361881323157,2024-07-18,60,0.2746905972192615,2024-07-30,21,0.2745526062212216,2024-07-31
MC.2.1,26,0.031550717778829465,2024-07-19,105,0.05300933466097176,2024-06-04,68,0.05238574029298977,2024-06-04,46,0.05311948036470058,2024-06-04,27,0.05460422929054165,2024-08-08,12,0.05418311606063328,2024-08-08,5,0.055900032344497155,2024-09-24
MC.20,4,0.004853956581358379,2024-10-14,24,0.015520676681927182,2024-08-20,16,0.015725415472678996,2024-09-23,10,0.01604504300694275,2024-10-22,6,0.01725885157163456,2024-10-22,4,0.022225346431374776,2024-10-30,2,0.027752143902483078,2024-11-13
MC.21,9,0.010921402308056355,2024-08-28,191,0.059742106406774735,2024-06-19,126,0.05651080109194257,2024-06-19,70,0.05078319069232301,2024-06-19,28,0.03901589302327477,2024-06-19,8,0.0259409132444983,2024-08-14,1,0.010677881468659521,2024-10-20
MC.21.1,25,0.030337228633489872,2024-11-01,50,0.012582083797060205,2024-07-22,28,0.011229063571335943,2024-08-26,17,0.010148428086789528,2024-11-10,5,0.005667049008416312,2025-01-09,1,0.0025590548731315925,2025-02-18,0,0.0,
MC.21.2,0,0.0,,2,0.0007412551988665563,2024-09-11,2,0.0007845100023087496,2024-09-11,1,0.0006267631021227781,2024-12-24,1,0.0007630278262109773,2024-12-24,0,0.0,,0,0.0,
MC.22,10,0.01213489145339595,2024-08-29,346,0.10350016076835682,2024-02-20,231,0.09744152241979345,2024-05-29,111,0.08114534272169366,2024-06-11,46,0.063883014840731,2024-06-27,17,0.048170882542750246,2024-06-27,0,0.0,
MC.23,44,0.053393522394942175,2024-08-14,792,0.2499011486901458,2024-06-20,466,0.23301832595668576,2024-06-26,262,0.21351231163466508,2024-06-26,124,0.1848221012896085,2024-06-26,35,0.13478239042937296,2024-06-26,11,0.1144341839554484,2024-06-26
MC.24,233,0.28274297086412564,2024-07-05,478,0.37302817716460884,2024-06-19,399,0.3865693353009026,2024-06-19,287,0.4035521738807842,2024-06-19,189,0.43781075408747444,2024-07-23,106,0.49100127702084023,2024-07-25,39,0.5031053234697158,2024-07-29
MC.24.1,0,0.0,,30,0.007441499480332929,2024-07-30,17,0.0065445336340865514,2024-07-30,11,0.006015427987763101,2024-07-30,2,0.0018310701720946833,2024-07-30,0,0.0,,0,0.0,
MC.24.2,2,0.0024269782906791897,2024-07-22,388,0.1117513591644069,2024-06-16,257,0.10495894671330755,2024-06-16,147,0.09147976289038254,2024-06-16,51,0.06113151938537975,2024-06-27,12,0.03220147085012231,2024-08-13,0,0.0,
MC.25,26,0.031550717778829465,2024-08-15,68,0.047945932901505804,2024-07-29,55,0.04944431970166136,2024-07-29,39,0.051197970751687735,2024-07-29,23,0.053238487331179266,2024-08-13,11,0.057604692374150154,2024-09-04,4,0.05938385415408413,2024-10-23
MC.26,57,0.06916888128435691,2024-07-20,200,0.11789398426369192,2024-07-01,138,0.1185245996157625,2024-07-08,95,0.12192609596308757,2024-07-08,57,0.12868037289725212,2024-07-17,30,0.1400375923817895,2024-07-17,13,0.15959229005478073,2024-07-17
MC.26.1,1,0.0012134891453395948,2025-01-06,42,0.027399317412389487,2024-07-30,31,0.027809097598392698,2024-07-30,21,0.028632685667468884,2024-08-15,11,0.02992924666609032,2024-09-04,7,0.03737783632327699,2024-10-16,3,0.04560729298598123,2024-11-26
MC.27,25,0.030337228633489872,2024-07-26,136,0.06677720085259026,2024-06-18,111,0.06813605644034654,2024-06-18,74,0.06761091792974863,2024-07-22,33,0.061303572579434404,2024-07-26,16,0.06012328315606532,2024-08-21,2,0.03682676207619676,2024-08-21
MC.28,122,0.14804567573143057,2024-06-17,497,0.2315003713760483,2024-06-06,344,0.2293821828518501,2024-06-27,202,0.22329731796986238,2024-06-27,110,0.22267184828121195,2024-06-27,53,0.23093924110848768,2024-06-27,17,0.20997795834637223,2024-08-18
MC.28.1,0,0.0,,38,0.012609517314238147,2024-12-08,23,0.011791092818135339,2024-12-08,9,0.009996221207437886,2025-01-16,6,0.010136126295985192,2025-02-04,3,0.009556796845664559,2025-02-11,1,0.007683568855112979,2025-05-07
MC.28.1.1,55,0.06674190299367772,2024-12-25,55,0.04225630892259805,2024-12-03,36,0.042705917039821774,2024-12-31,28,0.04539331432934294,2024-12-31,20,0.05107029774017545,2024-12-31,14,0.06298396393728281,2024-12-31,4,0.05715338604614897,2025-02-19
MC.29,5,0.006067445726697975,2024-09-02,51,0.028128299971284472,2024-06-05,42,0.02897107212973525,2024-06-05,28,0.029312888303414997,2024-08-06,19,0.03084963363010785,2024-08-20,7,0.026830210876911478,2024-09-05,2,0.015972172383505245,2024-09-05
MC.3,15,0.018202337180093925,2024-06-30,57,0.02535130210151889,2024-06-27,33,0.024427986942793512,2024-07-31,21,0.024641860143944955,2024-08-08,12,0.02524186798525498,2024-08-08,8,0.02982547970502975,2024-08-08,2,0.017091926268164644,2024-10-02
MC.30,31,0.03761816350552744,2024-07-15,149,0.06155953447301403,2024-06-11,108,0.06105059217679211,2024-06-11,70,0.059374424137416455,2024-06-11,33,0.05217008847444939,2024-06-12,15,0.048973604703175036,2024-06-12,3,0.029007363149541172,2024-09-04
MC.30.1,8,0.009707913162716759,2024-08-22,15,0.0036440765776210014,2024-08-14,10,0.003416390794691107,2024-08-14,6,0.0027515288154378054,2024-08-21,0,0.0,,0,0.0,,0,0.0,
MC.30.1.1,9,0.010921402308056355,2024-12-02,5,0.002526349966308256,2024-08-14,4,0.0025566328829648125,2024-08-14,2,0.0023505654110964713,2024-09-05,2,0.0028616024298831664,2024-09-05,1,0.0027782815949937813,2025-01-16,0,0.0,
MC.31,14,0.01698884803475433,2025-02-05,27,0.026504916281047317,2024-08-07,23,0.027678770232312737,2024-11-14,13,0.02830545598535623,2024-11-19,7,0.03132849686037659,2025-04-01,4,0.03895230156493201,2025-04-29,4,0.06879653611114872,2025-04-29
MC.32,6,0.00728093487203757,2024-09-20,94,0.028376590727621703,2024-05-28,69,0.027392558094368746,2024-05-28,27,0.020906171141965545,2024-05-28,12,0.017960242854543475,2024-05-28,5,0.014783822673685004,2024-05-28,0,0.0,
MC.32.1,0,0.0,,2,0.0008235166655597115,2025-01-08,2,0.00087157170996901,2025-01-08,1,0.0006758136341622236,2025-01-08,1,0.0008227424467905697,2025-01-08,0,0.0,,0,0.0,
MC.32.1.1,1,0.0012134891453395948,2025-03-27,1,6.973199294651567e-05,2025-01-02,0,0.0,,0,0.0,,0,0.0,,0,0.0,,0,0.0,
MC.33,5,0.006067445726697975,2024-08-29,129,0.0529891712553866,2024-06-18,100,0.05327847827754637,2024-06-18,58,0.0499411196685564,2024-07-16,31,0.046899986760161605,2024-07-16,11,0.0344721792887904,2024-09-11,1,0.007909537610212404,2024-09-19
MC.33.1,36,0.04368560923222542,2024-12-13,104,0.05635354737253153,2024-07-30,83,0.057510747853014986,2024-07-30,57,0.05760140824280704,2024-07-30,33,0.05707998186715281,2024-12-05,14,0.05282453651222868,2024-12-05,3,0.03627837714983908,2025-01-22
MC.33.1.1,2,0.0024269782906791897,2025-03-03,83,0.03752578261559033,2024-12-01,57,0.037042756233273515,2024-12-01,33,0.03589589303625392,2024-12-01,21,0.03683974022132162,2024-12-10,8,0.03235538951784965,2025-01-16,3,0.030308273310012342,2025-02-20
MC.33.2,0,0.0,,15,0.005768616098046791,2024-07-15,10,0.0056805571346945204,2024-07-16,5,0.005328904732262903,2024-07-16,3,0.00508382763562557,2024-08-13,1,0.004222447929945463,2024-08-13,0,0.0,
MC.34,141,0.1711019694928829,2024-06-26,0,0.0,,0,0.0,,0,0.0,,0,0.0,,0,0.0,,0,0.0,
MC.35,45,0.054607011540281775,2024-07-15,220,0.12992661224438673,2024-06-20,165,0.13194300459822927,2024-06-20,115,0.13552450786693923,2024-06-20,66,0.13819010821728378,2024-07-23,29,0.1407951837858527,2024-07-23,12,0.1547984560170248,2024-07-23
MC.36,4,0.004853956581358379,2024-10-12,255,0.05394785992761492,2024-06-04,92,0.04138327251066601,2024-06-27,35,0.03356875021985972,2024-06-27,13,0.029795240881016084,2024-10-22,7,0.03259584818902936,2024-11-01,3,0.03687062564730841,2024-11-20
MC.36.1,0,0.0,,83,0.01147512817289124,2024-05-22,31,0.007425746608211553,2024-05-22,7,0.0034374082501603264,2024-07-24,1,0.0008760680675297844,2024-10-30,0,0.0,,0,0.0,
MC.36.2,12,0.01456186974407514,2024-08-10,33,0.012904370901197941,2024-07-17,23,0.012752692287803815,2024-07-17,15,0.012262915905519357,2024-07-17,7,0.010731629316041876,2024-07-17,2,0.006200786807972706,2024-07-17,0,0.0,
MC.37,1,0.0012134891453395948,2024-11-14,69,0.017458653989765635,2024-07-02,34,0.015184970152564984,2024-07-02,20,0.01411276765977186,2024-07-02,9,0.011224747397848556,2024-07-02,2,0.005242280791618198,2024-09-10,0,0.0,
MC.38,0,0.0,,2,0.0003893545708781799,2024-12-30,1,0.00029213000945972726,2024-12-30,1,0.0003238277063882185,2024-12-30,0,0.0,,0,0.0,,0,0.0,
MC.39,1,0.0012134891453395948,2024-10-02,18,0.0023275549935359435,2024-07-02,5,0.001362852570379346,2024-08-22,2,0.000844733196257985,2024-10-08,0,0.0,,0,0.0,,0,0.0,
MC.4,8,0.009707913162716759,2024-08-08,97,0.028915160885895526,2024-06-30,52,0.02586735671478088,2024-07-10,29,0.023962633264863132,2024-07-28,15,0.021689798661743625,2024-08-01,4,0.013200780360789739,2024-09-03,1,0.009285110400190064,2024-10-30
MC.40,16,0.019415826325433518,2024-07-22,192,0.03309000310780823,2024-06-18,58,0.022300645168786697,2024-06-23,24,0.017424317496941105,2024-07-23,10,0.014666770016841003,2024-07-23,4,0.012388246179189086,2024-07-23,0,0.0,
MC.40.1,1,0.0012134891453395948,2024-08-09,44,0.008166888419987186,2024-06-04,11,0.00557617117314627,2024-07-30,4,0.004805362095286895,2024-10-08,2,0.0049331930985010595,2024-10-08,1,0.0050080574621989655,2025-01-22,1,0.00884510008915773,2025-01-22
MC.41,0,0.0,,6,0.0010610016558695087,2024-07-30,3,0.0008468339735949433,2024-09-11,1,0.0006062049813947599,2024-09-11,0,0.0,,0,0.0,,0,0.0,
MC.42,41,0.04975305495892339,2024-07-14,455,0.100906825479719,2024-06-11,238,0.08534314780228598,2024-06-12,87,0.062269858476734406,2024-06-13,28,0.04777139151822345,2024-07-30,10,0.04494351957217747,2024-08-07,3,0.0454541495520595,2024-08-07
MC.43,38,0.046112587522904605,2024-07-18,241,0.06081788299361034,2024-06-23,130,0.053707868874220806,2024-06-23,58,0.04373931294892184,2024-06-23,21,0.03303708483603783,2024-07-31,7,0.02613599086430664,2024-07-31,2,0.017178630943438595,2024-09-11
MC.44,38,0.046112587522904605,2024-07-06,151,0.06300149633591287,2024-07-02,105,0.062083772182043695,2024-07-02,69,0.06139830032145677,2024-07-02,40,0.05905582959895412,2024-07-02,10,0.03870614307314537,2024-07-02,1,0.016138422092544118,2025-02-05
MC.45,55,0.06674190299367772,2024-06-29,264,0.11705917929993619,2024-04-10,191,0.11641351612577715,2024-04-10,112,0.1113570129134777,2024-04-10,59,0.10759834631898225,2024-06-12,21,0.10197793834501642,2024-06-12,10,0.12688627456255405,2024-06-12
MC.46,2,0.0024269782906791897,2024-06-21,73,0.01611209855417896,2024-06-27,36,0.013488998563445017,2024-07-17,15,0.01051408782282335,2024-08-20,5,0.008053821757362781,2024-08-20,2,0.0065712966435057495,2024-09-24,1,0.007689668063854174,2024-09-24
MC.46.1,1,0.0012134891453395948,2024-10-10,6,0.0007695866074521135,2024-08-13,3,0.000574980107610882,2024-12-29,0,0.0,,0,0.0,,0,0.0,,0,0.0,
MC.5,1,0.0012134891453395948,2024-10-02,54,0.01162006171788636,2024-06-25,28,0.009819119026734048,2024-06-25,11,0.007294782332426855,2024-07-24,3,0.004290491845950616,2024-07-25,2,0.004564476262361335,2024-07-25,0,0.0,
MC.6,64,0.07766330530173407,2024-06-16,145,0.10150443633712325,2024-06-20,116,0.10442265926460668,2024-06-20,79,0.10750941629581236,2024-06-20,53,0.11773460318422638,2024-06-20,27,0.12693837912957617,2024-08-08,11,0.14524242533263743,2024-08-13
MC.6.1,1,0.0012134891453395948,2024-09-30,45,0.01193943759760333,2024-07-16,26,0.01074452025185135,2024-07-16,15,0.009513264693433542,2024-08-21,7,0.007471184161621103,2024-08-21,0,0.0,,0,0.0,
MC.7,0,0.0,,38,0.00986142559895251,2024-06-18,21,0.008744724815200052,2024-06-18,13,0.008003790585591444,2024-08-06,4,0.004418610092831169,2024-10-29,0,0.0,,0,0.0,
MC.8,37,0.04489909837756501,2024-07-28,293,0.0985195662721981,2024-06-10,209,0.09541570943790569,2024-06-30,119,0.08566222818723813,2024-06-30,49,0.06890350115268659,2024-07-16,14,0.046623861349534106,2024-07-23,2,0.017892402093750752,2024-08-11
MC.8.1,45,0.054607011540281775,2024-08-12,157,0.10754766245949855,2024-06-27,115,0.10965657565622033,2024-07-15,86,0.11544821991987078,2024-08-21,53,0.12156098697770805,2024-08-28,27,0.13145083796251783,2024-08-29,12,0.14704587788006557,2024-08-29
MC.9,75,0.09101168590046962,2024-07-08,183,0.06626266754010335,2024-06-16,116,0.06359877421275197,2024-07-02,59,0.05754294326968794,2024-07-09,29,0.054761723066069565,2024-07-09,14,0.05448484797127565,2024-07-09,3,0.04045765872090544,2024-07-09
MC.9.1,8,0.009707913162716759,2024-08-01,18,0.007093385113477957,2024-07-18,13,0.006918742411825133,2024-07-18,7,0.006331266145652298,2024-07-18,4,0.006197927719910746,2024-10-09,2,0.005905618591749928,2024-10-10,0,0.0,
MC.9.2,1,0.0012134891453395948,2025-04-01,1,0.00022022320354896725,2025-03-11,1,0.0002330739888081956,2025-03-11,0,0.0,,0,0.0,,0,0.0,,0,0.0,
MC.9.3,8,0.009707913162716759,2024-10-11,29,0.011367815509427451,2024-07-08,19,0.011111134940791289,2024-07-08,11,0.010579056909081288,2024-08-28,6,0.010349157516575813,2024-10-10,3,0.010783321929183807,2024-10-10,1,0.00773017355831995,2024-12-05
MD.1,0,0.0,,77,0.01334210270049735,2023-11-02,25,0.009255137605180375,2023-12-06,11,0.007303564377361169,2023-12-06,4,0.005118000733000622,2024-02-14,1,0.0031087772791857492,2024-02-21,0,0.0,
MD.1.1,4,0.004853956581358379,2024-04-26,110,0.03585646496319251,2023-12-06,45,0.031917039358782394,2023-12-26,33,0.032786612584201756,2023-12-26,16,0.030214270559141096,2024-06-05,5,0.026769450453365293,2024-07-02,2,0.03159838338155357,2024-07-02
MD.1.1.1,0,0.0,,12,0.001127374936092293,2023-11-12,1,0.0002427626480990057,2025-08-20,0,0.0,,0,0.0,,0,0.0,,0,0.0,
MD.1.2,1,0.0012134891453395948,2024-06-12,8,0.0049772710260370745,2023-11-01,5,0.004931927913667034,2024-05-30,3,0.005038700418323506,2024-05-30,3,0.006134165546919171,2024-05-30,1,0.006032069430997198,2024-06-20,1,0.010653683242382738,2024-06-20
MD.2,0,0.0,,15,0.0013504213900477605,2024-02-12,2,0.00030036140857715656,2024-03-12,0,0.0,,0,0.0,,0,0.0,,0,0.0,
MD.3,0,0.0,,10,0.0017854653447276808,2023-11-22,4,0.0013098315068576724,2024-05-07,2,0.0010368280525110555,2024-07-23,0,0.0,,0,0.0,,0,0.0,
MD.3.1,0,0.0,,7,0.002141827010437775,2023-11-22,5,0.0021172363740631106,2024-06-26,3,0.0018826521068612014,2024-07-29,1,0.0014667991596335407,2024-07-29,0,0.0,,0,0.0,
MD.3.1.2,0,0.0,,1,0.0023811929752663706,2024-06-18,1,0.002520143817379278,2024-06-18,1,0.0027935931459410254,2024-06-18,1,0.003400948936281996,2024-06-18,1,0.004829226715842023,2024-06-18,1,0.00852925390279001,2024-06-18
MD.3.1.3,1,0.0012134891453395948,2024-07-30,6,0.000731992025381377,2024-06-02,2,0.00034853779189769445,2024-06-02,0,0.0,,0,0.0,,0,0.0,,0,0.0,
MD.3.1.4,0,0.0,,2,0.00028380430250131216,2024-06-02,1,0.00019208561052761521,2024-07-30,0,0.0,,0,0.0,,0,0.0,,0,0.0,
MD.4,0,0.0,,6,0.0007004114078714677,2024-01-10,2,0.0003379335511489012,2024-03-06,0,0.0,,0,0.0,,0,0.0,,0,0.0,
MD.4.1,0,0.0,,1,0.00031166185707781933,2024-03-12,1,0.0003298484038824063,2024-03-12,1,0.0003656387520152381,2024-03-12,0,0.0,,0,0.0,,0,0.0,
ME.1,0,0.0,,4,0.0014000399927560842,2024-06-11,4,0.0014817371664021827,2024-06-11,3,0.0014759740547914115,2024-06-11,0,0.0,,0,0.0,,0,0.0,
MF.1,0,0.0,,15,0.012077822908139258,2024-05-01,11,0.012389432066652923,2024-05-01,10,0.013478099877847457,2024-05-01,4,0.013024142413876507,2024-06-18,2,0.01572596184157804,2024-06-18,1,0.02324947043862315,2024-06-18
MF.2,0,0.0,,3,0.0010536584092528168,2024-06-03,1,0.0009250611159471757,2024-07-03,1,0.0010254352847902017,2024-07-03,1,0.0012483754286483652,2024-07-03,0,0.0,,0,0.0,
MG.1,9,0.010921402308056355,2024-04-15,36,0.014563052839747999,2023-12-05,27,0.014490059671074822,2024-02-08,17,0.013942785373712562,2024-02-08,11,0.014109517166577722,2024-02-08,3,0.007693257392805258,2024-07-28,0,0.0,
MG.2,7,0.008494424017377164,2024-07-17,11,0.004134863332069871,2024-06-23,8,0.004027185498661258,2024-06-23,4,0.0036962089699430277,2024-07-17,3,0.0037861092324821192,2024-07-17,1,0.0030663489834372257,2024-07-17,0,0.0,
MG.3,1,0.0012134891453395948,2025-01-25,52,0.010783634137033229,2024-05-29,20,0.008283476835479135,2024-05-29,9,0.006880417057162868,2024-05-29,3,0.005017770849831093,2024-10-02,1,0.004859484870172066,2025-05-15,1,0.008582695063476075,2025-05-15
MG.4,2,0.0024269782906791897,2024-06-20,18,0.002811925805774481,2024-05-09,8,0.0020602100009823846,2024-05-09,2,0.0009588484084178162,2024-08-20,1,0.000788461393238373,2024-08-20,0,0.0,,0,0.0,
MH.1,5,0.006067445726697975,2024-07-18,81,0.030180682052540715,2024-01-25,47,0.028549465132287608,2024-04-08,35,0.028849830390206343,2024-05-01,16,0.02455148492087565,2024-05-01,5,0.016632818817625513,2024-05-07,1,0.007627071920610811,2024-08-06
MJ.1,0,0.0,,2,0.0004948776786030542,2024-07-30,2,0.0005237555019878148,2024-07-30,0,0.0,,0,0.0,,0,0.0,,0,0.0,
MJ.1.1,0,0.0,,3,0.0006602691566437271,2024-08-06,1,0.0005091250585584074,2024-08-29,1,0.0005643679000409753,2024-08-29,0,0.0,,0,0.0,,0,0.0,
MJ.2,0,0.0,,14,0.004104780591394664,2024-01-08,10,0.003931467097670832,2024-01-08,3,0.0028049402928511003,2024-02-08,2,0.002724863111142061,2024-02-08,1,0.0025896804761206815,2024-03-28,0,0.0,
MJ.2.1,1,0.0012134891453395948,2024-04-01,4,0.0011359969194539444,2024-01-08,2,0.001047473284178984,2024-01-08,1,0.0009020677525239519,2024-03-28,1,0.0010981865300815675,2024-03-28,0,0.0,,0,0.0,
MK.1,24,0.02912373948815028,2024-06-11,122,0.06328054639814192,2024-05-19,86,0.06337094685134595,2024-06-04,58,0.06390056845142869,2024-06-18,32,0.0648864189695879,2024-06-19,13,0.06066681831784342,2024-06-19,6,0.07101533471291041,2024-07-09
MK.2,0,0.0,,12,0.0027792076869099787,2024-05-05,7,0.0023914841150223898,2024-06-18,3,0.001699205775009363,2024-06-18,1,0.0009183204689561602,2024-07-09,0,0.0,,0,0.0,
MK.3,10,0.01213489145339595,2024-06-18,21,0.008803848967544891,2024-05-14,14,0.008616852040347903,2024-05-23,10,0.008717253435027649,2024-05-23,6,0.008789983350083326,2024-06-05,2,0.0072849945251017845,2024-06-05,1,0.007912241013775603,2024-06-16
ML.1,1,0.0012134891453395948,2024-09-02,94,0.029173376608189687,2024-04-30,57,0.027257979398717783,2024-05-06,39,0.02605407713384829,2024-05-06,14,0.01856122032193547,2024-05-06,2,0.007409031891694183,2024-06-20,1,0.009029465188491416,2024-11-21
ML.2,6,0.00728093487203757,2024-05-10,45,0.009630583375419938,2024-06-16,23,0.008016140651310419,2024-06-16,8,0.005726140830873119,2024-06-18,3,0.00478166387810654,2024-06-18,1,0.003358762879748095,2024-08-12,0,0.0,
MM.1,0,0.0,,110,0.022480998316522643,2024-05-15,43,0.017573189261620853,2024-05-16,18,0.014231108586963538,2024-05-16,7,0.011359206958405347,2024-05-16,3,0.00959583547791484,2024-07-11,0,0.0,
MM.2,1,0.0012134891453395948,2024-07-23,7,0.003327139128243625,2024-06-10,4,0.003257212271290617,2024-06-10,4,0.0036106375410808675,2024-06-10,2,0.0031808736934019386,2024-06-10,1,0.0029361364641151515,2024-06-10,0,0.0,
MQ.1,2,0.0024269782906791897,2024-08-21,1,0.001174996303442186,2024-08-20,1,0.0012435613998198038,2024-08-20,1,0.0013784945839742122,2024-08-20,1,0.0016781934391016582,2024-08-20,1,0.002382975087923678,2024-08-20,0,0.0,
MQ.2,0,0.0,,4,0.0004571175490461416,2024-07-16,1,0.00018120225730587376,2024-07-16,0,0.0,,0,0.0,,0,0.0,,0,0.0,
MR.1,2,0.0024269782906791897,2024-07-16,5,0.0016577170067038696,2024-07-10,4,0.0016335690933500526,2024-07-10,2,0.001428146657879811,2024-09-04,1,0.0010259526829539901,2024-09-04,0,0.0,,0,0.0,
MR.2,1,0.0012134891453395948,2024-12-29,134,0.03506415283948084,2024-06-05,77,0.031300063375720305,2024-07-24,44,0.027466787559062754,2024-07-24,15,0.018041354938202494,2024-10-08,0,0.0,,0,0.0,
MS.1,3,0.003640467436018785,2024-07-08,146,0.021625231622749624,2023-12-05,49,0.013712632366864468,2023-12-14,13,0.007463928832797701,2024-02-14,3,0.004261577188941181,2024-06-16,1,0.0029674670042574417,2024-06-16,0,0.0,
MT.1,5,0.006067445726697975,2024-07-14,5,0.0006008046850967216,2024-03-05,2,0.0003151489710851564,2024-07-31,0,0.0,,0,0.0,,0,0.0,,0,0.0,
MT.1.1,0,0.0,,1,0.00013152181377713328,2024-08-15,0,0.0,,0,0.0,,0,0.0,,0,0.0,,0,0.0,
MU.1,51,0.061887946412319345,2024-06-12,41,0.015071139869588942,2024-06-25,19,0.013618630497066003,2024-06-25,9,0.012896362262124837,2024-06-25,5,0.013473481001619549,2024-08-22,2,0.01503501205486345,2024-08-27,1,0.020880216145602804,2024-08-27
MU.1.1,0,0.0,,2,0.00016119482608019137,2024-10-01,0,0.0,,0,0.0,,0,0.0,,0,0.0,,0,0.0,
MU.2,23,0.027910250342810684,2024-05-29,59,0.029457631711268594,2024-05-21,40,0.029357349139066048,2024-06-03,19,0.028164517990297188,2024-06-16,9,0.02963876933032416,2024-06-18,5,0.03548046808244545,2024-07-01,3,0.048569607058554856,2024-07-09
MU.2.1,2,0.0024269782906791897,2024-08-18,5,0.0017887095189945902,2024-08-27,4,0.0018062398057216943,2024-09-30,3,0.0018120065327012034,2024-10-29,1,0.0011281160319254054,2024-12-05,0,0.0,,0,0.0,
MU.2.1.1,6,0.00728093487203757,2024-09-09,8,0.006071608076271761,2024-08-27,7,0.006296072141692483,2024-08-27,6,0.006795281240982851,2024-08-27,2,0.00595590728537152,2024-11-19,1,0.006782121487199506,2024-12-05,1,0.011978405564213875,2024-12-05
MU.3,0,0.0,,18,0.004760979161250457,2024-07-23,7,0.004039971738501509,2024-12-17,3,0.0036244793769265563,2025-04-08,2,0.0038204570845102705,2025-04-08,1,0.0043280026961631845,2025-05-07,1,0.007644005150232238,2025-05-07
MU.4,0,0.0,,166,0.0182462466520887,2024-01-24,31,0.006758034273548404,2024-05-17,3,0.0016993839837301755,2024-05-30,1,0.0010284316065659008,2024-05-30,0,0.0,,0,0.0,
MU.5,3,0.003640467436018785,2024-09-10,352,0.10375851414878473,2024-03-05,236,0.09828195265162962,2024-03-21,116,0.08253699001079946,2024-03-21,51,0.06660244210762298,2024-03-21,9,0.03359268655697579,2024-04-19,2,0.02337328551504398,2024-04-19
MV.1,31,0.03761816350552744,2024-07-31,28,0.012863894706441663,2024-09-22,18,0.012665016546725298,2024-09-22,13,0.013000979563442198,2024-09-22,7,0.012651296218026256,2024-09-24,3,0.010643919834622742,2024-10-01,1,0.008240207787697799,2024-10-01
MV.1.1,2,0.0024269782906791897,2024-09-15,31,0.017866928604577094,2024-08-14,14,0.017322262310771316,2024-08-14,11,0.01861545712586805,2024-08-14,7,0.020660369051885414,2024-08-14,4,0.0253117366155134,2024-08-14,3,0.03994561111671554,2024-10-09
MV.1.1.1,0,0.0,,1,0.00015587166951690012,2025-08-25,1,0.0001649673202961047,2025-08-25,0,0.0,,0,0.0,,0,0.0,,0,0.0,
MV.1.2,0,0.0,,9,0.0026765158452962175,2024-08-12,7,0.0026304624438951074,2024-08-12,2,0.0017973726667317464,2024-09-26,2,0.0021881399114632247,2024-09-26,0,0.0,,0,0.0,
MV.1.3,1,0.0012134891453395948,2025-01-09,1,7.886386786522808e-05,2024-12-18,0,0.0,,0,0.0,,0,0.0,,0,0.0,,0,0.0,
MV.1.4,0,0.0,,1,0.00010037185821505488,2025-08-25,0,0.0,,0,0.0,,0,0.0,,0,0.0,,0,0.0,
MV.1.4.1,0,0.0,,1,6.691457214336992e-05,2024-09-19,0,0.0,,0,0.0,,0,0.0,,0,0.0,,0,0.0,
MV.1.5,0,0.0,,16,0.006286849353790165,2024-09-24,9,0.006027948609352149,2024-09-26,7,0.006278702344871321,2024-09-26,3,0.005538144885981541,2024-11-27,2,0.0059783497805500525,2024-11-27,0,0.0,
MV.1.6,1,0.0012134891453395948,2025-02-10,3,0.0005059459755179282,2025-01-20,1,0.0003296759304628,2025-01-26,1,0.00036544756429033665,2025-01-26,0,0.0,,0,0.0,,0,0.0,
MV.1.7,3,0.003640467436018785,2024-08-26,5,0.004408423232848614,2024-09-12,2,0.004372422527907877,2024-11-24,2,0.004846854183831396,2024-11-24,1,0.005471826488592142,2024-11-24,1,0.007769799299618231,2024-11-24,1,0.013722816280868886,2024-11-24
MV.1.8,0,0.0,,1,6.829446575563247e-05,2024-10-24,0,0.0,,0,0.0,,0,0.0,,0,0.0,,0,0.0,
MV.1.9,3,0.003640467436018785,2025-03-04,10,0.003518229418991253,2024-10-22,6,0.003321352401707494,2024-12-26,5,0.003391673581650523,2024-12-26,1,0.002340371935086343,2025-01-12,1,0.0033232450370988807,2025-01-12,0,0.0,
MV.2,10,0.01213489145339595,2024-08-15,33,0.023711080661919477,2024-07-21,23,0.02408896919288006,2024-07-30,17,0.025230709243566622,2024-08-12,14,0.029215029791951924,2024-08-12,8,0.03288168200015777,2024-08-14,2,0.024686993241070668,2024-08-19
MV.3,0,0.0,,3,0.0017668373771715705,2024-08-06,1,0.0017158299402755405,2024-08-06,1,0.0019020068329825637,2024-08-06,1,0.002315522618185037,2024-08-06,1,0.003287959889541975,2024-08-06,0,0.0,
MW.1,6,0.00728093487203757,2024-06-10,26,0.01185856748499267,2024-05-14,9,0.010894494023091972,2024-08-06,6,0.011348884153657469,2024-08-06,5,0.01306021406396899,2024-08-06,3,0.015949634221987866,2024-08-06,2,0.02322124332714497,2024-08-08
MY.1,0,0.0,,8,0.001531501986853339,2024-09-03,3,0.0010225780781705938,2024-10-13,2,0.0009091489261739289,2024-10-13,0,0.0,,0,0.0,,0,0.0,
MZ.1,0,0.0,,1,0.00010900960800396093,2024-07-30,0,0.0,,0,0.0,,0,0.0,,0,0.0,,0,0.0,
MZ.2,7,0.008494424017377164,2024-05-17,26,0.012737752092914615,2023-12-05,19,0.012819766219132653,2024-03-24,13,0.012668321471158329,2024-03-24,8,0.012468040938477096,2024-03-24,4,0.01176016477560401,2024-03-24,0,0.0,
MZ.3,1,0.0012134891453395948,2024-08-05,9,0.0025135051640165196,2024-03-31,4,0.0021638771129488367,2024-03-31,3,0.0021324107353162887,2024-03-31,2,0.002094312936598613,2024-03-31,0,0.0,,0,0.0,
MZ.4,0,0.0,,19,0.0031407323938275862,2023-12-26,7,0.0021442863059270936,2024-01-02,3,0.001489425665609974,2024-05-12,1,0.0009705519571515527,2024-09-24,0,0.0,,0,0.0,
MZ.4.1,0,0.0,,2,0.00030791209721087214,2024-04-11,1,0.00023113513517169465,2025-07-23,0,0.0,,0,0.0,,0,0.0,,0,0.0,
MZ.5,0,0.0,,15,0.0034261525563860427,2024-01-03,9,0.003065420005798625,2024-01-03,3,0.002068878354864259,2024-03-26,2,0.0019198173404783839,2024-04-11,0,0.0,,0,0.0,
NA.1,2,0.0024269782906791897,2024-09-05,5,0.002901413794526247,2024-11-19,5,0.0030707213198948404,2024-11-19,4,0.00320961483745738,2024-11-19,1,0.0020149581448573087,2024-11-26,1,0.0028611690109896894,2024-11-26,0,0.0,
NA.1.1,0,0.0,,5,0.0029014136620352624,2024-11-19,5,0.0030707211796725488,2024-11-19,4,0.0032096146820202055,2024-11-19,1,0.0020149579556264985,2024-11-26,1,0.002861168742288659,2024-11-26,0,0.0,
NB.1,1,0.0012134891453395948,2024-12-18,133,0.05061351143489528,2024-10-03,103,0.05065645328942731,2024-10-03,61,0.04718419150969905,2024-10-03,30,0.04089950265670823,2025-05-01,10,0.030800943443411524,2025-05-01,1,0.009671991107534356,2025-07-10
NB.1.1,2,0.0024269782906791897,2025-03-17,6,0.0019107424608930266,2025-06-10,4,0.0018331258878370523,2025-06-10,3,0.0018319997947363012,2025-06-10,2,0.0016430584815190232,2025-06-10,0,0.0,,0,0.0,
NB.1.10,0,0.0,,17,0.004088512288287369,2025-05-04,11,0.0036582911458032277,2025-05-04,6,0.0031288157961705436,2025-05-04,2,0.0018881247751771281,2025-05-04,0,0.0,,0,0.0,
NB.1.11,0,0.0,,1,0.0001047361112719851,2025-08-13,0,0.0,,0,0.0,,0,0.0,,0,0.0,,0,0.0,
NB.1.12,0,0.0,,1,6.691437340689192e-05,2025-05-28,0,0.0,,0,0.0,,0,0.0,,0,0.0,,0,0.0,
NB.1.2,2,0.0024269782906791897,2025-03-31,41,0.01287903835981994,2025-05-01,28,0.012279091425237192,2025-05-01,14,0.010268588639267023,2025-05-01,7,0.008845518618991723,2025-06-18,1,0.0027937638796632375,2025-08-13,0,0.0,
NB.1.2.1,0,0.0,,1,7.20062007097885e-05,2025-07-02,0,0.0,,0,0.0,,0,0.0,,0,0.0,,0,0.0,
NB.1.3,0,0.0,,2,0.0003610716539932552,2024-10-03,1,0.0003015535785068254,2024-10-03,1,0.0003342737839964606,2024-10-03,0,0.0,,0,0.0,,0,0.0,
NB.1.3.1,0,0.0,,3,0.0003264789864227432,2025-07-08,1,0.00017100241764825497,2025-07-24,0,0.0,,0,0.0,,0,0.0,,0,0.0,
NB.1.4,3,0.003640467436018785,2025-05-12,7,0.0026642045842024246,2025-04-09,6,0.0027222934622743583,2025-04-09,3,0.002448345652846748,2025-04-09,2,0.0022513093189422567,2025-04-09,0,0.0,,0,0.0,
NB.1.5,0,0.0,,7,0.0007322438907444986,2025-04-22,1,0.0001669307829449153,2025-07-24,0,0.0,,0,0.0,,0,0.0,,0,0.0,
NB.1.5.3,0,0.0,,2,0.00015442553041197018,2024-12-16,0,0.0,,0,0.0,,0,0.0,,0,0.0,,0,0.0,
NB.1.6,4,0.004853956581358379,2025-03-31,36,0.00776794613895525,2025-04-09,20,0.0064915253307934835,2025-04-09,7,0.0045867565739814474,2025-04-09,3,0.0029704930287679583,2025-05-20,0,0.0,,0,0.0,
NB.1.6.1,0,0.0,,42,0.010419378658416883,2025-04-09,27,0.009472193931420817,2025-04-09,12,0.007414438413553808,2025-04-09,6,0.005378046159122212,2025-05-20,0,0.0,,0,0.0,
NB.1.7,3,0.003640467436018785,2025-06-26,94,0.03679369380554417,2025-04-27,70,0.03641664189330699,2025-04-27,41,0.03412327848042963,2025-05-05,18,0.028694062044134886,2025-06-04,5,0.022016057482770676,2025-06-19,1,0.01549659593099331,2025-08-08
NB.1.7.1,0,0.0,,2,0.00015623933200120435,2025-05-27,0,0.0,,0,0.0,,0,0.0,,0,0.0,,0,0.0,
NB.1.8,2,0.0024269782906791897,2025-05-19,79,0.03307437837966219,2025-04-30,68,0.03392628647905039,2025-04-30,46,0.033048295886389585,2025-05-05,19,0.0252124883881452,2025-05-05,4,0.013723049179518443,2025-05-05,1,0.008197205566093255,2025-08-19
NB.1.8.1,168,0.20386617641705196,2025-03-25,140,0.16367961687042926,2025-04-15,127,0.17181868912156223,2025-04-15,100,0.18480622938819952,2025-04-22,73,0.20988922086638093,2025-04-22,51,0.2642198495559968,2025-04-22,27,0.3396982929890379,2025-05-04
NB.1.9,0,0.0,,7,0.0017057906982776963,2025-05-13,5,0.0016421539227553824,2025-05-13,2,0.0011869293021754014,2025-05-27,1,0.0008211431625992671,2025-05-27,0,0.0,,0,0.0,
NC.1,2,0.0024269782906791897,2024-07-31,5,0.001266735645262256,2024-08-04,2,0.0009965856327244645,2024-08-04,2,0.0011047206011510604,2024-08-04,0,0.0,,0,0.0,,0,0.0,
NC.1.1,3,0.003640467436018785,2024-09-10,2,0.00021123534633131385,2024-12-11,1,0.0001468807479156844,2024-12-11,0,0.0,,0,0.0,,0,0.0,,0,0.0,
NC.1.2,0,0.0,,5,0.0007989270673819812,2023-12-25,2,0.0005747605896121881,2024-09-29,1,0.0004775985168732742,2024-09-29,0,0.0,,0,0.0,,0,0.0,
NC.1.2.1,0,0.0,,1,7.981389447557167e-05,2024-09-23,0,0.0,,0,0.0,,0,0.0,,0,0.0,,0,0.0,
NC.2,4,0.004853956581358379,2024-08-17,6,0.004054700588829912,2024-08-06,3,0.003998277971979197,2024-08-07,2,0.004128035824258917,2024-08-07,2,0.0050255131338096835,2024-08-07,2,0.0071360501851993555,2024-08-07,1,0.007737599909703906,2024-08-28
ND.1,4,0.004853956581358379,2024-09-22,10,0.004059254568977842,2024-08-15,7,0.004030675000517853,2024-12-03,6,0.004268745792982647,2024-12-03,2,0.002845616116433087,2025-01-13,1,0.0024841438472225103,2025-01-15,0,0.0,
ND.1.1,0,0.0,,8,0.003951588552056162,2024-09-03,5,0.003941679487223617,2025-01-02,4,0.004170093781837973,2025-01-02,2,0.003728028146870452,2025-01-02,1,0.0032015459068728464,2025-01-02,0,0.0,
ND.1.1.1,0,0.0,,1,0.0003304013820435816,2024-08-20,1,0.00034968144491420564,2024-08-20,1,0.0003876237860071547,2024-08-20,0,0.0,,0,0.0,,0,0.0,
ND.1.1.2,2,0.0024269782906791897,2024-12-12,5,0.003560666082857529,2024-09-03,4,0.003654749621476165,2024-09-03,3,0.003798566681051533,2024-09-03,2,0.004213042324620497,2024-11-26,1,0.004873054406556764,2024-11-26,1,0.008606661223687308,2024-11-26
ND.1.1.3,5,0.006067445726697975,2024-12-26,1,9.392087213910065e-05,2025-01-20,0,0.0,,0,0.0,,0,0.0,,0,0.0,,0,0.0,
ND.2,0,0.0,,4,0.0009710359708701168,2025-01-02,1,0.0007065450756432359,2025-02-19,1,0.0007832090641032941,2025-02-19,1,0.0009534867442378622,2025-02-19,0,0.0,,0,0.0,
NE.1,0,0.0,,12,0.0032692068486965247,2024-04-17,5,0.0028039505120089317,2024-09-22,2,0.0025318314256985606,2024-09-22,1,0.0023544665081281575,2024-09-22,1,0.003343258830295178,2024-09-22,0,0.0,
NF.1,18,0.02184280461611271,2024-11-15,86,0.03426499159428228,2024-09-23,58,0.03345771812444555,2024-09-23,36,0.032484120495289495,2024-10-22,17,0.029107450184119293,2024-10-22,7,0.026593813084403898,2024-10-22,2,0.017677083462598227,2024-10-22
NF.1.1,1,0.0012134891453395948,2024-09-11,54,0.008194488279597217,2024-06-02,24,0.005935770260354715,2024-10-22,7,0.003253648867838609,2024-11-12,1,0.0007810433562528372,2025-05-06,0,0.0,,0,0.0,
NF.1.2,0,0.0,,10,0.004825963803455946,2024-11-26,7,0.0047989613537113675,2024-12-16,4,0.00446101885795653,2024-12-19,3,0.005013469633518211,2024-12-19,2,0.005543045378551213,2024-12-19,0,0.0,
NF.1.3,0,0.0,,40,0.015959841238741997,2024-05-28,31,0.015936580289194667,2024-09-29,18,0.014418694832526778,2024-11-10,12,0.014729983988175804,2024-11-10,2,0.006321538095314074,2025-01-14,0,0.0,
NF.1.4,0,0.0,,4,0.0022382991289904837,2024-10-15,1,0.002103334385442528,2024-10-15,1,0.0023315576207490764,2024-10-15,1,0.002838462151043003,2024-10-15,1,0.004030515455697714,2024-10-15,0,0.0,
NF.1.5,0,0.0,,79,0.06690275845217156,2024-10-22,67,0.06948863870936638,2024-11-12,52,0.0733131773153797,2024-11-12,42,0.08398799023506205,2024-11-18,20,0.08441031804723548,2024-11-18,6,0.07784766981597332,2024-12-19
NG.1,2,0.0024269782906791897,2024-11-14,13,0.0032658327670184945,2024-04-04,6,0.0027659907950210966,2024-04-04,1,0.0019945845147764873,2024-09-22,1,0.002428227637123806,2024-09-22,1,0.003447997014081575,2024-09-22,0,0.0,
NH.1,0,0.0,,2,0.0005180366391211385,2024-06-25,1,0.00047164139625314376,2024-12-03,1,0.0005228170562444313,2024-12-03,0,0.0,,0,0.0,,0,0.0,
NH.3,0,0.0,,3,0.0003311209405849352,2024-06-04,1,0.00014917268128435495,2024-06-04,0,0.0,,0,0.0,,0,0.0,,0,0.0,
NH.4,0,0.0,,16,0.0036444525870373812,2024-06-25,6,0.002978953121102568,2024-07-11,3,0.002570493236447234,2024-08-13,1,0.0022434541587854602,2024-08-13,1,0.0031856252364723253,2024-08-13,0,0.0,
NJ.1,0,0.0,,1,0.00010995095645476511,2024-08-22,0,0.0,,0,0.0,,0,0.0,,0,0.0,,0,0.0,
NK.1,3,0.003640467436018785,2024-08-15,58,0.011973703012440065,2024-04-22,37,0.01057454292927141,2024-04-22,13,0.006332679380444823,2024-07-21,2,0.0019151431502388563,2024-10-02,0,0.0,,0,0.0,
NL.1,0,0.0,,24,0.010675385755985511,2024-07-23,15,0.01032165055266097,2024-10-28,12,0.010786982730704896,2024-10-28,6,0.009649805290260804,2024-12-01,2,0.008578101171289371,2024-12-01,1,0.011284485791247204,2024-12-11
NL.1.1,3,0.003640467436018785,2024-11-23,10,0.0023183722420788626,2024-11-17,5,0.0019674713237046687,2024-11-17,3,0.001713696094747969,2024-12-23,1,0.0008872020299326556,2025-01-15,0,0.0,,0,0.0,
NL.10,50,0.060674457266979745,2025-01-01,229,0.12605434988748912,2023-11-21,170,0.12727711384941448,2023-12-20,109,0.12815346556960164,2024-09-22,64,0.13207024482960505,2024-11-19,34,0.1441444100629811,2024-11-19,12,0.13458630800671642,2025-01-02
NL.11,36,0.04368560923222542,2024-07-21,124,0.04489280142732586,2023-11-30,71,0.042214725010233656,2024-04-08,42,0.0403724556894007,2024-04-08,22,0.038610212348799904,2024-05-21,10,0.036737357054150196,2024-10-22,3,0.02662443214498079,2024-11-12
NL.12,15,0.018202337180093925,2024-09-09,230,0.07234580908913948,2023-11-12,143,0.0679972494816917,2023-11-12,75,0.06007453695422779,2023-12-06,30,0.048776379225114436,2024-08-11,10,0.0406369520976613,2024-08-11,3,0.03699262097459151,2024-08-11
NL.13,2,0.0024269782906791897,2025-03-06,7,0.003402977829440703,2024-05-16,4,0.003241908129857553,2024-05-16,2,0.0032230905410380235,2025-05-08,2,0.003923823468356703,2025-05-08,2,0.005571689983193826,2025-05-08,0,0.0,
NL.14,3,0.003640467436018785,2024-08-16,36,0.007275354261076684,2024-06-23,17,0.005877519956995101,2024-07-29,7,0.004208695904711556,2024-12-03,2,0.002490482965174797,2024-12-11,1,0.002301451195306433,2024-12-11,0,0.0,
NL.15,2,0.0024269782906791897,2024-07-18,98,0.04925196212698924,2023-12-07,77,0.04984156609059025,2023-12-07,55,0.050624725679161514,2024-08-29,33,0.050277357632124355,2024-08-29,10,0.03664468341227735,2024-10-09,3,0.029244112061515844,2024-10-24
NL.16,23,0.027910250342810684,2024-11-21,170,0.11540371172518135,2024-07-02,135,0.11877915986642948,2024-09-29,93,0.12245823583019712,2024-09-29,52,0.12689773644561012,2024-10-01,29,0.14541383407210362,2024-11-08,15,0.17707405717770042,2024-11-08
NL.16.1,2,0.0024269782906791897,2025-04-01,7,0.0007913483842843492,2024-12-10,2,0.0003552866207179715,2025-04-09,0,0.0,,0,0.0,,0,0.0,,0,0.0,
NL.17,1,0.0012134891453395948,2024-09-10,2,0.00016170200157205323,2024-07-23,0,0.0,,0,0.0,,0,0.0,,0,0.0,,0,0.0,
NL.18,3,0.003640467436018785,2024-11-10,67,0.017076858294582782,2023-12-26,43,0.015643672536790346,2023-12-26,26,0.01398053943136089,2024-05-19,5,0.005696901777166668,2024-10-10,1,0.0021588246883808095,2024-12-22,0,0.0,
NL.19,33,0.040045141796206635,2024-09-22,118,0.05341476257447231,2023-12-03,88,0.053805718373610555,2024-08-21,54,0.05165651997648796,2024-10-08,23,0.0466631418828932,2024-11-03,8,0.04187169244648337,2025-03-20,5,0.0561781535580311,2025-03-20
NL.2,261,0.31672066693363427,2024-08-02,249,0.2220129857149791,2024-06-16,210,0.23060628896949376,2024-06-26,160,0.24471180784331925,2024-07-30,114,0.2716452424203835,2024-07-30,63,0.3064898821441833,2024-08-13,32,0.37624688924186406,2024-08-20
NL.2.1,12,0.01456186974407514,2024-09-13,40,0.010215685493916743,2024-09-17,27,0.009507088529319894,2024-09-29,14,0.007861907221635777,2024-09-29,5,0.0047644553228542216,2024-10-01,0,0.0,,0,0.0,
NL.21,1,0.0012134891453395948,2024-12-02,10,0.0009452532913694463,2023-11-27,1,0.00017162949173970152,2024-08-25,0,0.0,,0,0.0,,0,0.0,,0,0.0,
NL.22,0,0.0,,36,0.011124049850203347,2023-11-30,21,0.010360054563982157,2024-01-11,16,0.010547292389804902,2024-01-11,6,0.007678705548714933,2024-07-16,1,0.002568459140493857,2025-04-21,0,0.0,
NL.22.1,1,0.0012134891453395948,2025-04-03,17,0.004301573559133074,2024-10-14,12,0.00397112105050614,2024-11-03,5,0.0027384528962705328,2024-11-03,1,0.00112759839104446,2024-11-03,0,0.0,,0,0.0,
NL.23,0,0.0,,67,0.010883229664319717,2023-12-28,18,0.00703105724289504,2023-12-28,5,0.005325068620509484,2024-07-17,2,0.00464680390515564,2024-12-29,1,0.004857980278752455,2024-12-29,1,0.008580037693467803,2024-12-29
NL.3,10,0.01213489145339595,2024-12-23,19,0.005548371033485242,2024-06-12,11,0.004943065279571392,2024-09-29,4,0.004002229793595711,2024-09-29,1,0.003548078918804019,2025-01-15,1,0.00503814606617884,2025-01-15,1,0.008898241794450416,2025-01-15
NL.4,38,0.046112587522904605,2024-08-30,106,0.04603590112225812,2024-07-09,76,0.04581600689007582,2024-07-09,52,0.0451289999420987,2024-08-13,26,0.04008443134311167,2024-08-13,9,0.03254679506937682,2024-11-12,2,0.020011755166124353,2024-11-12
NL.4.1,2,0.0024269782906791897,2024-09-13,15,0.008196506316040346,2024-07-09,13,0.008513427442836096,2024-07-09,9,0.008628675229457773,2024-08-06,5,0.008213934487302055,2024-12-08,1,0.0063913917647798624,2024-12-08,1,0.011288308949169634,2024-12-08
NL.4.1.1,1,0.0012134891453395948,2025-04-28,11,0.008114108913596235,2024-11-19,3,0.007869927010950652,2024-12-26,2,0.008529560559562555,2024-12-26,2,0.01038397447178213,2024-12-26,2,0.014744874996733505,2024-12-26,1,0.02098705361985184,2025-02-05
NL.4.2,0,0.0,,7,0.0014146300987976368,2024-12-18,3,0.001017926413954895,2024-12-18,2,0.0009729397986475121,2024-12-18,0,0.0,,0,0.0,,0,0.0,
NL.5,53,0.06431492470299853,2024-09-05,87,0.031197909216819513,2024-06-17,56,0.0297029847501787,2024-08-06,34,0.028408817276583297,2024-09-04,13,0.022741495155638114,2024-10-15,2,0.016275771575467075,2024-10-29,2,0.02874584201557135,2024-10-29
NL.5.1,0,0.0,,56,0.018816946006797217,2024-07-23,30,0.017229941636147127,2024-10-07,16,0.016182287814730526,2024-10-07,6,0.014504236457148508,2024-10-07,3,0.01565111503521522,2024-11-27,1,0.014747228978405854,2024-11-27
NL.5.2,21,0.025483272052131495,2024-08-20,128,0.04740690637803299,2024-10-01,94,0.04685552108682913,2024-10-01,46,0.04142347041512957,2024-10-21,20,0.03657850888571332,2024-10-28,8,0.03474876252954593,2024-10-28,3,0.03517172004884222,2024-12-05
NL.5.2.1,29,0.03519118521484825,2025-02-12,54,0.01947106890663126,2024-12-09,36,0.018628749445844986,2024-12-17,19,0.01661424329330849,2024-12-19,8,0.014184377915810686,2024-12-19,5,0.016152846093738384,2025-02-25,1,0.009827001273294198,2025-02-25
NL.6,1,0.0012134891453395948,2025-01-07,24,0.004365051646344321,2024-05-22,13,0.0035112050423403776,2024-05-22,4,0.0019788503867657994,2024-10-15,1,0.0009003714535440397,2025-04-29,0,0.0,,0,0.0,
NL.7,1,0.0012134891453395948,2025-01-22,5,0.001368202607716596,2024-08-20,3,0.001266955946855327,2024-08-20,3,0.0014044275667667561,2024-08-20,0,0.0,,0,0.0,,0,0.0,
NL.8,6,0.00728093487203757,2025-03-13,40,0.01170983714583081,2024-07-30,31,0.01149996609917747,2024-07-30,16,0.009612914844395658,2024-10-21,6,0.006873528924946094,2024-11-21,1,0.002168010233104345,2025-04-27,0,0.0,
NL.8.1,0,0.0,,7,0.0014870683526106026,2024-09-30,5,0.001384594317254789,2024-12-22,2,0.0007109931081671339,2024-12-22,0,0.0,,0,0.0,,0,0.0,
NL.9,1,0.0012134891453395948,2024-12-11,24,0.008017653820135143,2024-10-02,16,0.007669205179547556,2024-10-06,9,0.007071622657339385,2024-10-06,3,0.005065326066248047,2024-11-27,2,0.005730514728684353,2024-11-27,0,0.0,
NM.1,7,0.008494424017377164,2024-06-05,5,0.0014081977277051224,2024-07-23,2,0.0011752633979897839,2024-07-23,2,0.001302785877003583,2024-07-23,1,0.0009670451317793441,2024-07-23,0,0.0,,0,0.0,
NM.2,14,0.01698884803475433,2024-07-31,43,0.032649853414271936,2024-06-12,27,0.032849853365274295,2024-06-12,19,0.03460397408300913,2024-06-12,11,0.03782666073815959,2024-06-12,6,0.04420380336980976,2024-06-12,4,0.066461131904612,2024-06-12
NN.1,0,0.0,,31,0.006965682418598593,2024-05-23,13,0.00562434019479646,2024-05-23,4,0.004403856914673086,2024-06-06,3,0.004772002226021414,2024-07-09,1,0.003559141433483774,2024-11-03,0,0.0,
NN.1.1,5,0.006067445726697975,2024-07-27,15,0.0026211912533224777,2024-05-23,6,0.0018814574271240894,2024-05-23,2,0.0013497992494311925,2024-06-06,1,0.0010539611136140018,2024-07-09,0,0.0,,0,0.0,
NN.2,4,0.004853956581358379,2024-06-18,7,0.0010051210654758109,2024-06-30,3,0.0006650315648777565,2024-06-30,1,0.0003274175279382985,2024-07-09,0,0.0,,0,0.0,,0,0.0,
NP.1,56,0.06795539213901731,2024-12-10,137,0.11470852973650104,2024-10-29,109,0.1186510180049983,2024-10-29,79,0.12479661146945935,2024-10-29,49,0.1360731381081031,2024-10-29,25,0.1563969366952305,2024-11-19,17,0.23187814447688906,2024-11-19
NP.2,2,0.0024269782906791897,2024-08-29,22,0.0059103118283422955,2024-07-07,9,0.005051680275346158,2024-07-07,3,0.004329274505470453,2024-10-27,3,0.00527050316745133,2024-10-27,1,0.0042747925028696395,2024-10-27,0,0.0,
NR.1,0,0.0,,9,0.0022111167484752422,2024-05-07,5,0.0019579263221523847,2024-06-26,3,0.0017572083225336746,2024-06-26,1,0.0008801441937940872,2024-08-06,0,0.0,,0,0.0,
NS.1,0,0.0,,2,0.0007024725038848294,2024-04-15,1,0.0006476839639780886,2024-04-15,1,0.0007179612012725048,2024-04-15,1,0.0008740533270949741,2024-04-15,0,0.0,,0,0.0,
NS.1.1,0,0.0,,23,0.0038703784675771314,2023-11-27,6,0.002492710307434536,2023-12-05,3,0.0021630474024529316,2023-12-05,2,0.002219172250468148,2023-12-05,0,0.0,,0,0.0,
NS.1.2,0,0.0,,10,0.0012132074985586713,2024-02-13,1,0.0004709343954550504,2025-05-29,1,0.0005220333420095102,2025-05-29,0,0.0,,0,0.0,,0,0.0,
NS.2,0,0.0,,158,0.022097006252030406,2023-11-14,49,0.012802053759828257,2023-11-28,17,0.007517875480403545,2024-02-29,1,0.0011826925629345845,2024-03-31,0,0.0,,0,0.0,
NS.3,0,0.0,,26,0.007370881188940015,2024-05-08,16,0.0068737370154240895,2024-11-12,8,0.005945444265093046,2024-11-12,4,0.0052936489339849855,2025-06-24,1,0.0024955389205188585,2025-07-22,0,0.0,
NT.1,5,0.006067445726697975,2025-01-06,99,0.03586840034736091,2024-10-01,64,0.03449856835920049,2024-11-12,36,0.032073526203602716,2024-11-12,14,0.027597617572890813,2024-12-03,7,0.028812480313611118,2024-12-03,2,0.021678914696310628,2025-04-16
NT.2,0,0.0,,5,0.0033570614223355916,2025-02-11,4,0.0034653186292764168,2025-02-11,2,0.0033693579327879843,2025-02-23,1,0.0034091708257487073,2025-02-23,1,0.004840901506910997,2025-02-23,1,0.00854987361338729,2025-02-23
NT.2.1,0,0.0,,3,0.005384171046875686,2025-02-11,3,0.005698356041042158,2025-02-11,2,0.006151919002972086,2025-04-15,2,0.0074894092647851155,2025-04-15,2,0.010634695193899289,2025-04-15,1,0.01403701261513664,2025-05-11
NT.3,0,0.0,,2,0.00015681295172221163,2024-12-29,0,0.0,,0,0.0,,0,0.0,,0,0.0,,0,0.0,
NT.4,0,0.0,,4,0.0005085914230221093,2024-11-21,2,0.00035253805345422136,2024-11-24,0,0.0,,0,0.0,,0,0.0,,0,0.0,
NT.5,2,0.0024269782906791897,2024-11-23,4,0.00042893519281908603,2024-12-22,0,0.0,,0,0.0,,0,0.0,,0,0.0,,0,0.0,
NU.1,0,0.0,,2,0.00025609050064389325,2025-02-13,1,0.0001445593678656177,2025-02-13,0,0.0,,0,0.0,,0,0.0,,0,0.0,
NV.1,36,0.04368560923222542,2024-08-29,30,0.013796317902018743,2024-08-18,22,0.013811961421772092,2024-09-04,13,0.013234776892455748,2024-12-11,7,0.013027470699979416,2025-01-02,3,0.011953809547167857,2025-01-21,1,0.00949145462370951,2025-02-09
NW.1,71,0.08615772931911124,2025-01-23,86,0.05605896671700155,2025-01-14,60,0.056734464973043755,2025-02-03,37,0.05794044866320336,2025-02-03,19,0.06161197679060791,2025-02-27,10,0.07418073976937599,2025-02-27,7,0.11121120060695742,2025-05-27
NW.1.1,0,0.0,,3,0.0008082174015191539,2025-03-11,1,0.0006598670376277411,2025-03-11,1,0.0007314662047605821,2025-03-11,1,0.0008904944567970554,2025-03-11,0,0.0,,0,0.0,
NW.1.2,0,0.0,,33,0.013668921195070011,2025-05-06,25,0.01360522973302947,2025-05-18,15,0.01267713102847257,2025-05-28,7,0.01115150920819653,2025-05-28,2,0.006415614893967575,2025-06-24,0,0.0,
NW.1.2.1,6,0.00728093487203757,2025-07-31,27,0.022825802594845502,2025-05-12,19,0.02336498025373346,2025-06-10,12,0.024267106089692812,2025-07-17,8,0.0271606617762817,2025-07-17,5,0.034124861442240986,2025-07-17,5,0.06027043764244836,2025-07-17
NW.1.2.2,2,0.0024269782906791897,2025-06-10,17,0.02395414074040118,2025-05-19,14,0.0250228845052562,2025-05-19,12,0.027292352930570873,2025-05-19,10,0.0319853012959707,2025-05-19,8,0.04228314815418034,2025-05-19,4,0.052022196524843425,2025-05-19
NW.1.2.3,0,0.0,,11,0.008891067783190829,2025-04-29,10,0.009323971817056393,2025-04-29,7,0.009558282174819202,2025-06-17,4,0.010154091585246976,2025-06-19,3,0.012757122984209996,2025-09-02,1,0.012790262118466544,2025-09-02
NW.1.2.4,1,0.0012134891453395948,2025-09-01,0,0.0,,0,0.0,,0,0.0,,0,0.0,,0,0.0,,0,0.0,
NW.1.2.5,0,0.0,,2,0.0034853517809804078,2025-06-30,2,0.003688734106586661,2025-06-30,2,0.004088981845518433,2025-06-30,2,0.004977968419702688,2025-06-30,2,0.007068538379563843,2025-06-30,1,0.00790953784749877,2025-06-30
NW.1.3,0,0.0,,11,0.010616773930174628,2025-03-11,6,0.010773719791457255,2025-03-25,3,0.01119641730563111,2025-03-25,3,0.013630633215535284,2025-03-25,3,0.01935501511830068,2025-03-25,1,0.023340697080166208,2025-05-06
NW.1.4,0,0.0,,6,0.0006563529880991994,2025-03-05,1,0.00022282969868389773,2025-09-23,0,0.0,,0,0.0,,0,0.0,,0,0.0,
NW.1.5,4,0.004853956581358379,2025-03-31,58,0.019340419016028614,2025-01-20,39,0.018583653255509636,2025-02-19,21,0.016453403044680143,2025-02-20,6,0.011253131640897366,2025-04-30,3,0.01122768491466933,2025-05-29,0,0.0,
NW.1.6,0,0.0,,9,0.0028487566435602537,2025-02-25,5,0.0026608830392229085,2025-02-25,4,0.002706732754307528,2025-02-25,2,0.0021845184122201147,2025-06-10,0,0.0,,0,0.0,
NW.1.7,5,0.006067445726697975,2025-04-07,20,0.009044293144012146,2025-04-22,13,0.008915344355879014,2025-05-08,7,0.008403225420756617,2025-05-08,6,0.00977962368135443,2025-05-08,3,0.008977151221114726,2025-05-08,0,0.0,
NW.1.7.1,3,0.003640467436018785,2025-06-12,3,0.005898522316748751,2025-08-27,3,0.0062427214856726095,2025-08-27,2,0.006726234959913512,2025-08-27,2,0.008188587398754861,2025-08-27,2,0.011627503315091057,2025-08-27,2,0.020536192203320952,2025-08-27
NW.1.7.2,7,0.008494424017377164,2025-05-27,5,0.0007079644539634372,2025-05-15,3,0.0005635213522124297,2025-07-10,0,0.0,,0,0.0,,0,0.0,,0,0.0,
NW.1.7.3,0,0.0,,3,0.00023200496441986944,2025-02-25,0,0.0,,0,0.0,,0,0.0,,0,0.0,,0,0.0,
NW.1.7.4,1,0.0012134891453395948,2025-05-27,3,0.002083305146005934,2025-05-12,2,0.0021327536533805665,2025-05-12,2,0.002364169039471907,2025-05-12,1,0.002150352694846655,2025-07-10,1,0.0030534244638759553,2025-07-10,0,0.0,
NW.2,0,0.0,,8,0.0010201724388828068,2025-01-02,1,0.0003895066792796363,2025-09-03,1,0.0004317702751842913,2025-09-03,0,0.0,,0,0.0,,0,0.0,
NW.3,16,0.019415826325433518,2025-01-24,130,0.0616967592950094,2024-07-03,80,0.06025918716392332,2024-12-05,45,0.05895836444151089,2024-12-05,23,0.05946869801651869,2024-12-05,12,0.06552399504616453,2024-12-05,7,0.09032052820036841,2024-12-05
NW.3.1,0,0.0,,1,8.492751654555586e-05,2025-04-28,0,0.0,,0,0.0,,0,0.0,,0,0.0,,0,0.0,
NW.3.2,2,0.0024269782906791897,2025-07-12,13,0.010887037057765283,2024-12-24,7,0.01094676721101733,2024-12-24,5,0.011761503636293627,2025-05-01,4,0.013826126524648666,2025-06-10,4,0.019632608674930434,2025-06-10,1,0.015898186494713428,2025-08-14
NY.1,6,0.00728093487203757,2025-01-21,30,0.011800343857768816,2025-02-09,18,0.011090265236352053,2025-02-18,13,0.011266664882905245,2025-02-18,9,0.011295678296233397,2025-03-04,2,0.005022262207819481,2025-03-26,0,0.0,
NY.1.1,21,0.025483272052131495,2025-02-10,38,0.011061676406582328,2025-01-12,23,0.010108198079556542,2025-01-28,7,0.008171128418997291,2025-02-12,4,0.008484369536435107,2025-02-18,2,0.009572474072931556,2025-02-18,1,0.010381278257395911,2025-02-25
NY.1.2,3,0.003640467436018785,2025-08-01,19,0.00800672046528883,2025-02-18,12,0.007629524584476697,2025-02-18,9,0.00779613973232991,2025-02-18,7,0.008295953175772112,2025-03-18,1,0.0023131378092207436,2025-07-02,0,0.0,
NY.1.2.1,0,0.0,,16,0.002151690301841028,2025-02-06,3,0.0009218529000090601,2025-03-27,2,0.0007731798689976419,2025-04-08,0,0.0,,0,0.0,,0,0.0,
NY.10,5,0.006067445726697975,2025-03-19,273,0.12540171393398347,2024-11-12,218,0.1270211387558176,2024-11-12,148,0.12491385874068975,2024-11-12,89,0.12031880204578028,2024-11-12,28,0.07937868247267224,2025-01-07,1,0.008867993952282847,2025-05-07
NY.11,0,0.0,,42,0.015357003214493343,2025-01-22,27,0.014755124604662995,2025-01-22,12,0.012926073534041804,2025-02-16,8,0.013726435003133782,2025-03-16,2,0.011392458835322982,2025-05-15,1,0.016194367336246282,2025-08-20
NY.11.1,0,0.0,,37,0.015095868980774228,2025-01-28,26,0.014836041420916183,2025-01-28,11,0.012907890648780632,2025-02-09,8,0.01384909431960545,2025-03-18,4,0.01401587566626146,2025-03-18,0,0.0,
NY.12,8,0.009707913162716759,2025-02-03,77,0.020516931281325,2024-12-10,40,0.01792891730211518,2024-12-10,17,0.015043666054899422,2024-12-17,7,0.013736567745320578,2025-01-28,4,0.015020424678975674,2025-03-06,1,0.009993954536407055,2025-06-10
NY.12.1,0,0.0,,3,0.00034081947944792485,2025-04-24,1,0.00015241532179524554,2025-07-09,0,0.0,,0,0.0,,0,0.0,,0,0.0,
NY.13,64,0.07766330530173407,2025-01-02,308,0.21706455989756865,2024-11-26,241,0.22290360817153468,2024-11-26,184,0.23421931731645548,2024-11-26,114,0.24766850606277768,2024-11-26,59,0.26855526020521703,2024-11-26,19,0.2547318499693537,2025-01-07
NY.13.1,12,0.01456186974407514,2025-02-08,46,0.03710656152932502,2024-12-17,27,0.0374754745853903,2024-12-17,18,0.039547259391632845,2025-01-22,12,0.04503538697006153,2025-02-04,8,0.058456303477897924,2025-02-19,4,0.07762233271717912,2025-02-19
NY.13.2,0,0.0,,12,0.009230772748470116,2025-01-05,6,0.009185025056776031,2025-05-26,5,0.01000545060056103,2025-05-26,4,0.011771818873606852,2025-06-04,2,0.014500800415787971,2025-06-04,1,0.020223276266281936,2025-07-30
NY.13.2.1,2,0.0024269782906791897,2025-09-24,1,0.0004873706731284884,2025-08-06,1,0.0005158104367913903,2025-08-06,1,0.0005717786782199389,2025-08-06,0,0.0,,0,0.0,,0,0.0,
NY.13.3,0,0.0,,39,0.018954838583358682,2025-01-09,25,0.018694410567467123,2025-01-23,13,0.01807449301263122,2025-01-23,7,0.01876177025675553,2025-03-31,5,0.023524096067901373,2025-03-31,2,0.025184102482114678,2025-04-06
NY.13.3.1,0,0.0,,6,0.0011604815847712892,2025-05-13,3,0.0008946215906099051,2025-05-19,1,0.0006116740383871637,2025-05-19,0,0.0,,0,0.0,,0,0.0,
NY.14,26,0.031550717778829465,2025-02-03,176,0.07539134425892074,2024-12-22,127,0.07496605622978174,2024-12-29,79,0.0722575761049365,2024-12-29,39,0.06573684711389192,2025-01-21,12,0.0532732254499528,2025-01-30,5,0.05192605212337346,2025-01-30
NY.15,121,0.14683218658609098,2025-01-07,241,0.14894659035191277,2024-12-17,196,0.15305410900532893,2024-12-19,130,0.1551360618994627,2024-12-19,69,0.15536802737991348,2025-01-10,37,0.1728640877582248,2025-02-17,16,0.19643449543950936,2025-03-23
NY.15.1,18,0.02184280461611271,2025-04-07,67,0.04160677431807713,2025-02-06,50,0.042337416851827576,2025-02-10,32,0.04324013920816779,2025-03-23,14,0.04366598528683239,2025-04-17,9,0.05442626133906523,2025-04-30,5,0.07795146599087457,2025-05-28
NY.15.2,0,0.0,,18,0.006999875294620857,2025-01-14,13,0.006859103136548519,2025-01-28,5,0.005828539965988687,2025-01-28,3,0.005930843664577809,2025-02-11,1,0.005747004507867218,2025-05-13,1,0.010150209031868066,2025-05-13
NY.16,27,0.032764206924169065,2024-11-24,82,0.048605033818886346,2024-12-18,57,0.049032028933096,2024-12-18,41,0.050818148124323836,2024-12-18,21,0.05194799499036453,2025-01-05,12,0.06096721921793184,2025-02-19,6,0.07025935838589574,2025-02-19
NY.16.1,2,0.0024269782906791897,2025-04-13,69,0.018269312670180567,2025-01-13,43,0.01667074572098722,2025-01-22,22,0.013602473088634123,2025-02-03,8,0.009175229462455817,2025-04-02,1,0.002923184805749813,2025-04-23,0,0.0,
NY.16.2,6,0.00728093487203757,2025-02-17,26,0.009882877015651598,2025-01-28,15,0.009339386944433859,2025-02-18,10,0.00934277879092816,2025-02-18,6,0.009469732872937018,2025-02-18,3,0.009507784568568638,2025-02-18,1,0.008034516338970099,2025-02-18
NY.17,1,0.0012134891453395948,2025-03-30,33,0.00913517957511412,2024-10-02,21,0.008442967423591278,2025-01-27,9,0.006707438330967969,2025-02-17,3,0.0049593066664444406,2025-02-27,2,0.005404239262875531,2025-04-08,0,0.0,
NY.17.1,0,0.0,,6,0.0007108025433602953,2025-03-04,2,0.0004449592674620278,2025-03-11,1,0.0003197283617794175,2025-06-05,0,0.0,,0,0.0,,0,0.0,
NY.17.2,0,0.0,,3,0.0008356357484792761,2025-04-27,3,0.0008843979832737309,2025-04-27,2,0.0008123089238935138,2025-06-05,0,0.0,,0,0.0,,0,0.0,
NY.18,10,0.01213489145339595,2025-01-20,31,0.008587281256526807,2024-12-17,10,0.007111540561931391,2024-12-17,4,0.006607944394366442,2025-04-15,2,0.007065726117194277,2025-05-06,1,0.008838853219087492,2025-05-06,1,0.015610951349163418,2025-05-06
NY.19,54,0.06552841384833813,2025-03-06,464,0.27773979037723295,2024-12-03,382,0.28523788495488334,2024-12-03,255,0.2870030035661537,2024-12-09,155,0.29526387432455126,2024-12-27,66,0.2810524213913592,2025-02-18,26,0.2924183907169119,2025-02-18
NY.2,1,0.0012134891453395948,2025-09-04,40,0.022862619057359368,2024-12-26,25,0.022791491410201852,2024-12-26,14,0.023027873266285494,2024-12-31,8,0.024960613948402415,2025-01-28,4,0.029405993598338856,2025-01-28,3,0.04663400403925532,2025-04-08
NY.20,0,0.0,,9,0.005158635484778733,2025-01-30,7,0.0052796214972535595,2025-01-30,5,0.005359516684888766,2025-05-07,4,0.005820147614534145,2025-05-07,2,0.004667382039471057,2025-05-07,0,0.0,
NY.20.1,3,0.003640467436018785,2025-06-22,3,0.0012160222032966176,2025-03-27,1,0.0010795433143318495,2025-05-06,1,0.001196679642989612,2025-05-06,1,0.0014568500659479199,2025-05-06,0,0.0,,0,0.0,
NY.21,63,0.07644981615639448,2024-12-23,260,0.1260151948928386,2024-12-17,202,0.12766910127137945,2024-12-19,115,0.1222596682591145,2024-12-19,55,0.11527865020573443,2025-01-02,25,0.11911166599601214,2025-01-14,11,0.137229941269999,2025-01-14
NY.22,7,0.008494424017377164,2025-03-19,20,0.015504797504843808,2025-02-04,14,0.015779292523184395,2025-04-02,9,0.016470259273655113,2025-04-02,6,0.018276128589639295,2025-05-06,5,0.024334277503280023,2025-05-06,3,0.030364041775372143,2025-05-15
NY.23,121,0.14683218658609098,2024-12-31,378,0.237205218701662,2024-10-15,309,0.24411618857706036,2024-11-20,227,0.25185287260249345,2025-01-02,130,0.2555557584403463,2025-01-02,54,0.24965034188368915,2025-01-07,22,0.27631442474022916,2025-03-11
NY.24,33,0.040045141796206635,2025-03-03,81,0.05252991622927405,2024-12-23,48,0.052522359012661175,2025-02-09,31,0.05480282105587954,2025-02-09,25,0.06327785764320619,2025-03-09,15,0.07323813991356636,2025-03-09,5,0.07488134963768941,2025-04-09
NY.25,0,0.0,,174,0.04979968602119436,2024-10-30,98,0.04490789921016449,2024-11-24,54,0.04037233608049476,2024-11-24,17,0.029296057100208023,2025-02-19,5,0.023664271887079414,2025-05-08,1,0.023532543106747933,2025-05-28
NY.25.1,0,0.0,,21,0.0027160385024310395,2024-07-15,9,0.0017451149453686415,2024-12-11,1,0.0003791151550631678,2025-05-13,0,0.0,,0,0.0,,0,0.0,
NY.26,0,0.0,,15,0.0029944082234503932,2024-11-26,8,0.0024962705514376283,2025-01-09,5,0.002180708018807057,2025-01-09,0,0.0,,0,0.0,,0,0.0,
NY.26.1,1,0.0012134891453395948,2025-05-08,11,0.001846338195448796,2024-11-26,5,0.001374687822632793,2025-01-09,3,0.0010924423078458461,2025-01-09,0,0.0,,0,0.0,,0,0.0,
NY.26.2,2,0.0024269782906791897,2025-01-29,14,0.013458748161459111,2024-11-26,12,0.014017900574118277,2024-12-30,8,0.014655552097761801,2025-02-06,4,0.01594186379510173,2025-04-15,2,0.019454653087829437,2025-05-28,2,0.034360299389643134,2025-05-28
NY.26.3,0,0.0,,2,0.001039559381048408,2025-02-23,2,0.001100221264786281,2025-02-23,2,0.0012196012636777834,2025-02-23,0,0.0,,0,0.0,,0,0.0,
NY.26.4,0,0.0,,5,0.0005978038967698723,2025-01-23,1,0.00026965770444107456,2025-04-09,0,0.0,,0,0.0,,0,0.0,,0,0.0,
NY.3,29,0.03519118521484825,2025-01-26,139,0.07949909105849509,2024-12-30,107,0.08084155179754202,2024-12-30,74,0.08229574933951886,2024-12-30,38,0.08062852542311758,2025-02-09,18,0.08403399419315762,2025-02-09,8,0.09438203173472734,2025-02-09
NY.3.1,4,0.004853956581358379,2025-05-30,19,0.018556991870284482,2025-02-05,14,0.01914401764303181,2025-02-05,10,0.020441383912469586,2025-02-06,8,0.024073583077737472,2025-02-06,6,0.03148437618445073,2025-02-06,2,0.033607954255881124,2025-02-06
NY.3.1.1,0,0.0,,3,0.0022447953607379295,2025-02-05,3,0.0023757869305038324,2025-02-05,1,0.002194092791640492,2025-02-13,1,0.0026711110587723545,2025-02-13,1,0.0037928828476050214,2025-02-13,0,0.0,
NY.3.1.2,3,0.003640467436018785,2025-03-28,5,0.0009598520755705381,2025-01-22,3,0.0008394999971486361,2025-01-22,2,0.0007598406392563996,2025-04-29,0,0.0,,0,0.0,,0,0.0,
NY.3.1.3,0,0.0,,4,0.0021093541986326207,2025-02-10,2,0.002062678053550263,2025-02-10,1,0.0021057490630486736,2025-02-19,1,0.0025635604978690696,2025-02-19,1,0.0036401648704319375,2025-02-19,0,0.0,
NY.3.2,1,0.0012134891453395948,2024-12-26,4,0.0013062950686455084,2024-12-30,2,0.0011816487706282565,2024-12-30,2,0.0013098640973472403,2024-12-30,1,0.0010913684493793574,2025-07-01,0,0.0,,0,0.0,
NY.3.3,4,0.004853956581358379,2025-01-07,15,0.012481807531091068,2025-02-04,11,0.012785164896158056,2025-02-04,9,0.01360065004373046,2025-02-04,4,0.014236516207832117,2025-05-21,3,0.018949728651910722,2025-05-21,2,0.02950575373695938,2025-05-21
NY.3.3.1,0,0.0,,3,0.000745242846297672,2025-05-13,2,0.0006962781396187215,2025-05-13,1,0.0005673056626431191,2025-09-17,0,0.0,,0,0.0,,0,0.0,
NY.3.4,18,0.02184280461611271,2025-03-17,30,0.019014688736163996,2025-01-30,25,0.019608056116481896,2025-01-30,15,0.01965711383421168,2025-04-10,8,0.020301099693580626,2025-04-10,6,0.025590214467234137,2025-04-10,1,0.014261978360768705,2025-08-21
NY.3.5,7,0.008494424017377164,2025-01-29,21,0.014014061868004633,2024-12-09,14,0.014155931332273775,2025-01-07,7,0.01414818775052323,2025-01-12,5,0.016107161922313935,2025-02-26,5,0.022871597936036197,2025-02-26,2,0.025430952674672633,2025-05-05
NY.3.6,0,0.0,,1,7.12317246550136e-05,2025-04-01,0,0.0,,0,0.0,,0,0.0,,0,0.0,,0,0.0,
NY.3.7,0,0.0,,1,0.00022193717318075163,2025-06-02,1,0.0002348879744933474,2025-06-02,0,0.0,,0,0.0,,0,0.0,,0,0.0,
NY.3.8,0,0.0,,1,0.00037854694997695225,2025-08-13,1,0.00040063647318020547,2025-08-13,1,0.0004441077123344851,2025-08-13,0,0.0,,0,0.0,,0,0.0,
NY.4,0,0.0,,95,0.05094691228035585,2024-11-12,73,0.051594119057346136,2024-11-12,48,0.05131206171564831,2024-11-12,32,0.053983529715047184,2024-11-12,11,0.04524125804810636,2024-11-12,4,0.04443883963407941,2024-11-12
NY.4.1,8,0.009707913162716759,2025-01-15,14,0.009064370894175283,2025-03-20,13,0.009517330225331785,2025-03-20,12,0.010379202473629192,2025-03-20,7,0.009885486776508917,2025-04-09,2,0.006045773452247602,2025-04-09,0,0.0,
NY.5,24,0.02912373948815028,2024-12-26,45,0.024751562378962293,2024-12-04,31,0.0245572590660123,2024-12-04,14,0.023585999197982793,2024-12-22,7,0.02506121358857482,2024-12-22,6,0.034454033505157314,2024-12-22,5,0.05519852035697697,2024-12-22
NY.6,17,0.020629315470773114,2025-01-20,254,0.11771887185581176,2024-11-12,203,0.11931293172720536,2024-11-12,137,0.11759119742976148,2024-11-12,86,0.11657533815250162,2024-11-12,25,0.07313210659081354,2025-02-04,2,0.017956602767398255,2025-03-20
NY.7,0,0.0,,298,0.15714904736806842,2024-10-28,246,0.16108451236710702,2024-12-16,174,0.16263821040196558,2024-12-16,96,0.15502423710187238,2025-01-06,33,0.12492065929418594,2025-01-07,8,0.09029785477627694,2025-04-08
NY.7.1,13,0.015775358889414733,2025-01-30,60,0.033078173517691614,2024-12-12,45,0.033493588599388315,2025-01-28,28,0.033426719035150904,2025-02-20,16,0.03428381263202291,2025-03-27,8,0.03693115176088899,2025-04-01,2,0.03312474904671539,2025-06-02
NY.7.1.1,2,0.0024269782906791897,2025-05-20,1,0.006528539674219984,2025-05-29,1,0.006909502533981031,2025-05-29,1,0.007659221187171868,2025-05-29,1,0.00932441439695979,2025-05-29,1,0.013240337317327624,2025-05-29,1,0.023384737429620217,2025-05-29
NY.7.2,0,0.0,,10,0.001324838241971004,2025-01-09,2,0.0006760123725926902,2025-02-05,1,0.0004948466806842896,2025-03-18,0,0.0,,0,0.0,,0,0.0,
NY.8,7,0.008494424017377164,2024-12-20,69,0.060563104352457715,2025-01-08,62,0.06340775001486637,2025-01-09,49,0.06734509152738732,2025-01-09,27,0.07024593687778838,2025-02-06,14,0.07941520754113385,2025-02-06,6,0.1016848454300238,2025-02-06
NY.9,99,0.1201354253886199,2025-01-24,382,0.21776222595973307,2024-11-12,314,0.22331592719489196,2024-11-12,229,0.2287085255203589,2024-11-12,130,0.22457907401435745,2024-11-12,53,0.2046895605542685,2025-02-02,11,0.14948577161226378,2025-03-11
NZ.1,2,0.0024269782906791897,2025-01-20,11,0.008019307638859585,2023-12-27,11,0.00848726196308119,2023-12-27,6,0.00841381465600277,2024-05-07,4,0.009438742070094904,2024-05-07,2,0.010122881263561636,2024-05-07,1,0.011726893881003852,2024-05-07
PA.1,10,0.01213489145339595,2025-01-29,25,0.006787126768746036,2024-10-29,13,0.00607816719013866,2024-12-18,6,0.005267001955150603,2025-03-26,3,0.00480060474680964,2025-04-10,1,0.0036075664644778004,2025-06-10,0,0.0,
PA.1.1,2,0.0024269782906791897,2025-04-24,5,0.0013610294132795813,2025-01-16,3,0.0012161847500146148,2025-02-02,2,0.0011788957649559357,2025-02-18,1,0.0008859109081155511,2025-05-22,0,0.0,,0,0.0,
PA.1.2,1,0.0012134891453395948,2025-05-26,1,0.00011746816373520159,2025-05-21,0,0.0,,0,0.0,,0,0.0,,0,0.0,,0,0.0,
PA.1.3,2,0.0024269782906791897,2025-02-24,1,0.00010515147051100988,2025-01-27,0,0.0,,0,0.0,,0,0.0,,0,0.0,,0,0.0,
PA.1.4,3,0.003640467436018785,2025-04-25,8,0.005474377136767968,2025-04-09,5,0.0054691517668363,2025-04-09,5,0.006062584517828624,2025-04-09,2,0.005623443512082535,2025-05-06,1,0.006885002543814433,2025-05-06,1,0.012160111395248363,2025-05-06
PA.2,2,0.0024269782906791897,2025-01-06,1,0.00020942843427331704,2024-10-29,1,0.00022164930742678743,2024-10-29,0,0.0,,0,0.0,,0,0.0,,0,0.0,
PA.3,5,0.006067445726697975,2025-02-05,45,0.010842138976373455,2024-10-06,26,0.00949094459657787,2024-10-21,13,0.007675095364076976,2024-10-29,5,0.005208397994048129,2024-12-24,0,0.0,,0,0.0,
PA.4,0,0.0,,11,0.002257841946800331,2024-08-21,5,0.0017902523610579457,2024-09-16,3,0.0016223992152737102,2024-12-02,1,0.0011554622493655786,2025-04-10,0,0.0,,0,0.0,
PA.4.1,0,0.0,,2,0.00014908110904553269,2024-11-04,0,0.0,,0,0.0,,0,0.0,,0,0.0,,0,0.0,
PA.4.2,0,0.0,,1,0.00010684735512329606,2024-09-19,0,0.0,,0,0.0,,0,0.0,,0,0.0,,0,0.0,
PB.1,0,0.0,,9,0.001510211347964954,2024-10-06,4,0.001148199443896564,2024-10-06,2,0.0008076004209969983,2025-01-21,0,0.0,,0,0.0,,0,0.0,
PB.2,0,0.0,,48,0.013085856721682164,2024-09-19,28,0.011884311125764083,2024-10-22,10,0.00941947102662181,2024-11-14,6,0.009484151976818098,2024-11-14,3,0.009149301791155395,2024-11-14,0,0.0,
PC.2,8,0.009707913162716759,2024-12-02,3,0.0005445547098359104,2025-05-01,3,0.0005763313597312365,2025-05-01,0,0.0,,0,0.0,,0,0.0,,0,0.0,
PC.2.1,0,0.0,,1,9.806797247106705e-05,2025-01-28,0,0.0,,0,0.0,,0,0.0,,0,0.0,,0,0.0,
PC.2.3,0,0.0,,1,6.759756317277112e-05,2024-11-10,0,0.0,,0,0.0,,0,0.0,,0,0.0,,0,0.0,
PC.3,19,0.023056293761452303,2024-10-24,43,0.02401027346113997,2024-10-16,32,0.024252276141012302,2024-10-16,22,0.024879311101468807,2024-10-16,12,0.023992056862450623,2024-10-16,5,0.02464273365720766,2024-10-16,3,0.03186721863045641,2024-10-16
PC.3.1,11,0.013348380598735544,2024-12-02,38,0.008851003237925988,2024-12-01,18,0.007388544652491647,2024-12-02,14,0.007443519154571538,2024-12-02,4,0.004235268618648025,2024-12-23,0,0.0,,0,0.0,
PC.3.2,1,0.0012134891453395948,2024-12-04,8,0.0024060862427824885,2024-11-19,6,0.0023912692243593437,2024-11-19,3,0.0019672173131728334,2025-02-16,2,0.0020006793556218917,2025-02-27,0,0.0,,0,0.0,
PC.3.3,0,0.0,,3,0.0002842937904466318,2025-04-16,0,0.0,,0,0.0,,0,0.0,,0,0.0,,0,0.0,
PC.3.4,1,0.0012134891453395948,2025-03-22,2,0.0007804176130122529,2025-06-12,1,0.0007343090895310772,2025-06-12,1,0.0008139856246971817,2025-06-12,1,0.0009909544446316297,2025-06-12,0,0.0,,0,0.0,
PC.4,18,0.02184280461611271,2025-01-02,24,0.0058915155309893176,2024-12-18,11,0.004893061519336782,2024-12-29,4,0.003868841148956895,2025-01-28,2,0.003880848962159102,2025-01-28,1,0.0036171315494067462,2025-02-13,0,0.0,
PC.4.1,0,0.0,,3,0.0010068415271658768,2025-04-13,3,0.0010655942110210331,2025-04-13,2,0.0008897767910889985,2025-04-13,0,0.0,,0,0.0,,0,0.0,
PC.4.1.1,0,0.0,,2,0.0004601531825021339,2025-02-26,1,0.00041241837085140797,2025-03-13,1,0.00045716801006569837,2025-03-13,0,0.0,,0,0.0,,0,0.0,
PC.5,1,0.0012134891453395948,2024-10-26,0,0.0,,0,0.0,,0,0.0,,0,0.0,,0,0.0,,0,0.0,
PD.1,1,0.0012134891453395948,2025-06-08,14,0.012567299459234153,2024-11-20,8,0.012664595599403626,2025-01-13,7,0.013810248602509779,2025-01-13,4,0.015346425018905065,2025-02-19,3,0.019692151748458484,2025-05-06,3,0.03477976331156516,2025-05-06
PD.1.1,0,0.0,,3,0.0004911208304683915,2024-11-20,1,0.0002927762940052275,2025-01-13,1,0.0003245441163264873,2025-01-13,0,0.0,,0,0.0,,0,0.0,
PD.1.2,0,0.0,,1,7.88636028832574e-05,2025-01-13,0,0.0,,0,0.0,,0,0.0,,0,0.0,,0,0.0,
PD.1.2.1,0,0.0,,1,7.88636028832574e-05,2025-01-13,0,0.0,,0,0.0,,0,0.0,,0,0.0,,0,0.0,
PD.2,15,0.018202337180093925,2024-12-27,21,0.003864446647427213,2024-07-25,7,0.0028192743546740736,2024-12-17,4,0.0024330647019189452,2025-01-31,2,0.0017564876867679276,2025-01-31,0,0.0,,0,0.0,
PD.2.1,2,0.0024269782906791897,2025-03-23,11,0.008461356723161624,2025-01-21,6,0.008495240120738611,2025-01-21,4,0.008936838832282513,2025-01-21,4,0.010879799216480638,2025-01-21,2,0.01227337622000067,2025-01-21,1,0.014187090783787637,2025-03-25
PD.3,3,0.003640467436018785,2025-03-27,26,0.014801496269845713,2025-01-14,15,0.014661079265953897,2025-01-14,9,0.014936102053342372,2025-02-04,7,0.01701039293724434,2025-02-04,4,0.020575146998204105,2025-04-09,2,0.026714942418986122,2025-04-09
PE.1,0,0.0,,3,0.0010989954332790589,2024-12-23,2,0.0010588505704255734,2024-12-23,1,0.0009451572689130156,2025-03-27,1,0.0011506441490949934,2025-03-27,0,0.0,,0,0.0,
PE.1.4,0,0.0,,1,0.00013595164987180425,2025-07-17,1,0.00014388489863935243,2025-07-17,0,0.0,,0,0.0,,0,0.0,,0,0.0,
PE.1.6,0,0.0,,1,0.0012563788911841226,2025-06-26,1,0.0013296929429036752,2025-06-26,1,0.001473971868543887,2025-06-26,1,0.001794428464186869,2025-06-26,1,0.0025480246958344997,2025-06-26,0,0.0,
PF.1,1,0.0012134891453395948,2025-03-30,18,0.0063459493426365155,2024-11-21,5,0.00543338772061343,2025-06-12,2,0.00543805310494184,2025-08-20,2,0.006620341601843043,2025-08-20,2,0.009400649974642798,2025-08-20,2,0.01660318208336687,2025-08-20
PF.2,9,0.010921402308056355,2025-02-19,101,0.049948494596283054,2024-12-19,73,0.04999681775880427,2024-12-29,44,0.048612680051644645,2024-12-29,23,0.048427098698965367,2025-01-21,12,0.05248234024166883,2025-01-21,9,0.07911422257171125,2025-01-21
PF.2.1,1,0.0012134891453395948,2025-02-24,8,0.011892557782298358,2025-02-13,7,0.01244742001410353,2025-02-13,7,0.01379803287266739,2025-02-13,7,0.01679786667907039,2025-02-13,5,0.021375645254550955,2025-05-06,3,0.02706039814719796,2025-05-06
PF.2.2,1,0.0012134891453395948,2025-06-09,3,0.00024097930755701872,2025-03-16,0,0.0,,0,0.0,,0,0.0,,0,0.0,,0,0.0,
PF.2.2.1,0,0.0,,1,7.360609560319958e-05,2025-03-20,0,0.0,,0,0.0,,0,0.0,,0,0.0,,0,0.0,
PF.2.3,2,0.0024269782906791897,2025-06-09,4,0.0005707259191510756,2025-02-06,2,0.0004280788872405127,2025-06-09,0,0.0,,0,0.0,,0,0.0,,0,0.0,
PF.2.4,0,0.0,,20,0.006309079817483025,2025-01-20,6,0.005297350432677309,2025-04-24,5,0.0056061849114361385,2025-04-24,3,0.0057192009250560715,2025-06-09,1,0.004478346162330802,2025-09-11,1,0.00790953784749877,2025-09-11
PG.1,0,0.0,,5,0.0010631299910579277,2024-09-26,4,0.000990337958377092,2024-09-26,1,0.000366403114321907,2025-02-18,0,0.0,,0,0.0,,0,0.0,
PG.2,0,0.0,,1,0.00012071273547506692,2024-07-16,0,0.0,,0,0.0,,0,0.0,,0,0.0,,0,0.0,
PG.3,1,0.0012134891453395948,2025-04-07,84,0.028491674318602854,2024-06-06,54,0.026998659933336888,2024-06-06,29,0.024555385469660518,2024-06-06,13,0.020999619588177545,2024-07-16,3,0.014881078742929958,2025-01-02,2,0.021804150643488625,2025-01-02
PG.3.1,8,0.009707913162716759,2025-03-31,7,0.0039436553893272665,2025-02-25,5,0.00401386269821928,2025-02-25,5,0.004449388659951296,2025-02-25,3,0.004567330560311827,2025-02-25,2,0.004935243782182513,2025-02-25,0,0.0,
PG.3.2,8,0.009707913162716759,2025-03-30,26,0.014277034149163294,2024-06-06,16,0.014106723263437176,2025-01-07,12,0.01475372287541355,2025-02-05,8,0.015441277908606466,2025-02-05,6,0.018167086788187254,2025-02-05,0,0.0,
PG.4,17,0.020629315470773114,2025-02-18,19,0.035536223983586794,2024-07-02,14,0.037035711184860626,2024-12-16,11,0.04040739586787514,2025-04-27,10,0.04870742777561833,2025-05-19,9,0.06766639484666132,2025-05-20,6,0.10552136542227325,2025-05-20
PG.4.1,0,0.0,,25,0.021754486118294718,2024-07-17,17,0.022274752000723555,2024-12-17,11,0.023396842337487622,2025-03-04,6,0.025801738559929354,2025-03-05,3,0.03135036382950753,2025-03-05,3,0.05537019253404237,2025-03-05
PG.5,2,0.0024269782906791897,2025-01-22,11,0.001998696601507572,2024-06-18,3,0.0012703096434217688,2024-08-21,2,0.0011607955722717114,2024-12-11,1,0.000956221129443367,2024-12-11,0,0.0,,0,0.0,
PG.6,7,0.008494424017377164,2025-01-04,0,0.0,,0,0.0,,0,0.0,,0,0.0,,0,0.0,,0,0.0,
PH.1,49,0.05946096812164015,2024-12-26,110,0.04950307778987029,2024-12-11,84,0.04974188213306066,2024-12-11,52,0.04805441212808825,2024-12-11,20,0.04215186177237019,2024-12-11,8,0.04361893540638398,2024-12-17,3,0.04859936941281842,2024-12-17
PJ.1,2,0.0024269782906791897,2025-01-21,7,0.0053068421533210555,2024-10-03,3,0.00524642127542425,2025-02-11,1,0.005317591237501154,2025-05-14,1,0.00647369008942428,2025-05-14,1,0.009192410034861294,2025-05-14,1,0.016235394148857267,2025-05-14
PL.1,0,0.0,,3,0.0009782424205444504,2025-03-02,2,0.000963829985673091,2025-05-13,2,0.001068410788011611,2025-05-13,1,0.0008721092643677247,2025-05-20,0,0.0,,0,0.0,
PL.1.1,3,0.003640467436018785,2025-04-27,2,0.00034729391642828334,2025-04-27,2,0.000367559717079321,2025-04-27,0,0.0,,0,0.0,,0,0.0,,0,0.0,
PL.1.2,0,0.0,,4,0.0006570973224548105,2025-03-04,1,0.0004357189689510479,2025-06-05,1,0.00048299684995118194,2025-06-05,0,0.0,,0,0.0,,0,0.0,
PL.2,0,0.0,,17,0.0034558583602079707,2025-03-04,11,0.0030990051378204713,2025-03-18,4,0.0019497667701603371,2025-05-13,1,0.0008356140211069044,2025-07-15,0,0.0,,0,0.0,
PL.3,1,0.0012134891453395948,2025-06-22,5,0.004620287977605762,2025-06-17,5,0.004889897753865346,2025-06-17,2,0.0048296716922266985,2025-06-17,1,0.005318615763219345,2025-06-17,1,0.007552245510371187,2025-06-17,1,0.013338578469064565,2025-06-17
PL.4,11,0.013348380598735544,2025-02-07,11,0.0017841631570783174,2025-02-26,4,0.0011779254480991461,2025-03-04,1,0.0006056004085036997,2025-04-01,0,0.0,,0,0.0,,0,0.0,
PL.5,1,0.0012134891453395948,2025-04-21,0,0.0,,0,0.0,,0,0.0,,0,0.0,,0,0.0,,0,0.0,
PM.1.1,0,0.0,,1,0.006433946344084817,2024-10-24,1,0.0068093893560145155,2024-10-24,1,0.007548245184192614,2024-10-24,1,0.00918931107318714,2024-10-24,1,0.013048495395327113,2024-10-24,1,0.023045911245176673,2024-10-24
PM.1.2,0,0.0,,1,0.0008767789691012216,2024-11-26,1,0.0009279420530549163,2024-11-26,1,0.0010286288192633418,2024-11-26,1,0.0012522632702566486,2024-11-26,0,0.0,,0,0.0,
PM.2,0,0.0,,2,0.00017551431928419748,2024-09-24,0,0.0,,0,0.0,,0,0.0,,0,0.0,,0,0.0,
PM.3,0,0.0,,2,0.00014775792157499344,2025-05-26,0,0.0,,0,0.0,,0,0.0,,0,0.0,,0,0.0,
PP.1,105,0.12741636026065747,2024-12-18,163,0.11056760845286323,2024-09-10,128,0.11351854774446236,2024-12-18,85,0.1162817782713269,2024-12-18,44,0.12075193377156414,2025-01-15,23,0.1395337067440543,2025-01-28,14,0.19982208196694837,2025-03-27
PP.1.1,1,0.0012134891453395948,2025-03-04,27,0.008026227046814188,2025-01-02,15,0.00733451728368883,2025-01-20,3,0.005775329935153825,2025-01-20,2,0.006580396775530059,2025-05-29,2,0.009343929739789399,2025-05-29,1,0.011864318279636885,2025-05-29
PP.1.1.1,5,0.006067445726697975,2025-03-28,17,0.005811955091768691,2025-03-30,12,0.005617172732322334,2025-03-30,7,0.005029988009243468,2025-04-01,2,0.0034343119365591404,2025-05-14,1,0.003617132355509837,2025-05-14,0,0.0,
PP.2,0,0.0,,17,0.04612762410144149,2025-01-21,11,0.04822553705323614,2025-01-28,9,0.053090359443173175,2025-03-09,8,0.06392529231523972,2025-05-19,8,0.09077164498807667,2025-05-19,8,0.16031850497667732,2025-05-19
PP.2.1,4,0.004853956581358379,2025-01-29,15,0.006384410018278386,2025-01-21,6,0.005924410011116647,2025-01-27,3,0.006019661319216507,2025-01-27,2,0.006701924207911296,2025-01-27,1,0.008396907199370238,2025-06-09,1,0.014830397849546107,2025-06-09
PQ.1,15,0.018202337180093925,2025-04-11,49,0.026703408114445184,2025-04-22,35,0.02700916924359376,2025-05-07,19,0.02620087829685622,2025-05-07,11,0.027570607902446344,2025-05-07,5,0.029866473271626552,2025-05-27,2,0.03832811657199328,2025-07-31
PQ.1.1,2,0.0024269782906791897,2025-06-14,15,0.0020724072987436935,2025-04-20,6,0.0012565635819902939,2025-05-08,1,0.0003791114245709746,2025-05-08,0,0.0,,0,0.0,,0,0.0,
PQ.1.2,0,0.0,,54,0.02332860363184453,2025-05-07,39,0.023313417642274643,2025-05-07,27,0.023040634425173966,2025-05-07,13,0.020557082334210015,2025-05-07,5,0.01724860365595731,2025-06-10,1,0.008961601525218259,2025-07-23
PQ.1.3,0,0.0,,3,0.0049812231658841214,2025-06-04,3,0.005271894758166345,2025-06-04,2,0.005613381186313993,2025-06-04,2,0.006833787805600151,2025-06-04,1,0.008508861483678002,2025-06-04,1,0.015028128577994536,2025-06-04
PQ.1.4,0,0.0,,3,0.00023149679524561757,2025-08-06,0,0.0,,0,0.0,,0,0.0,,0,0.0,,0,0.0,
PQ.1.5,0,0.0,,2,0.00026214971087621227,2025-05-06,1,0.00019789431898874566,2025-08-26,0,0.0,,0,0.0,,0,0.0,,0,0.0,
PQ.1.6,0,0.0,,1,6.977843103687554e-05,2025-09-30,0,0.0,,0,0.0,,0,0.0,,0,0.0,,0,0.0,
PQ.1.6.1,0,0.0,,1,6.977843103687554e-05,2025-09-30,0,0.0,,0,0.0,,0,0.0,,0,0.0,,0,0.0,
PQ.10,5,0.006067445726697975,2025-05-27,4,0.0015104279707259765,2025-05-07,3,0.0015085717869362434,2025-05-07,3,0.0016722600413049534,2025-05-07,1,0.001195671809581849,2025-08-26,0,0.0,,0,0.0,
PQ.10.1,0,0.0,,3,0.0004350650869920811,2025-05-07,1,0.0002887024157452101,2025-05-07,1,0.0003200282000894458,2025-05-07,0,0.0,,0,0.0,,0,0.0,
PQ.10.1.1,0,0.0,,2,0.0005465418096339625,2025-08-18,1,0.00047532966320916345,2025-08-18,1,0.0005269055202510021,2025-08-18,0,0.0,,0,0.0,,0,0.0,
PQ.10.1.2,0,0.0,,2,0.00035781741041146037,2025-05-07,1,0.0002887024157452101,2025-05-07,1,0.0003200282000894458,2025-05-07,0,0.0,,0,0.0,,0,0.0,
PQ.10.1.3,0,0.0,,3,0.001731754956673768,2025-07-21,3,0.0018328088452340195,2025-07-21,2,0.001842888479699549,2025-08-14,2,0.002243551328806431,2025-08-14,0,0.0,,0,0.0,
PQ.10.1.4,0,0.0,,1,8.078704076285621e-05,2025-09-25,0,0.0,,0,0.0,,0,0.0,,0,0.0,,0,0.0,
PQ.11,15,0.018202337180093925,2025-06-27,22,0.023553673753110013,2025-05-01,16,0.02436125676641441,2025-05-01,12,0.02617657281900155,2025-05-01,9,0.029853329535860146,2025-05-01,6,0.03808614648051288,2025-07-10,5,0.06320363003394554,2025-07-14
PQ.12,4,0.004853956581358379,2025-06-05,29,0.02327969094110608,2025-04-22,20,0.023670944945113428,2025-04-22,16,0.025182592811228637,2025-04-22,12,0.02843122404433369,2025-04-22,9,0.035543105113987804,2025-04-22,4,0.03683189908872547,2025-05-06
PQ.13,2,0.0024269782906791897,2025-05-27,24,0.00854176457472445,2025-04-22,13,0.008021044084652056,2025-04-22,5,0.007303821936759673,2025-04-22,2,0.007679398701172217,2025-04-22,2,0.010904473446709927,2025-04-22,1,0.014853810895239142,2025-06-08
PQ.13.1,0,0.0,,28,0.00588082562832856,2025-03-18,11,0.004666688052769144,2025-04-22,5,0.003997644008348635,2025-04-22,2,0.003506201288996986,2025-04-22,2,0.004978681319001143,2025-04-22,0,0.0,
PQ.14,13,0.015775358889414733,2025-07-06,80,0.07314013719568402,2025-05-07,58,0.07527879912655223,2025-05-20,43,0.08043219066888832,2025-06-19,24,0.0878401796233437,2025-06-19,12,0.10642979045140126,2025-06-19,11,0.18281511987856605,2025-06-19
PQ.15,0,0.0,,9,0.0019230178169297937,2025-05-06,4,0.0015824119346496118,2025-05-06,1,0.0011281707859518559,2025-05-28,1,0.001373446681025178,2025-05-28,0,0.0,,0,0.0,
PQ.16,0,0.0,,13,0.00224792830882265,2025-06-05,5,0.00161446759201751,2025-06-24,4,0.0016046020473615957,2025-07-01,0,0.0,,0,0.0,,0,0.0,
PQ.17,0,0.0,,128,0.1119559912925201,2025-04-15,116,0.11717868737063465,2025-04-15,87,0.12389305493967602,2025-04-22,59,0.13528973769288008,2025-04-22,31,0.14914354544181682,2025-04-22,14,0.17577259508914284,2025-05-21
PQ.17.1,0,0.0,,29,0.013524253360745982,2025-04-15,14,0.012762901943021902,2025-05-07,8,0.013044728755200756,2025-05-07,4,0.01353690057222949,2025-07-01,3,0.017930086836670592,2025-07-20,2,0.025751502825951855,2025-08-12
PQ.17.2,0,0.0,,24,0.018703414216481806,2025-06-18,19,0.019273112104606166,2025-06-18,9,0.019322657722409278,2025-06-18,6,0.02186892624963273,2025-06-18,4,0.02864767858240082,2025-06-24,3,0.04322056990801231,2025-07-14
PQ.17.3,0,0.0,,25,0.006211437406056852,2025-05-22,21,0.006186262522097929,2025-05-22,8,0.004268434219165927,2025-08-05,1,0.0009550492230366062,2025-09-23,0,0.0,,0,0.0,
PQ.17.4,0,0.0,,16,0.003969698479859614,2025-07-08,10,0.0036578679549248766,2025-07-08,6,0.00325600094316642,2025-07-08,1,0.0008212118533833222,2025-09-23,0,0.0,,0,0.0,
PQ.18,0,0.0,,24,0.0062822785472871,2025-05-22,19,0.0061216452853312875,2025-05-22,7,0.00454931222490374,2025-08-13,2,0.002703573509624378,2025-08-19,1,0.0021510185203967294,2025-08-19,0,0.0,
PQ.19,0,0.0,,16,0.0036478288548166694,2025-05-13,7,0.0029738677493365913,2025-07-01,2,0.002341902042445054,2025-07-23,1,0.00224561621540591,2025-09-16,1,0.00318869528009493,2025-09-16,0,0.0,
PQ.2,74,0.08979819675513002,2025-04-28,99,0.05805435952329881,2025-04-29,80,0.059372912866155474,2025-04-29,54,0.060227547366054124,2025-04-29,26,0.05766194088120957,2025-04-29,13,0.06371292444045595,2025-04-29,6,0.07691906528512629,2025-07-14
PQ.2.1,0,0.0,,102,0.057363393199035356,2025-05-06,81,0.058346138705997086,2025-05-06,52,0.058428081193734716,2025-05-07,30,0.05826317986558109,2025-06-11,14,0.059841557918041924,2025-06-24,5,0.0607531967532468,2025-07-14
PQ.2.2,0,0.0,,40,0.013111477960917203,2025-04-22,23,0.012246326593625671,2025-05-07,9,0.010449655616566886,2025-05-07,4,0.009888857544928688,2025-06-24,2,0.010380793947571732,2025-06-24,1,0.014406675586507156,2025-07-28
PQ.2.3,0,0.0,,1,8.144949568953049e-05,2025-08-06,0,0.0,,0,0.0,,0,0.0,,0,0.0,,0,0.0,
PQ.2.4,0,0.0,,23,0.01790529209808123,2025-05-07,20,0.018702707310172796,2025-05-07,14,0.019225767125328492,2025-05-07,7,0.019749350148351188,2025-06-08,3,0.02222355459855369,2025-07-09,3,0.039250660809063094,2025-07-09
PQ.2.4.1,0,0.0,,1,9.670848247054607e-05,2025-05-29,0,0.0,,0,0.0,,0,0.0,,0,0.0,,0,0.0,
PQ.2.4.2,0,0.0,,23,0.006797108242108208,2025-05-07,17,0.006601582162289472,2025-05-07,10,0.005679229192076363,2025-05-07,3,0.003322320412389739,2025-08-14,0,0.0,,0,0.0,
PQ.2.5,0,0.0,,72,0.07554728462501355,2025-05-14,58,0.07862133119407623,2025-05-29,47,0.08459496242717408,2025-05-29,34,0.09607433663962545,2025-05-29,26,0.12311648516912309,2025-05-29,11,0.13689301480019836,2025-05-29
PQ.2.5.1,0,0.0,,2,0.0007183191544312976,2025-08-12,1,0.0006304002343325916,2025-08-12,1,0.0006988020928355232,2025-08-12,1,0.0008507288320612084,2025-08-12,0,0.0,,0,0.0,
PQ.2.5.2,0,0.0,,3,0.00032910098302252,2025-08-12,1,0.00014161820528330724,2025-08-12,0,0.0,,0,0.0,,0,0.0,,0,0.0,
PQ.2.6,0,0.0,,1,7.047394246439089e-05,2025-09-18,0,0.0,,0,0.0,,0,0.0,,0,0.0,,0,0.0,
PQ.2.7,0,0.0,,47,0.027177165140094037,2025-05-08,33,0.02722568746678725,2025-05-14,20,0.027164355158025583,2025-07-01,10,0.027205766642939066,2025-07-01,6,0.03273205744359693,2025-07-01,4,0.04703679408555352,2025-08-04
PQ.2.7.1,0,0.0,,1,0.001778512747781249,2025-07-29,1,0.001882295115098665,2025-07-29,1,0.0020865343858217306,2025-07-29,1,0.002540168352820704,2025-07-29,1,0.0036069488551594715,2025-07-29,0,0.0,
PQ.2.8,0,0.0,,8,0.001778350181342243,2025-05-15,5,0.0015850253276235241,2025-06-17,2,0.001123847223218526,2025-06-17,0,0.0,,0,0.0,,0,0.0,
PQ.2.8.1,0,0.0,,14,0.0024753445804564325,2025-05-15,6,0.0017919917484835607,2025-05-18,2,0.0009669072041781734,2025-06-17,0,0.0,,0,0.0,,0,0.0,
PQ.2.9,0,0.0,,12,0.002361479244085441,2025-05-07,6,0.001921803657416794,2025-05-07,4,0.0017044292412657144,2025-05-07,1,0.0007793688528145319,2025-08-13,0,0.0,,0,0.0,
PQ.20,0,0.0,,11,0.009112985413951245,2025-05-07,9,0.009467691674057631,2025-05-07,7,0.01003670466415565,2025-05-07,5,0.011223742203785463,2025-05-20,2,0.011213903373171663,2025-05-20,2,0.019805702804834586,2025-05-20
PQ.21,0,0.0,,9,0.002140351590825086,2025-06-23,4,0.0017812410455503942,2025-06-23,4,0.0019745153994001276,2025-06-23,1,0.0008714901957725822,2025-06-23,0,0.0,,0,0.0,
PQ.22,0,0.0,,40,0.013482041202854355,2025-05-20,25,0.0127166187709817,2025-05-20,17,0.012273803502422381,2025-05-27,5,0.009268155887895308,2025-06-02,2,0.008358120743036967,2025-06-18,1,0.010528609361792441,2025-07-21
PQ.23,0,0.0,,67,0.024541557211429813,2025-05-29,49,0.02405499185910648,2025-07-23,28,0.02165107325839005,2025-07-31,12,0.01781363789290399,2025-08-06,4,0.013969007892088998,2025-08-13,1,0.008959482083400784,2025-09-30
PQ.24,0,0.0,,28,0.0032996484412055114,2025-04-30,8,0.0015849474341401166,2025-04-30,1,0.0003479933685042344,2025-08-20,0,0.0,,0,0.0,,0,0.0,
PQ.25,0,0.0,,11,0.003697642153027943,2025-05-22,5,0.0032364289437834745,2025-07-23,2,0.0028103770189111623,2025-08-12,2,0.003421381795307089,2025-08-12,2,0.004858240650050893,2025-08-12,0,0.0,
PQ.25.1,0,0.0,,10,0.001584666048329223,2025-05-06,5,0.0011159316302003207,2025-05-21,1,0.00048028377178509094,2025-09-24,0,0.0,,0,0.0,,0,0.0,
PQ.25.3,0,0.0,,3,0.001655614308521113,2025-07-22,3,0.0017522251270363377,2025-07-22,1,0.0015093471933889404,2025-07-22,1,0.001837494747327354,2025-07-22,1,0.0026091772885345277,2025-07-22,0,0.0,
PQ.25.3.1,0,0.0,,3,0.001655614308521113,2025-07-22,3,0.0017522251270363377,2025-07-22,1,0.0015093471933889404,2025-07-22,1,0.001837494747327354,2025-07-22,1,0.0026091772885345277,2025-07-22,0,0.0,
PQ.26,0,0.0,,39,0.005211713493359642,2025-04-22,12,0.0030397295991702452,2025-04-22,4,0.0015365773771230816,2025-05-07,0,0.0,,0,0.0,,0,0.0,
PQ.27,0,0.0,,10,0.002544930170864153,2025-05-11,6,0.0023692111359923307,2025-05-20,2,0.0019094959514975845,2025-06-29,1,0.0018266639326822143,2025-06-29,1,0.002593797916359707,2025-06-29,0,0.0,
PQ.28,0,0.0,,12,0.005248217277148117,2025-05-01,6,0.00498944583599364,2025-05-01,4,0.005072544764716189,2025-05-01,3,0.0055699286605332505,2025-05-01,1,0.004319808255190206,2025-06-25,1,0.0076295323429356405,2025-06-25
PQ.29,0,0.0,,1,0.0001267859235063388,2025-04-29,0,0.0,,0,0.0,,0,0.0,,0,0.0,,0,0.0,
PQ.3,2,0.0024269782906791897,2025-05-25,22,0.014182008765924951,2025-05-29,17,0.01444604361305755,2025-05-29,14,0.015435081963939551,2025-06-05,7,0.015119628581497555,2025-06-10,5,0.019211742519747513,2025-06-10,1,0.012776969098979673,2025-06-10
PQ.30,0,0.0,,2,0.00022917157845299088,2025-08-04,1,0.00017100241764825497,2025-08-04,0,0.0,,0,0.0,,0,0.0,,0,0.0,
PQ.31,0,0.0,,13,0.0039356512776757245,2025-05-07,9,0.003686180097753564,2025-05-07,5,0.003280000209786902,2025-05-07,2,0.0021879811468135764,2025-07-10,0,0.0,,0,0.0,
PQ.31.1,0,0.0,,13,0.003972211900096908,2025-05-07,10,0.0038343021635123906,2025-05-07,5,0.003279999898912553,2025-05-07,2,0.0021879811468135764,2025-07-10,0,0.0,,0,0.0,
PQ.32,0,0.0,,258,0.1642288501019393,2025-04-30,225,0.17041565928875246,2025-04-30,179,0.17841252995835757,2025-04-30,124,0.18719536721640917,2025-04-30,43,0.14274590933379197,2025-04-30,9,0.07395429601052787,2025-06-11
PQ.33,0,0.0,,14,0.007933681629839344,2025-05-29,6,0.007591865083416811,2025-06-02,4,0.008022989485945152,2025-06-25,3,0.009082132729287262,2025-06-25,2,0.011429453593185679,2025-06-25,1,0.016351474638905236,2025-06-25
PQ.34,0,0.0,,14,0.002678242666553579,2025-07-08,8,0.002248401217784206,2025-07-08,3,0.001356355434023564,2025-07-08,0,0.0,,0,0.0,,0,0.0,
PQ.34.1,0,0.0,,37,0.006996338116539882,2025-04-27,19,0.005625205927229509,2025-04-27,7,0.0035678909190992292,2025-09-02,2,0.0017936336947845773,2025-09-02,0,0.0,,0,0.0,
PQ.35,0,0.0,,76,0.018394274656537302,2025-04-27,48,0.01643030823894017,2025-04-29,25,0.013127740366951099,2025-05-04,8,0.007691241616805015,2025-05-04,0,0.0,,0,0.0,
PQ.36,0,0.0,,12,0.0012493244086699679,2025-05-21,2,0.0002861684586999213,2025-05-21,0,0.0,,0,0.0,,0,0.0,,0,0.0,
PQ.37,0,0.0,,6,0.0014165563852334203,2025-07-28,5,0.0013887557643363865,2025-07-28,2,0.0008367954083381448,2025-09-25,0,0.0,,0,0.0,,0,0.0,
PQ.4,10,0.01213489145339595,2025-04-28,36,0.02937786736842154,2025-03-27,27,0.030209826148483693,2025-03-27,22,0.03233234884002706,2025-05-01,15,0.03515365566820925,2025-05-01,6,0.03556407978206875,2025-05-06,4,0.054516548664377,2025-05-14
PQ.4.1,0,0.0,,12,0.01186548470684602,2025-06-22,10,0.012361302142693162,2025-07-29,7,0.013048629917411797,2025-07-29,5,0.014456275151413144,2025-07-29,4,0.01874925551541235,2025-07-29,2,0.020751658901165607,2025-07-29
PQ.4.2,0,0.0,,1,9.769090312680404e-05,2025-08-12,0,0.0,,0,0.0,,0,0.0,,0,0.0,,0,0.0,
PQ.4.3,0,0.0,,5,0.0037617426166428004,2025-07-29,4,0.0038731132401483067,2025-08-27,4,0.004293367119176344,2025-08-27,2,0.004018150769483139,2025-08-27,1,0.003959806779553258,2025-09-18,0,0.0,
PQ.4.4,0,0.0,,5,0.001593086777884151,2025-03-27,3,0.0015222553092253243,2025-03-27,2,0.001497871111342439,2025-03-27,1,0.001272851582392214,2025-03-27,0,0.0,,0,0.0,
PQ.4.5,0,0.0,,5,0.007238348733926746,2025-05-01,4,0.007562901818373537,2025-05-01,3,0.00810921709284038,2025-05-01,3,0.009872244025958633,2025-05-01,1,0.010273864506882589,2025-07-16,1,0.01814543074869601,2025-07-16
PQ.5,8,0.009707913162716759,2025-05-07,25,0.008562706762321402,2025-05-07,14,0.007925569810672634,2025-05-07,11,0.008085556912416542,2025-05-07,4,0.006324285741796031,2025-05-20,1,0.004817750897886045,2025-08-19,1,0.008508985613300176,2025-08-19
PQ.6,1,0.0012134891453395948,2025-06-22,28,0.008301771265080294,2025-05-01,18,0.007822663895420273,2025-05-06,7,0.006401842394832373,2025-05-06,4,0.006266193775412787,2025-05-06,1,0.004392227347743546,2025-05-06,1,0.00775743704986746,2025-05-06
PQ.7,5,0.006067445726697975,2025-06-04,29,0.018053988519550836,2025-05-20,19,0.01808189800019323,2025-05-20,10,0.01788734673199101,2025-06-02,8,0.020911068746759288,2025-06-02,5,0.025262403778088232,2025-06-12,3,0.03555742690053591,2025-06-12
PQ.8,3,0.003640467436018785,2025-07-16,15,0.00735135082528279,2025-04-30,9,0.007170987802778614,2025-05-15,5,0.007136297034714057,2025-05-15,3,0.007801226442849034,2025-05-29,2,0.009456280492467488,2025-05-29,1,0.010368227744574675,2025-05-29
PQ.8.1,0,0.0,,14,0.012224155557939511,2025-04-30,9,0.01241919088287192,2025-05-15,6,0.013110890433181706,2025-05-15,5,0.015471943612916879,2025-05-27,5,0.021969610494411786,2025-05-27,3,0.02818183225661212,2025-05-27
PQ.9,2,0.0024269782906791897,2025-06-30,9,0.0035031314750029116,2025-05-01,6,0.003403697171674961,2025-05-07,4,0.0034408192412408944,2025-05-07,2,0.0032934785146267755,2025-08-05,1,0.003553785953247273,2025-08-14,0,0.0,
PQ.9.1,0,0.0,,8,0.005146902944308883,2025-05-07,6,0.0052685865637337745,2025-05-07,5,0.005673418017862408,2025-05-07,3,0.006011467154285225,2025-08-05,2,0.007413233301005203,2025-08-14,0,0.0,
PR.1,0,0.0,,15,0.004837808166317419,2025-01-08,5,0.004207621511250515,2025-01-14,2,0.003932189103201124,2025-02-13,1,0.004392856158042325,2025-06-16,1,0.006237699746371652,2025-06-16,1,0.011016862126527069,2025-06-16
PR.2,35,0.04247212008688582,2025-02-07,206,0.07439922956849329,2024-10-23,144,0.07227888880229999,2024-10-23,70,0.06398886508255656,2024-10-23,34,0.05857215337764668,2024-10-23,15,0.053712887510911834,2025-01-28,3,0.03821607706875137,2025-04-01
PR.3,29,0.03519118521484825,2024-11-05,109,0.05146610092859448,2024-11-10,72,0.05075178292411217,2024-11-10,41,0.04946933776619819,2024-11-10,22,0.04990658332441357,2024-11-10,13,0.05706990746142637,2024-11-10,4,0.054871650795209274,2025-02-18
PT.1,0,0.0,,278,0.2646694211892815,2024-11-18,219,0.27407364656997363,2024-11-18,166,0.29216871752883217,2024-11-18,120,0.32959389636346986,2024-11-18,72,0.3936599446397287,2024-11-18,32,0.4801747587878584,2024-12-19
PU.1,0,0.0,,10,0.007427934059571954,2024-12-29,8,0.007614608157682016,2024-12-29,3,0.00721083825306539,2025-02-06,2,0.00835125692078439,2025-03-06,1,0.010076288639244285,2025-04-13,1,0.01779647741945533,2025-04-13
PV.1,0,0.0,,21,0.003109168403936337,2024-12-19,5,0.0017415973289424272,2024-12-31,1,0.0010951246094513434,2025-06-30,1,0.00133321592695818,2025-06-30,0,0.0,,0,0.0,
PV.2,3,0.003640467436018785,2025-01-17,26,0.017595248949616737,2024-12-23,16,0.01749435306374174,2025-01-02,8,0.01759384124333499,2025-02-02,6,0.020342969943386063,2025-02-02,3,0.02450787825278165,2025-02-19,3,0.04328517349390859,2025-02-19
PV.3,0,0.0,,67,0.040021596125844106,2024-09-24,51,0.04061329619840494,2024-09-24,32,0.04081467740477576,2024-12-04,18,0.04262747203039842,2025-01-30,10,0.05033950124933789,2025-02-18,4,0.059482574773625334,2025-04-09
PV.3.1,4,0.004853956581358379,2025-04-25,6,0.0024686500097039397,2025-04-03,4,0.0023920912775483205,2025-06-17,4,0.0026516462081808997,2025-06-17,1,0.0017057738296692927,2025-06-17,1,0.0024221382631015413,2025-06-17,0,0.0,
PW.1,0,0.0,,17,0.006730685344011415,2025-05-05,7,0.006074910176842802,2025-05-05,6,0.006535799706374891,2025-05-05,3,0.0064240187048583185,2025-05-06,1,0.006124575806478645,2025-05-06,1,0.01081706558297979,2025-05-06
PW.2,1,0.0012134891453395948,2025-06-05,1,0.00016408081096824795,2025-05-20,1,0.000173655493530906,2025-05-20,0,0.0,,0,0.0,,0,0.0,,0,0.0,
PW.3,1,0.0012134891453395948,2025-06-12,8,0.010506890809104353,2025-01-22,6,0.010927400058551905,2025-01-22,3,0.011609553539154611,2025-06-30,3,0.014133589501772882,2025-06-30,2,0.01848860167784084,2025-08-05,2,0.03265408465925759,2025-08-05
PY.1,4,0.004853956581358379,2025-03-10,16,0.01392094435495511,2025-03-18,12,0.01433063379555061,2025-03-18,10,0.015406315594607685,2025-03-18,7,0.0171915021501765,2025-03-18,5,0.020708718414756442,2025-03-18,2,0.018627631050103465,2025-03-18
PY.1.1,2,0.0024269782906791897,2025-06-30,11,0.0022727332710970427,2025-05-05,6,0.0018809319440834594,2025-06-09,2,0.001096834185217464,2025-06-09,1,0.0008733730423327742,2025-07-22,0,0.0,,0,0.0,
PY.1.1.1,15,0.018202337180093925,2025-06-17,48,0.04792892185393472,2025-05-20,36,0.049423080090814864,2025-05-27,28,0.053079345320409935,2025-06-29,19,0.06008950687280598,2025-06-29,12,0.07516738644159064,2025-07-08,8,0.11109718545743558,2025-07-08
PY.1.2,1,0.0012134891453395948,2025-07-07,2,0.0032756384910886203,2025-05-27,2,0.0034667833212312935,2025-05-27,2,0.0038429481912368416,2025-05-27,1,0.004061193398772365,2025-06-17,1,0.005766750406136227,2025-06-17,1,0.010185083720878329,2025-06-17
PY.1.3,1,0.0012134891453395948,2025-06-20,4,0.003214523778073777,2025-04-28,4,0.003402102353432773,2025-04-28,3,0.0034897217970900106,2025-04-28,2,0.003739738695551605,2025-04-28,1,0.004088928238341474,2025-06-17,0,0.0,
PY.1.4,1,0.0012134891453395948,2025-06-11,0,0.0,,0,0.0,,0,0.0,,0,0.0,,0,0.0,,0,0.0,
PY.1.4.1,1,0.0012134891453395948,2025-06-24,3,0.006413375727456234,2025-05-21,3,0.006787618372791115,2025-05-21,2,0.007339067860156775,2025-05-21,1,0.008363701685008612,2025-06-17,1,0.011876159382955082,2025-06-17,1,0.020975362046046355,2025-06-17
PY.1.5,2,0.0024269782906791897,2025-04-04,2,0.00046630917739924003,2025-05-06,2,0.000493519929974786,2025-05-06,0,0.0,,0,0.0,,0,0.0,,0,0.0,
PY.1.6,1,0.0012134891453395948,2025-04-27,2,0.00019079847935242665,2025-04-17,0,0.0,,0,0.0,,0,0.0,,0,0.0,,0,0.0,
PY.1.7,0,0.0,,7,0.0019409155604202307,2025-05-04,3,0.0016629995089603338,2025-05-21,2,0.0016814103169061703,2025-05-21,1,0.0014556199710670627,2025-07-03,0,0.0,,0,0.0,
PY.1.8,0,0.0,,4,0.00700373667814295,2025-04-17,3,0.007299581881102678,2025-04-17,2,0.007927431762637565,2025-05-21,1,0.009225001896274355,2025-05-21,1,0.013099175096667056,2025-05-21,1,0.023135420408005564,2025-05-21
PY.2,5,0.006067445726697975,2025-05-11,16,0.010693486144438017,2025-03-25,8,0.010578538212936561,2025-05-14,6,0.011233988569161971,2025-05-14,5,0.013223531985369222,2025-05-14,2,0.014242858846417107,2025-06-04,1,0.01827749176360755,2025-06-04
PY.3,0,0.0,,4,0.000512282091909597,2025-05-20,1,0.00021245766605125738,2025-05-20,0,0.0,,0,0.0,,0,0.0,,0,0.0,
PY.4,0,0.0,,11,0.002996631024711357,2025-04-09,8,0.0029462222933969422,2025-04-09,4,0.0024367270349110303,2025-04-10,2,0.0018839537496615755,2025-04-10,0,0.0,,0,0.0,
PY.5,2,0.0024269782906791897,2025-07-25,2,0.0006729387396073581,2025-04-10,1,0.0006000292075851403,2025-09-22,1,0.0006651356442893043,2025-09-22,1,0.0008097429524466279,2025-09-22,0,0.0,,0,0.0,
PY.6,2,0.0024269782906791897,2025-05-27,4,0.0006360545741999871,2025-04-24,3,0.000592583123416089,2025-05-11,0,0.0,,0,0.0,,0,0.0,,0,0.0,
PZ.1,0,0.0,,8,0.0008036711720938663,2024-09-24,1,0.00016843501758623762,2024-11-12,0,0.0,,0,0.0,,0,0.0,,0,0.0,
Q.1,0,0.0,,1,0.0002859519813735902,2023-05-08,1,0.00030263826804939815,2023-05-08,1,0.0003354761682614809,2023-05-08,0,0.0,,0,0.0,,0,0.0,
Q.4,0,0.0,,1,6.725441152075382e-05,2023-02-28,0,0.0,,0,0.0,,0,0.0,,0,0.0,,0,0.0,
Q.8,0,0.0,,1,0.00016561373166857222,2023-04-24,1,0.00017527786545354398,2023-04-24,0,0.0,,0,0.0,,0,0.0,,0,0.0,
QA.1,0,0.0,,4,0.0003357316931200809,2025-02-10,0,0.0,,0,0.0,,0,0.0,,0,0.0,,0,0.0,
QA.2,1,0.0012134891453395948,2024-12-05,2,0.0001825146792308427,2025-01-14,0,0.0,,0,0.0,,0,0.0,,0,0.0,,0,0.0,
QA.3,0,0.0,,13,0.0032364174496819133,2024-11-20,7,0.002811276075117698,2024-12-05,3,0.0022116630212775197,2024-12-05,1,0.0017161448134459635,2025-07-09,1,0.002436864691772539,2025-07-09,0,0.0,
QA.4,0,0.0,,12,0.0020804130002870596,2024-11-27,6,0.001683945774771202,2024-11-27,1,0.0006476546355905635,2024-12-04,1,0.000788461393238373,2024-12-04,0,0.0,,0,0.0,
QA.5,1,0.0012134891453395948,2024-11-17,3,0.00393868452629398,2024-11-12,3,0.004168520384802846,2024-11-12,3,0.004620827547774865,2024-11-12,3,0.005625442830206324,2024-11-12,2,0.006689109819430429,2024-11-12,0,0.0,
QA.6,0,0.0,,1,0.0001871343749074985,2024-10-29,1,0.00019805431262433167,2024-10-29,0,0.0,,0,0.0,,0,0.0,,0,0.0,
QA.7,0,0.0,,1,0.00014491168398253737,2025-02-20,1,0.0001533677817161201,2025-02-20,0,0.0,,0,0.0,,0,0.0,,0,0.0,
QB.1,0,0.0,,5,0.0018690596707333048,2024-11-12,4,0.0018552468659021894,2024-11-12,1,0.0014429786285284443,2025-06-05,1,0.0017566969760438645,2025-06-05,1,0.0024944473225829403,2025-06-05,0,0.0,
QC.1,7,0.008494424017377164,2025-05-15,7,0.006945096764243174,2025-06-08,6,0.007260481175321885,2025-06-08,5,0.007792072252341927,2025-06-08,2,0.008061440662853206,2025-07-09,1,0.00986636595926003,2025-07-09,1,0.017425717473216678,2025-07-09
QC.2,0,0.0,,4,0.005637843255809755,2025-05-20,4,0.0059668309003360065,2025-05-20,3,0.006430033335743438,2025-05-20,3,0.007827988504778524,2025-05-20,2,0.009936952376435663,2025-05-20,2,0.017550385356835445,2025-05-20
QC.4.1,0,0.0,,1,7.1962478684628e-05,2025-02-24,0,0.0,,0,0.0,,0,0.0,,0,0.0,,0,0.0,
QD.1,0,0.0,,1,0.000254790035377339,2025-09-23,1,0.0002696579147745131,2025-09-23,0,0.0,,0,0.0,,0,0.0,,0,0.0,
QE.1,1,0.0012134891453395948,2025-01-16,16,0.0023367345652093767,2025-01-06,8,0.0016520171588001844,2025-01-06,0,0.0,,0,0.0,,0,0.0,,0,0.0,
QF.1,0,0.0,,24,0.009572571137563187,2025-07-03,21,0.009812369917469187,2025-07-03,11,0.008492616096438737,2025-07-08,4,0.006242958124244348,2025-07-08,2,0.006049024466014167,2025-07-08,0,0.0,
QF.1.1,0,0.0,,1,0.0001441674158724188,2025-09-07,1,0.00015258008298877187,2025-09-07,0,0.0,,0,0.0,,0,0.0,,0,0.0,
QF.2,0,0.0,,118,0.0586500129588857,2025-07-08,81,0.058323181301957995,2025-07-08,53,0.05835875372681631,2025-07-08,29,0.05795958732083062,2025-07-08,15,0.0626966212355183,2025-07-08,6,0.06629197686131283,2025-08-27
QF.3,0,0.0,,35,0.014752174380699043,2025-07-08,24,0.014536663952164538,2025-07-08,17,0.01454700480063749,2025-07-08,10,0.014408986561207577,2025-08-12,2,0.007865456866433454,2025-08-13,1,0.007959605033352472,2025-08-13
QF.4,0,0.0,,17,0.0034097211568757985,2025-07-14,12,0.0031592942733110418,2025-07-24,4,0.0018456474118321812,2025-08-14,0,0.0,,0,0.0,,0,0.0,
QF.5,0,0.0,,36,0.011125860008290486,2025-07-22,16,0.009847817902645072,2025-07-22,8,0.008949841151947555,2025-07-22,4,0.008758798964122513,2025-08-12,2,0.009509248854833695,2025-09-16,1,0.012365633184224664,2025-09-17
QF.5.1,0,0.0,,6,0.001960504882565931,2025-08-05,6,0.0020749071201118102,2025-08-05,3,0.001497585728689659,2025-08-20,0,0.0,,0,0.0,,0,0.0,
QF.6,0,0.0,,22,0.005921316065865759,2025-06-16,18,0.005836085812047098,2025-06-16,10,0.004764275464612641,2025-07-29,2,0.0018842990958899523,2025-07-29,0,0.0,,0,0.0,
QG.1,0,0.0,,1,0.00016388757286613703,2025-01-21,1,0.00017345097931749476,2025-01-21,0,0.0,,0,0.0,,0,0.0,,0,0.0,
QH.1,5,0.006067445726697975,2024-12-30,15,0.00934048568486973,2024-12-01,7,0.009100353788644829,2025-01-05,5,0.00964671862168574,2025-02-05,3,0.010783907165785736,2025-03-19,2,0.014086235031066423,2025-04-22,1,0.01856367169668977,2025-04-22
QJ.1,1,0.0012134891453395948,2025-03-28,3,0.0002810977766528917,2025-02-04,0,0.0,,0,0.0,,0,0.0,,0,0.0,,0,0.0,
QJ.2,1,0.0012134891453395948,2025-03-07,5,0.012967748427751316,2025-03-12,4,0.013652276906229612,2025-04-10,4,0.015133623299083389,2025-04-10,3,0.01792737431437304,2025-04-10,3,0.025456234893816647,2025-04-10,3,0.04496013618622738,2025-04-10
QK.1,0,0.0,,1,9.370954901749155e-05,2025-09-03,0,0.0,,0,0.0,,0,0.0,,0,0.0,,0,0.0,
QK.2,15,0.018202337180093925,2025-07-21,116,0.12521278602860753,2025-07-03,97,0.13060370930285572,2025-07-03,73,0.13970663559484378,2025-07-03,54,0.15938994100405482,2025-07-08,39,0.20515551057748324,2025-07-08,18,0.2500198752192863,2025-07-08
QK.3,0,0.0,,6,0.0018081179246998156,2025-06-10,3,0.0016235701221262435,2025-06-10,1,0.0014274806095861505,2025-09-16,1,0.0017378295288950718,2025-09-16,1,0.0024676562176478875,2025-09-16,0,0.0,
QK.4,0,0.0,,1,8.832710273826296e-05,2025-07-31,0,0.0,,0,0.0,,0,0.0,,0,0.0,,0,0.0,
QM.1,0,0.0,,24,0.019028219510532306,2025-07-17,21,0.019877800267966213,2025-07-17,17,0.021144495423255544,2025-07-17,10,0.02129199027281385,2025-07-17,6,0.02310024733128123,2025-07-17,1,0.012217071987308899,2025-08-12
QN.1,0,0.0,,1,9.396512412820251e-05,2025-05-20,0,0.0,,0,0.0,,0,0.0,,0,0.0,,0,0.0,
QP.1,3,0.003640467436018785,2025-02-19,14,0.0064708142793464835,2024-11-14,9,0.006363312797326941,2024-11-14,4,0.006015895076473123,2024-11-14,4,0.00732381234212381,2024-11-14,2,0.00797460322497375,2025-02-06,1,0.008959150119775319,2025-02-06
QR.1,293,0.35555231958450134,2024-12-10,334,0.17149347855529817,2024-11-17,268,0.17491889792754037,2024-11-17,172,0.17251458822648094,2024-11-17,85,0.1634157814513514,2024-11-17,32,0.1541609988416461,2024-11-17,14,0.1754490833667347,2024-11-17
QR.2,4,0.004853956581358379,2025-05-15,63,0.024812773412923483,2024-11-12,39,0.023750695041783017,2024-11-12,22,0.02246422698332815,2025-03-02,12,0.02212980448054944,2025-03-02,4,0.020620155898648396,2025-06-30,1,0.020041087794779828,2025-07-30
QS.1,0,0.0,,17,0.00448468438155243,2025-07-10,10,0.004041923422477761,2025-07-10,4,0.003180282132779435,2025-07-10,2,0.0028832012345445025,2025-09-15,0,0.0,,0,0.0,
QS.2,0,0.0,,139,0.06680004461705423,2025-05-19,104,0.06702343482746861,2025-06-10,67,0.06628463927815836,2025-06-10,35,0.06428154069827714,2025-06-10,15,0.06100865345421846,2025-06-10,3,0.04067509821759364,2025-07-21
QT.1,0,0.0,,17,0.009639649336073447,2025-06-12,12,0.00974796147169587,2025-07-31,8,0.00984160660624988,2025-07-31,5,0.01036125258226303,2025-07-31,2,0.009738886398117949,2025-07-31,1,0.012441545601018726,2025-07-31
QT.1.1,0,0.0,,15,0.0026745273543428197,2025-08-11,8,0.0021279717226552627,2025-08-19,2,0.001089048492573084,2025-09-10,1,0.0008309073777834499,2025-09-10,0,0.0,,0,0.0,
QT.1.2,0,0.0,,17,0.03138286265761743,2025-08-19,17,0.03321416118717144,2025-08-19,16,0.03659602567130502,2025-08-19,9,0.04107439223137503,2025-08-21,9,0.05832417834464161,2025-08-21,6,0.0853752069875226,2025-08-21
QT.3,0,0.0,,63,0.025383805849969125,2025-04-23,53,0.025822235284432907,2025-04-23,30,0.023342879524415612,2025-05-11,15,0.02059210205022932,2025-05-14,4,0.012029025683096934,2025-05-14,0,0.0,
QU.1,0,0.0,,1,0.0008087779708781059,2025-06-17,1,0.0008559729614996912,2025-06-17,1,0.0009488506893400442,2025-06-17,1,0.0011551405569884606,2025-06-17,0,0.0,,0,0.0,
QU.2,0,0.0,,4,0.004348239401496733,2025-02-17,4,0.004601974202843065,2025-02-17,3,0.0048450985986615595,2025-04-29,1,0.005125779916987177,2025-07-15,1,0.007278425456661574,2025-07-15,1,0.012854964652777277,2025-07-15
QV.1,3,0.003640467436018785,2025-01-23,25,0.009368164442861523,2024-10-30,15,0.008840511784891446,2024-10-30,8,0.008162615591249584,2024-10-30,5,0.008444566727845082,2024-10-30,2,0.007546788058093656,2024-10-30,1,0.00761594746121909,2024-10-30
QV.2,0,0.0,,5,0.0017822419052999762,2024-12-17,2,0.0015834493692796583,2025-01-07,2,0.0017552622491062227,2025-01-07,1,0.0017068046645071465,2025-01-07,1,0.0024236020119645352,2025-01-07,0,0.0,
QW.1,0,0.0,,4,0.00047059002738090197,2025-08-05,2,0.00033851449210616045,2025-08-05,0,0.0,,0,0.0,,0,0.0,,0,0.0,
QY.1,0,0.0,,7,0.0013370847812184613,2025-07-24,5,0.0012309760985245084,2025-09-02,2,0.0007138286708269016,2025-09-04,0,0.0,,0,0.0,,0,0.0,
Unassigned,20,0.0242697829067919,2023-01-10,0,0.0,,0,0.0,,0,0.0,,0,0.0,,0,0.0,,0,0.0,
XAA,0,0.0,,3,0.0002502121406065563,2023-02-01,0,0.0,,0,0.0,,0,0.0,,0,0.0,,0,0.0,
XAD,0,0.0,,14,0.0016799591296034369,2023-01-23,4,0.0008245133890966271,2023-04-24,1,0.0004090471477682329,2023-12-19,0,0.0,,0,0.0,,0,0.0,
XAE,0,0.0,,1,7.279717189223761e-05,2023-03-15,0,0.0,,0,0.0,,0,0.0,,0,0.0,,0,0.0,
XAJ,0,0.0,,6,0.0005158203961639497,2023-01-10,1,0.0001669312036117924,2023-04-18,0,0.0,,0,0.0,,0,0.0,,0,0.0,
XAP,0,0.0,,15,0.0024666759602679435,2023-04-05,5,0.0016116139982567802,2023-04-18,3,0.0013556088692734003,2023-04-18,0,0.0,,0,0.0,,0,0.0,
XAQ,0,0.0,,1,0.00013407478257355067,2023-03-29,1,0.00014189850964574052,2023-03-29,0,0.0,,0,0.0,,0,0.0,,0,0.0,
XAR,0,0.0,,4,0.0007391501820915561,2023-05-16,2,0.0006112120055122227,2023-05-16,1,0.0004908574633137753,2023-11-07,0,0.0,,0,0.0,,0,0.0,
XAS,0,0.0,,119,0.04171188153659905,2023-01-03,83,0.04047014417157663,2023-01-03,49,0.03724232458385771,2023-01-04,24,0.03297110951410709,2023-01-04,6,0.020204581810258804,2023-04-04,1,0.01008064022877176,2023-06-21
XAY,0,0.0,,1,8.307184780495583e-05,2023-08-03,0,0.0,,0,0.0,,0,0.0,,0,0.0,,0,0.0,
XAY.1,1,0.0012134891453395948,2023-01-29,1,0.00012431629153969705,2023-08-03,0,0.0,,0,0.0,,0,0.0,,0,0.0,,0,0.0,
XAY.1.1,0,0.0,,2,0.0006452741581509913,2023-08-03,1,0.0005592415575160775,2023-08-03,1,0.0006199223120635003,2023-08-03,0,0.0,,0,0.0,,0,0.0,
XAY.1.1.1,0,0.0,,2,0.0016294935782713606,2023-08-03,2,0.0017245801618747125,2023-08-03,2,0.0019117065012778168,2023-08-03,1,0.0017504890700887235,2023-08-03,1,0.0024856323165802995,2023-08-03,0,0.0,
XAY.2.3,1,0.0012134891453395948,2023-03-17,0,0.0,,0,0.0,,0,0.0,,0,0.0,,0,0.0,,0,0.0,
XAZ,0,0.0,,2,0.00034109075474039795,2023-02-09,1,0.00022616523646347867,2023-05-16,0,0.0,,0,0.0,,0,0.0,,0,0.0,
XBB,14,0.01698884803475433,2023-01-04,139,0.03864541318860783,2023-01-25,86,0.035588024478157496,2023-01-25,51,0.03135177715381955,2023-03-28,18,0.019839698966311322,2023-03-29,2,0.004938189954630114,2023-06-11,0,0.0,
XBB.1,333,0.4040918853980851,2023-01-02,457,0.1564069281954865,2023-01-03,313,0.15116661893474279,2023-01-03,199,0.14119375224122335,2023-01-03,87,0.11343322242977193,2023-01-26,21,0.06577733820045199,2023-01-26,3,0.02863142822495531,2023-05-02
XBB.1.1,0,0.0,,9,0.0022786332271649886,2023-01-09,5,0.0020340340746666983,2023-01-09,3,0.0018198742184552463,2023-01-31,1,0.0007884608255459429,2023-04-19,0,0.0,,0,0.0,
XBB.1.10,0,0.0,,4,0.0006704282341717406,2023-05-31,1,0.00041048673866296375,2023-07-27,1,0.0004550267852653898,2023-07-27,0,0.0,,0,0.0,,0,0.0,
XBB.1.11,1,0.0012134891453395948,2023-01-06,21,0.005506518654864292,2023-01-12,14,0.005195811053775169,2023-01-17,7,0.004316830438418405,2023-02-10,3,0.003134126681774791,2023-02-22,0,0.0,,0,0.0,
XBB.1.11.1,0,0.0,,13,0.002134350411644343,2023-03-01,4,0.0013713799086448074,2023-04-10,2,0.0010333880723974022,2023-04-10,1,0.0008323932181041158,2023-05-16,0,0.0,,0,0.0,
XBB.1.12,3,0.003640467436018785,2023-06-02,8,0.001657758807609743,2023-01-17,3,0.0012757301464664927,2023-01-17,1,0.0008987572515768377,2023-06-21,1,0.0010941562922887067,2023-06-21,0,0.0,,0,0.0,
XBB.1.13,9,0.010921402308056355,2023-01-12,64,0.013351663382490095,2023-01-03,37,0.011538699702996856,2023-01-08,16,0.008208521784681688,2023-02-02,3,0.003078534832854184,2023-03-05,0,0.0,,0,0.0,
XBB.1.14,0,0.0,,2,0.00021245055364880512,2023-01-26,0,0.0,,0,0.0,,0,0.0,,0,0.0,,0,0.0,
XBB.1.15,25,0.030337228633489872,2023-01-02,104,0.019807291015133555,2023-01-03,47,0.015279420313032133,2023-01-04,20,0.010933229760184968,2023-01-04,4,0.004936720550031565,2023-01-11,1,0.0028738932139328118,2023-05-30,0,0.0,
XBB.1.15.1,1,0.0012134891453395948,2023-04-23,25,0.0055646995537453735,2023-02-02,9,0.00421558676845704,2023-02-02,4,0.003681354460904061,2023-04-04,2,0.0035207345936719464,2023-04-24,2,0.0049993180955363765,2023-04-24,0,0.0,
XBB.1.16,725,0.8797796303712063,2023-01-23,373,0.2611989300609347,2023-02-21,322,0.27110860567371897,2023-02-21,239,0.2816627227756662,2023-02-21,148,0.29502460104829725,2023-02-21,79,0.3127120574198237,2023-03-21,23,0.2555690264025333,2023-03-21
XBB.1.16.1,270,0.32764206924169065,2023-03-13,241,0.22274367436029227,2023-04-10,198,0.23143361718088729,2023-04-10,149,0.24569539944067573,2023-04-11,92,0.2676967679490145,2023-04-11,52,0.3176241273503422,2023-04-11,29,0.4452409655405096,2023-04-11
XBB.1.16.10,5,0.006067445726697975,2023-04-11,41,0.009175703599116104,2023-05-02,23,0.007906630967199232,2023-05-02,9,0.005671561942559117,2023-05-24,3,0.003658472294166979,2023-06-05,1,0.0022115199161496318,2023-06-05,0,0.0,
XBB.1.16.11,415,0.5035979953159319,2023-03-30,257,0.17242944171126692,2023-03-30,206,0.17712683414675023,2023-03-30,151,0.18360252491753573,2023-03-30,98,0.1945765157370608,2023-03-30,41,0.18980857612540025,2023-06-27,15,0.19167847345868333,2023-06-27
XBB.1.16.12,27,0.032764206924169065,2023-03-05,311,0.187965925163954,2023-02-21,265,0.1941028964516821,2023-02-21,192,0.19865536238749212,2023-02-21,110,0.1987830078371908,2023-02-21,56,0.19881393705853992,2023-03-21,12,0.11295435180758387,2023-03-21
XBB.1.16.13,17,0.020629315470773114,2023-04-24,165,0.08367141469302207,2023-04-12,115,0.08362410803351596,2023-04-12,77,0.08424344063480377,2023-04-12,41,0.08400125607177117,2023-05-02,13,0.07661068796227603,2023-05-02,6,0.09990412349270125,2023-05-11
XBB.1.16.14,38,0.046112587522904605,2023-03-29,100,0.02973742842644551,2023-04-11,45,0.02630821581230307,2023-04-11,24,0.02477838690970413,2023-04-18,14,0.024465624468499553,2023-04-18,5,0.021230519021939707,2023-06-01,1,0.015459458004628026,2023-07-27
XBB.1.16.15,108,0.13105682769667626,2023-01-03,124,0.06115472224512232,2023-05-22,87,0.06124727336261852,2023-05-22,60,0.06201624011007534,2023-05-24,27,0.058394771538595854,2023-05-24,12,0.05953542790893428,2023-06-14,4,0.06703027891338632,2023-06-14
XBB.1.16.16,16,0.019415826325433518,2023-06-20,94,0.037047107855793314,2023-04-03,70,0.036717671811662994,2023-04-03,52,0.036761959907023176,2023-04-03,23,0.029601919184679058,2023-05-16,4,0.010997496265571765,2023-06-21,0,0.0,
XBB.1.16.17,34,0.04125863094154623,2023-07-08,90,0.023873415042964533,2023-05-09,54,0.021438790793567284,2023-05-09,26,0.017603043978982675,2023-05-14,9,0.012087292558613743,2023-06-20,3,0.008130918437191045,2023-06-21,0,0.0,
XBB.1.16.18,12,0.01456186974407514,2023-04-08,105,0.04623765885844448,2023-05-04,68,0.045195935499909815,2023-05-04,44,0.04492380662828802,2023-05-22,22,0.04394687921745339,2023-05-22,10,0.04488418568240157,2023-08-09,3,0.038788089310390204,2023-08-22
XBB.1.16.19,32,0.038831652650867035,2023-03-19,1260,0.3211374314325279,2023-02-21,935,0.3058784502531701,2023-02-21,401,0.22007377005493772,2023-02-28,91,0.10850173657163929,2023-02-28,15,0.04850703357752862,2023-04-18,3,0.03214308514894451,2023-05-23
XBB.1.16.2,48,0.05824747897630056,2023-03-08,75,0.05262709167622241,2023-04-18,66,0.05474478573345268,2023-04-18,45,0.05558473369622712,2023-04-18,27,0.057898779324630445,2023-04-18,16,0.06512106750612029,2023-05-09,5,0.057530368115466184,2023-05-09
XBB.1.16.20,4,0.004853956581358379,2023-05-17,58,0.03457768893465598,2023-04-25,43,0.035184596880247804,2023-04-25,27,0.035519431582356105,2023-04-27,16,0.03770399158168579,2023-04-27,9,0.0439085503784119,2023-04-27,5,0.05698942211666984,2023-05-02
XBB.1.16.21,15,0.018202337180093925,2023-07-06,52,0.02031345195727519,2023-03-21,34,0.019806253806400168,2023-04-17,16,0.018366405969713687,2023-04-17,13,0.021117908240629032,2023-04-17,4,0.016836344532179512,2023-05-02,2,0.01942153309421719,2023-05-02
XBB.1.16.22,1,0.0012134891453395948,2023-08-05,3,0.0004996155562386286,2023-05-24,1,0.00033924750413948714,2023-05-24,1,0.0003760577058364921,2023-05-24,0,0.0,,0,0.0,,0,0.0,
XBB.1.16.23,36,0.04368560923222542,2023-07-04,98,0.05883115549522692,2023-03-30,83,0.06079383492324843,2023-03-30,57,0.06174470434484953,2023-04-24,33,0.0630356783494019,2023-04-26,20,0.0699272537803598,2023-04-26,3,0.030732482721959855,2023-05-31
XBB.1.16.24,3,0.003640467436018785,2023-09-05,11,0.0030506292494309095,2023-06-08,5,0.0026823946112054372,2023-07-27,3,0.0026306719821361656,2023-08-22,1,0.002309017525242682,2023-08-22,1,0.003278722888571122,2023-08-22,0,0.0,
XBB.1.16.25,0,0.0,,27,0.012735126187830771,2023-04-16,16,0.012394314326428412,2023-04-16,11,0.012758402909644893,2023-04-25,8,0.01364385732685078,2023-05-09,4,0.012916120235762028,2023-05-31,1,0.008374808715866645,2023-06-13
XBB.1.16.26,0,0.0,,138,0.05194566708774083,2023-05-15,85,0.04972510067966639,2023-05-15,48,0.04685920027833949,2023-05-15,24,0.0445390527214069,2023-05-15,8,0.03981455793175086,2023-05-15,3,0.04252867679789417,2023-07-23
XBB.1.16.27,0,0.0,,17,0.0027137197776966942,2023-08-31,7,0.0019105399512270185,2023-08-31,3,0.0012219289353691647,2023-11-30,0,0.0,,0,0.0,,0,0.0,
XBB.1.16.29,0,0.0,,20,0.009226737603020759,2023-06-28,11,0.008871285810507147,2023-07-05,6,0.008854784091779729,2023-07-05,2,0.008921986694725416,2023-07-05,2,0.01266890427107032,2023-07-05,1,0.01566090012912069,2023-07-05
XBB.1.16.3,12,0.01456186974407514,2023-03-19,22,0.005644457603270628,2023-05-04,12,0.005097738671051704,2023-05-04,5,0.0039310387903896335,2023-05-04,3,0.003774115783739912,2023-06-07,1,0.0025079613722048645,2023-06-27,0,0.0,
XBB.1.16.30,0,0.0,,11,0.004830118455774076,2023-06-28,5,0.004605307497065968,2023-06-28,4,0.004901280044246891,2023-06-28,3,0.00537552229319291,2023-06-28,1,0.004105160601937235,2023-06-28,0,0.0,
XBB.1.16.31,0,0.0,,45,0.024215536710061825,2023-05-17,24,0.02356367201689887,2023-06-07,17,0.02455091237636511,2023-06-08,13,0.02775374926504785,2023-06-12,7,0.030775613669030196,2023-06-12,2,0.02307935106353419,2023-06-12
XBB.1.16.32,0,0.0,,29,0.0030567690804278037,2023-04-26,5,0.0009491289403194789,2023-04-26,0,0.0,,0,0.0,,0,0.0,,0,0.0,
XBB.1.16.4,1,0.0012134891453395948,2023-02-27,28,0.006116923239285422,2023-04-27,13,0.005037656503664661,2023-05-01,4,0.003402517112114515,2023-05-10,2,0.0032914766418870507,2023-05-10,1,0.0026186930668244002,2023-05-31,0,0.0,
XBB.1.16.5,5,0.006067445726697975,2023-04-11,71,0.03265582571041789,2023-04-17,54,0.032846396324878395,2023-04-17,32,0.031555193743004625,2023-04-17,18,0.031217759274170104,2023-04-17,6,0.028077777938119775,2023-04-20,3,0.03297273770604391,2023-06-07
XBB.1.16.6,1102,1.3372650381642337,2023-02-15,552,0.18525668431026202,2023-03-29,392,0.1795288605242682,2023-03-29,211,0.15870064084096164,2023-04-18,80,0.12353781729049065,2023-05-25,29,0.10274550769314177,2023-05-31,5,0.052695485909326364,2023-07-18
XBB.1.16.7,4,0.004853956581358379,2023-04-05,56,0.020462614548276706,2023-05-02,32,0.019236032422725206,2023-05-02,17,0.017940483785072344,2023-05-02,9,0.0165867642881268,2023-05-08,5,0.017852060894066827,2023-05-25,1,0.01026102152731351,2023-07-05
XBB.1.16.8,29,0.03519118521484825,2023-04-04,63,0.04241581448861523,2023-04-11,43,0.042759210134590636,2023-04-18,28,0.04425567695313933,2023-04-18,16,0.046746402871631364,2023-05-02,9,0.056985577927000416,2023-05-02,5,0.07691907999688095,2023-05-02
XBB.1.16.9,193,0.23420340505054182,2023-05-19,132,0.05438913579452653,2023-05-25,94,0.05370994752948278,2023-05-25,48,0.04930651934636583,2023-05-30,26,0.04750108117219424,2023-06-28,10,0.04316466165209393,2023-08-10,3,0.039287529415403435,2023-08-10
XBB.1.17,0,0.0,,9,0.0022535112802081828,2023-04-05,5,0.001992428718299722,2023-04-18,3,0.0017215469932871429,2023-04-25,1,0.0009247016157179198,2023-06-14,0,0.0,,0,0.0,
XBB.1.17.1,16,0.019415826325433518,2023-02-16,8,0.003500409580200192,2023-04-09,5,0.0033976534506518306,2023-04-09,4,0.003458724904300962,2023-04-09,4,0.004210687157958372,2023-04-09,0,0.0,,0,0.0,
XBB.1.18,0,0.0,,49,0.007862688190221455,2023-01-05,14,0.004912175991231369,2023-02-15,5,0.0034975125414425687,2023-02-16,3,0.003277218478809931,2023-06-06,0,0.0,,0,0.0,
XBB.1.18.1,11,0.013348380598735544,2023-02-24,115,0.029229093969689448,2023-01-11,48,0.024339212560054335,2023-03-16,29,0.022564681521669423,2023-03-16,14,0.019591513486595432,2023-04-23,3,0.011117388381368495,2023-05-31,1,0.010517229582271343,2023-06-14
XBB.1.19,0,0.0,,21,0.008485453786101368,2023-01-08,14,0.008250826144813594,2023-01-08,8,0.007952657584003734,2023-03-19,3,0.006763037717254328,2023-05-15,1,0.0064610375939986526,2023-05-30,1,0.011411315590942888,2023-05-30
XBB.1.19.1,22,0.026696761197471088,2023-03-08,14,0.006051771724683903,2023-04-25,9,0.0059815277390208475,2023-04-25,5,0.0056666994791410435,2023-04-25,2,0.005339968851673806,2023-04-25,1,0.005472797255972828,2023-04-25,1,0.009665911356275139,2023-04-25
XBB.1.19.2,1,0.0012134891453395948,2023-02-13,4,0.0003498548346838208,2023-07-18,0,0.0,,0,0.0,,0,0.0,,0,0.0,,0,0.0,
XBB.1.2,0,0.0,,6,0.000909802347195935,2023-01-17,2,0.0005494365137226063,2023-01-17,1,0.00039948830555327326,2023-02-16,0,0.0,,0,0.0,,0,0.0,
XBB.1.20,0,0.0,,1,7.793583475845006e-05,2023-05-08,0,0.0,,0,0.0,,0,0.0,,0,0.0,,0,0.0,
XBB.1.21,3,0.003640467436018785,2023-02-25,24,0.004852039486770684,2023-01-12,10,0.003795105475572476,2023-01-16,3,0.0026693419533365117,2023-01-30,2,0.002844652742379023,2023-01-30,0,0.0,,0,0.0,
XBB.1.22,16,0.019415826325433518,2023-03-28,298,0.1770656855119911,2023-02-07,243,0.18158082727734942,2023-02-07,179,0.1865941206981479,2023-03-01,106,0.18710546138777545,2023-03-01,49,0.17744298668274228,2023-03-15,11,0.12486917032069167,2023-03-15
XBB.1.22.1,24,0.02912373948815028,2023-03-19,31,0.019110174128103428,2023-04-25,23,0.019449551571529645,2023-04-25,16,0.019962646740572933,2023-04-25,11,0.021761101682516465,2023-04-25,5,0.022417859837250205,2023-05-03,1,0.02055384844449834,2023-05-03
XBB.1.22.2,5,0.006067445726697975,2023-04-20,170,0.05571958781203716,2023-03-01,111,0.05320101815113335,2023-03-01,60,0.04715566793323409,2023-03-01,24,0.03732411196047147,2023-03-06,8,0.028987818215274144,2023-03-06,2,0.01985520572371091,2023-04-04
XBB.1.22.3,1,0.0012134891453395948,2023-07-19,5,0.0008426776443498237,2023-03-28,2,0.0005081760340836958,2023-06-28,1,0.00035326587518920893,2023-07-02,0,0.0,,0,0.0,,0,0.0,
XBB.1.23,0,0.0,,14,0.0028605183982923703,2023-03-08,7,0.0023337587338142347,2023-04-18,2,0.001497879038638349,2023-06-21,1,0.0011927638997235102,2023-06-21,0,0.0,,0,0.0,
XBB.1.24,0,0.0,,7,0.0022521580835294652,2023-04-03,2,0.001969090680848021,2023-06-08,2,0.0021827477431322763,2023-06-08,1,0.0019089029804305983,2023-07-05,1,0.002710574443709182,2023-07-05,0,0.0,
XBB.1.24.1,10,0.01213489145339595,2023-05-30,6,0.005174968244750395,2023-05-24,4,0.0052591592787959275,2023-05-24,2,0.005419692321834203,2023-06-19,2,0.006597988996249794,2023-06-19,2,0.009368910068480722,2023-06-19,1,0.010746801056259565,2023-07-23
XBB.1.24.3,0,0.0,,1,0.0011040941501131933,2023-07-05,1,0.0011685218607287097,2023-07-05,1,0.0012953128462361455,2023-07-05,1,0.0015769271387853776,2023-07-05,1,0.0022391805376189944,2023-07-05,0,0.0,
XBB.1.25,0,0.0,,7,0.001034092670502506,2023-01-22,3,0.000733493977345572,2023-02-27,1,0.0004270210477480002,2023-07-20,0,0.0,,0,0.0,,0,0.0,
XBB.1.26,0,0.0,,22,0.0061235764066049974,2023-02-02,12,0.005499618915965167,2023-02-02,7,0.005072595359516559,2023-02-02,3,0.0041152248504331395,2023-02-02,1,0.0023570314660384434,2023-02-02,0,0.0,
XBB.1.27,1,0.0012134891453395948,2023-04-20,95,0.014464389850261794,2023-01-25,29,0.009057367663364955,2023-04-18,11,0.006048227019155815,2023-04-30,4,0.0038083916334448317,2023-05-15,0,0.0,,0,0.0,
XBB.1.28,2,0.0024269782906791897,2023-11-06,98,0.04379927349953862,2023-01-02,77,0.04428951294139696,2023-01-02,57,0.04480540974371345,2023-01-04,25,0.03675402878820846,2023-01-10,7,0.025832288300307458,2023-01-10,2,0.02004847190919071,2023-01-10
XBB.1.28.1,1,0.0012134891453395948,2023-04-03,50,0.018022234868814085,2023-01-02,37,0.017726922252297436,2023-01-03,23,0.016692104494274596,2023-01-09,12,0.014376435834182657,2023-01-23,3,0.007208017053918566,2023-01-23,0,0.0,
XBB.1.29,0,0.0,,188,0.0752851090783952,2023-01-03,139,0.07463175149133688,2023-01-03,85,0.07092855165565487,2023-01-03,45,0.06475148056046623,2023-01-10,15,0.04679197253698507,2023-01-11,2,0.01690436610791825,2023-01-11
XBB.1.3,0,0.0,,45,0.013291156008152026,2023-02-23,27,0.012349333539039678,2023-02-23,13,0.010409861756874753,2023-05-31,6,0.009304293295694285,2023-06-14,2,0.007399017269941412,2023-06-14,1,0.009113170326817912,2023-07-06
XBB.1.30,0,0.0,,178,0.03345662427921321,2023-01-02,84,0.026129327433154624,2023-01-02,36,0.01854334663405494,2023-01-02,6,0.006291560543964227,2023-01-17,0,0.0,,0,0.0,
XBB.1.31,0,0.0,,2,0.0003379462136944604,2023-03-28,2,0.0003576665435750997,2023-03-28,0,0.0,,0,0.0,,0,0.0,,0,0.0,
XBB.1.31.2,0,0.0,,2,0.0005032279229537836,2023-04-19,2,0.0005325930119639825,2023-04-19,1,0.0004250235246157171,2023-04-19,0,0.0,,0,0.0,,0,0.0,
XBB.1.32,1,0.0012134891453395948,2023-01-27,1,0.00012044616361257319,2023-08-24,0,0.0,,0,0.0,,0,0.0,,0,0.0,,0,0.0,
XBB.1.33,11,0.013348380598735544,2023-05-08,5,0.00837539319335624,2023-07-04,4,0.008775096402836675,2023-07-04,3,0.00956315334271906,2023-07-04,3,0.011642280922573753,2023-07-04,2,0.015234676804311923,2023-07-04,2,0.026907087663674858,2023-07-04
XBB.1.34,4,0.004853956581358379,2023-02-27,18,0.0031326920458915547,2023-02-26,8,0.002408718416309829,2023-02-26,4,0.0019490285990176079,2023-04-12,1,0.0008601401317846117,2023-11-22,0,0.0,,0,0.0,
XBB.1.34.1,3,0.003640467436018785,2023-11-21,2,0.00016972890167307292,2023-11-28,0,0.0,,0,0.0,,0,0.0,,0,0.0,,0,0.0,
XBB.1.34.2,0,0.0,,2,0.0017740966907490528,2023-07-06,2,0.0018776213658719192,2023-07-06,2,0.0020813535093512515,2023-07-06,1,0.0019379032643815895,2023-07-06,1,0.0027517538170685,2023-07-06,0,0.0,
XBB.1.35,2,0.0024269782906791897,2023-03-16,17,0.001988505394915615,2023-02-28,6,0.001176364493540563,2023-04-19,1,0.00033790720567404857,2024-04-04,0,0.0,,0,0.0,,0,0.0,
XBB.1.36,0,0.0,,9,0.0008878326257622163,2023-01-22,1,0.0002032205225418556,2023-04-11,0,0.0,,0,0.0,,0,0.0,,0,0.0,
XBB.1.37,0,0.0,,110,0.017645026872734927,2023-01-17,46,0.012509801196085007,2023-01-17,15,0.007664210254168747,2023-01-17,3,0.0031042214014746425,2023-05-18,0,0.0,,0,0.0,
XBB.1.37.1,5,0.006067445726697975,2023-06-29,3,0.00024250593493553961,2023-05-22,0,0.0,,0,0.0,,0,0.0,,0,0.0,,0,0.0,
XBB.1.38,0,0.0,,52,0.017797725051925593,2023-01-11,34,0.017139623826635916,2023-01-11,22,0.016544745078653663,2023-01-11,8,0.0127338540250742,2023-01-11,2,0.008274873805062411,2023-01-11,1,0.010300572656016874,2023-01-11
XBB.1.38.1,0,0.0,,5,0.0013013220195109646,2023-01-19,3,0.0011592838057744078,2023-01-19,2,0.00101759845331534,2023-01-19,0,0.0,,0,0.0,,0,0.0,
XBB.1.39,0,0.0,,17,0.002375804699383788,2023-01-25,8,0.001653577973136475,2023-02-06,2,0.0007126762596135527,2023-06-27,0,0.0,,0,0.0,,0,0.0,
XBB.1.4,1,0.0012134891453395948,2023-03-14,42,0.013287702100655333,2023-01-04,31,0.013005963545048224,2023-01-19,20,0.01173913288495265,2023-01-19,6,0.006616956641112519,2023-01-24,0,0.0,,0,0.0,
XBB.1.4.1,0,0.0,,1,0.00010350858229285765,2023-03-27,0,0.0,,0,0.0,,0,0.0,,0,0.0,,0,0.0,
XBB.1.4.2,5,0.006067445726697975,2023-04-18,3,0.0014266039053517819,2023-06-19,2,0.0013881830964943768,2023-06-19,2,0.0015388085223289635,2023-06-19,1,0.0012208413996291976,2023-06-29,0,0.0,,0,0.0,
XBB.1.40,3,0.003640467436018785,2023-04-03,0,0.0,,0,0.0,,0,0.0,,0,0.0,,0,0.0,,0,0.0,
XBB.1.41,2,0.0024269782906791897,2023-04-19,15,0.003608898299895309,2023-02-15,9,0.003223347325684361,2023-02-28,3,0.0022909390114078955,2023-08-09,3,0.0027890126396018476,2023-08-09,0,0.0,,0,0.0,
XBB.1.41.1,43,0.05218003324960258,2023-07-31,18,0.003264803378307936,2023-02-15,10,0.00267668223545916,2023-08-01,4,0.0017645261492821572,2023-08-01,0,0.0,,0,0.0,,0,0.0,
XBB.1.41.2,25,0.030337228633489872,2023-07-21,19,0.00625883486364153,2023-07-25,14,0.006100719141419375,2023-07-25,8,0.005247875799394661,2023-07-25,3,0.003944394182026931,2023-07-25,1,0.002311406568482006,2023-07-25,0,0.0,
XBB.1.41.3,0,0.0,,1,0.000742942405319303,2023-06-08,1,0.0007862956630908442,2023-06-08,1,0.0008716130246003149,2023-06-08,1,0.001061110632080049,2023-06-08,0,0.0,,0,0.0,
XBB.1.42,15,0.018202337180093925,2023-03-24,180,0.08125014604324807,2023-02-13,133,0.08139507649219842,2023-02-13,92,0.08106333647758941,2023-02-13,45,0.07436804178201402,2023-02-13,21,0.07137730842969124,2023-02-13,4,0.03825197517385643,2023-06-20
XBB.1.42.1,7,0.008494424017377164,2023-07-19,184,0.08106596356749385,2023-02-13,147,0.08202827402104136,2023-02-13,94,0.07895143085892457,2023-02-13,37,0.06627472017458814,2023-02-13,12,0.05622380432574985,2023-02-13,5,0.06556399913900625,2023-07-13
XBB.1.42.2,34,0.04125863094154623,2023-03-28,50,0.018501886882118932,2023-04-04,38,0.018443942984847365,2023-04-04,19,0.016508535755647664,2023-04-04,7,0.013685794185901365,2023-07-17,3,0.012901063976576236,2023-07-17,1,0.012620004168140075,2023-07-17
XBB.1.43,0,0.0,,28,0.0040351081531460565,2023-01-08,11,0.00270930649422259,2023-02-15,2,0.0009406418967060856,2023-02-15,0,0.0,,0,0.0,,0,0.0,
XBB.1.43.1,2,0.0024269782906791897,2023-04-02,6,0.0008727068586669548,2023-04-11,3,0.000661966305566705,2023-05-01,1,0.0004129973504078934,2023-05-01,0,0.0,,0,0.0,,0,0.0,
XBB.1.44,0,0.0,,18,0.010944644270679864,2023-01-23,12,0.010992888005642973,2023-01-23,6,0.011032287695511416,2023-02-02,3,0.011971810199075587,2023-04-10,2,0.015649282359837514,2023-04-10,2,0.027639353150607684,2023-04-10
XBB.1.44.1,2,0.0024269782906791897,2023-06-02,0,0.0,,0,0.0,,0,0.0,,0,0.0,,0,0.0,,0,0.0,
XBB.1.45,0,0.0,,48,0.007092469600769294,2023-01-02,16,0.004523872278997913,2023-01-02,5,0.002631505980297107,2023-01-11,1,0.0010431916097513245,2023-04-06,0,0.0,,0,0.0,
XBB.1.45.1,5,0.006067445726697975,2023-04-21,6,0.0007091982100188753,2023-08-01,2,0.0004375746707681777,2023-08-13,1,0.00032168267337712934,2023-08-28,0,0.0,,0,0.0,,0,0.0,
XBB.1.46,0,0.0,,6,0.001294615524569792,2023-03-09,5,0.0012911015945998915,2023-03-23,1,0.0004432563829285623,2023-06-29,0,0.0,,0,0.0,,0,0.0,
XBB.1.47.1,1,0.0012134891453395948,2023-05-13,0,0.0,,0,0.0,,0,0.0,,0,0.0,,0,0.0,,0,0.0,
XBB.1.48,0,0.0,,21,0.002759927399987572,2023-05-11,7,0.0016440780530511852,2023-05-11,2,0.0006845609388879878,2023-05-11,0,0.0,,0,0.0,,0,0.0,
XBB.1.49,0,0.0,,1,6.82943995101398e-05,2023-12-21,0,0.0,,0,0.0,,0,0.0,,0,0.0,,0,0.0,
XBB.1.5,9452,11.469899401749851,2023-01-01,343,0.24384415907298648,2023-01-03,307,0.2543759725635528,2023-01-03,239,0.2667915671924728,2023-01-03,144,0.27320578037332416,2023-01-04,70,0.2742863069619416,2023-01-04,26,0.25753348985062086,2023-01-23
XBB.1.5.1,294,0.3567658087298409,2023-01-02,463,0.2915389065551074,2023-01-03,336,0.2954057322654992,2023-01-03,224,0.30210274723460573,2023-01-05,137,0.3194094702278302,2023-01-05,75,0.3555920718445394,2023-01-05,31,0.3883819840101608,2023-01-12
XBB.1.5.10,173,0.20993362214374992,2023-02-14,271,0.16164294974368004,2023-01-03,200,0.1640589404447239,2023-01-04,132,0.16703505313641104,2023-01-04,78,0.17504155160728493,2023-01-04,32,0.18160308092638192,2023-01-04,18,0.2501432071806668,2023-04-18
XBB.1.5.100,20,0.0242697829067919,2023-01-31,69,0.03247826573032011,2023-01-24,45,0.03218697638602985,2023-01-24,24,0.030888558440853656,2023-02-05,13,0.031019472918300105,2023-02-05,10,0.040531589721381336,2023-02-06,2,0.03225825184919858,2023-03-01
XBB.1.5.101,0,0.0,,18,0.0025389472754393863,2023-01-09,8,0.0015590049779412147,2023-01-17,1,0.0003238277063882185,2023-05-03,0,0.0,,0,0.0,,0,0.0,
XBB.1.5.102,3,0.003640467436018785,2023-03-03,55,0.02035623144156602,2023-02-21,36,0.019577741038429096,2023-04-18,20,0.018086382402125293,2023-04-18,8,0.015823822561934407,2023-06-20,3,0.015417629155773865,2023-06-26,1,0.017340152009783935,2023-06-26
XBB.1.5.103,45,0.054607011540281775,2023-07-20,51,0.023234592467098934,2023-07-24,31,0.022507644752218874,2023-07-24,18,0.022056421467711546,2023-08-01,9,0.02221643661616899,2023-08-07,3,0.02286436678825713,2023-08-07,2,0.03446017345820749,2023-08-07
XBB.1.5.104,31,0.03761816350552744,2023-01-20,201,0.12968764746226172,2023-01-03,170,0.13389522723841749,2023-01-03,137,0.14076115566201827,2023-01-03,78,0.13946902351175386,2023-01-10,32,0.12717099079021518,2023-02-01,11,0.11871480673667756,2023-02-07
XBB.1.5.105,12,0.01456186974407514,2023-04-20,10,0.0030530224340990127,2023-03-28,6,0.002810038823721034,2023-07-23,4,0.0026737457993705823,2023-07-25,2,0.002117366926189384,2023-07-25,0,0.0,,0,0.0,
XBB.1.5.106,7,0.008494424017377164,2023-07-01,53,0.009443250992734856,2023-01-11,21,0.006967844332386412,2023-01-17,12,0.0058294073831421924,2023-01-17,1,0.0012814048150073568,2023-01-18,0,0.0,,0,0.0,
XBB.1.5.107,0,0.0,,156,0.061501614780110535,2023-01-03,108,0.06009397291217035,2023-01-03,70,0.05761698980923075,2023-01-03,25,0.04494300657012449,2023-01-03,10,0.04094419493208625,2023-01-04,3,0.03738528435066529,2023-02-26
XBB.1.5.108,0,0.0,,4,0.0006601070539231699,2023-08-15,3,0.0006063750375371667,2023-08-15,0,0.0,,0,0.0,,0,0.0,,0,0.0,
XBB.1.5.109,0,0.0,,27,0.004109472163430864,2023-01-11,10,0.002796521254514964,2023-01-18,2,0.001327487331060847,2023-01-18,1,0.0011655475892344495,2023-01-18,0,0.0,,0,0.0,
XBB.1.5.11,48,0.05824747897630056,2023-01-04,139,0.06043120977529336,2023-01-03,83,0.05843098398999309,2023-01-03,55,0.05844071162995922,2023-01-03,33,0.05936591834279887,2023-01-11,13,0.05366861780700211,2023-01-12,5,0.05030317212729772,2023-01-19
XBB.1.5.110,0,0.0,,164,0.05133608653100299,2023-01-04,98,0.047899218184674804,2023-01-04,51,0.043201613715821346,2023-01-04,20,0.03538889690897773,2023-01-12,7,0.03119423321489811,2023-01-12,3,0.03647306515522152,2023-06-07
XBB.1.5.12,21,0.025483272052131495,2023-01-14,132,0.06848283613894217,2023-01-03,104,0.06970992035394259,2023-01-03,62,0.06765134947045005,2023-01-03,28,0.06434654507692142,2023-02-13,14,0.06917336991311376,2023-02-15,7,0.08771431238678984,2023-03-01
XBB.1.5.13,220,0.26696761197471086,2023-01-02,397,0.21652285606250973,2023-01-02,303,0.2199034617129421,2023-01-02,189,0.21866575476502273,2023-01-03,103,0.22028152385919128,2023-01-03,44,0.2248995534658771,2023-01-03,24,0.2915086025202836,2023-01-04
XBB.1.5.14,10,0.01213489145339595,2023-02-23,117,0.03854704784012018,2023-01-04,73,0.03653701656151963,2023-01-04,45,0.0347748509877275,2023-01-04,18,0.028338407278148632,2023-01-24,6,0.02320401631045105,2023-02-15,1,0.009456407427511462,2023-07-25
XBB.1.5.15,254,0.3082262429162571,2023-01-01,335,0.13404083493834226,2023-01-02,231,0.13167278467250693,2023-01-02,132,0.12395542488321688,2023-01-10,65,0.11472013348289069,2023-01-10,24,0.10292923806843716,2023-01-12,9,0.10897965996464978,2023-01-12
XBB.1.5.16,231,0.2803159925734464,2023-01-02,355,0.1889369649770627,2023-01-02,277,0.19221189100822642,2023-01-02,176,0.19125199389864728,2023-01-02,105,0.1931260980048088,2023-01-02,44,0.18588235791509808,2023-01-02,15,0.17509071356536182,2023-01-22
XBB.1.5.17,310,0.3761816350552744,2023-01-02,476,0.2878002602969921,2023-01-02,349,0.29170263238505995,2023-01-02,229,0.2962486062996297,2023-01-02,138,0.31166311807066993,2023-01-04,67,0.33758200211566075,2023-01-04,30,0.40451224250258294,2023-01-12
XBB.1.5.18,66,0.08009028359241327,2023-01-09,77,0.028554749898200643,2023-01-03,46,0.02712816061889222,2023-01-03,31,0.026868491920584863,2023-01-03,14,0.02391195375747089,2023-02-19,6,0.020633743303651617,2023-03-14,2,0.016263922851306116,2023-07-05
XBB.1.5.19,235,0.2851699491548048,2023-01-01,297,0.15628661896130727,2023-01-02,215,0.15698333507032322,2023-01-02,143,0.15903985402977766,2023-01-02,68,0.154019620949677,2023-01-03,33,0.16690487970167692,2023-01-10,14,0.1926558982355329,2023-01-10
XBB.1.5.2,66,0.08009028359241327,2023-01-16,106,0.03963211873582252,2023-01-03,70,0.03860389735761659,2023-01-03,42,0.03700529859156953,2023-02-15,23,0.03463518756477781,2023-02-21,7,0.025200590449554503,2023-03-02,2,0.02080839027459698,2023-04-13
XBB.1.5.20,121,0.14683218658609098,2023-01-02,1391,1.2621945522474876,2023-01-02,1276,1.3237356492225545,2023-01-02,1103,1.4276539716981367,2023-01-02,793,1.5649976648169772,2023-01-02,422,1.6497099001984772,2023-01-03,116,1.2937588607643264,2023-01-03
XBB.1.5.21,43,0.05218003324960258,2023-01-02,85,0.03231134623374558,2023-01-03,51,0.03076921332685039,2023-01-03,25,0.028412140989690263,2023-02-02,14,0.028588231118218108,2023-02-02,7,0.030215850308522287,2023-02-02,2,0.02646075153542219,2023-02-08
XBB.1.5.22,1,0.0012134891453395948,2023-02-20,5,0.0005434776243706306,2023-02-01,1,0.00014786160285076247,2023-11-05,0,0.0,,0,0.0,,0,0.0,,0,0.0,
XBB.1.5.23,15,0.018202337180093925,2023-01-31,121,0.03486794687305294,2023-02-02,64,0.03133054938474749,2023-02-02,32,0.027768626267811097,2023-02-07,11,0.023355115133450857,2023-02-07,6,0.02541175049778366,2023-03-05,2,0.02055601985202988,2023-04-04
XBB.1.5.24,23,0.027910250342810684,2023-02-22,80,0.026708404217011185,2023-01-04,50,0.02541180750924387,2023-01-23,29,0.023531208681955407,2023-02-21,13,0.020291985486229028,2023-03-05,3,0.012927045350956238,2023-03-05,1,0.011829935485262498,2023-03-05
XBB.1.5.25,1,0.0012134891453395948,2023-03-25,24,0.00892224337575857,2023-01-08,15,0.008472468230792327,2023-01-08,8,0.007769997142507261,2023-01-08,4,0.007423610116738546,2023-02-23,2,0.0077430095381883285,2023-02-23,1,0.00980608495473993,2023-03-07
XBB.1.5.26,7,0.008494424017377164,2023-01-13,123,0.034411460709797434,2023-01-11,68,0.031178032892568302,2023-01-11,31,0.02697722434338426,2023-01-11,15,0.024476699863966712,2023-01-11,4,0.017023834437941476,2023-02-22,1,0.01344622936097485,2023-06-20
XBB.1.5.27,4,0.004853956581358379,2023-02-05,34,0.012478426891109265,2023-01-08,11,0.01096703388948826,2023-03-07,8,0.011521335714674315,2023-03-07,5,0.012379547812455914,2023-03-15,2,0.01311782590388675,2023-03-15,1,0.016608286824949865,2023-03-15
XBB.1.5.28,25,0.030337228633489872,2023-01-20,338,0.17842313243527272,2023-01-03,277,0.18257271623450233,2023-01-03,200,0.18473710865272344,2023-01-03,109,0.17548926120159952,2023-01-18,41,0.1468286020960225,2023-02-06,10,0.10610424395573806,2023-03-29
XBB.1.5.3,28,0.03397769606950866,2023-01-05,384,0.35416401527912234,2023-01-02,351,0.37125696884883497,2023-01-02,300,0.3996914397908304,2023-01-02,191,0.4261058868721629,2023-01-02,108,0.4788162565515047,2023-01-02,50,0.5401620146104538,2023-01-02
XBB.1.5.30,53,0.06431492470299853,2023-01-04,369,0.3293411728162954,2023-01-02,332,0.3445941863170629,2023-01-02,266,0.3664331793688337,2023-01-02,173,0.3953623727449571,2023-01-02,91,0.4299293099458849,2023-01-03,47,0.5295584602483798,2023-01-03
XBB.1.5.31,164,0.19901221983569356,2023-01-04,331,0.17672572603152895,2023-01-03,219,0.1755618208539147,2023-01-03,135,0.17659982761114376,2023-01-09,71,0.18121453388104286,2023-01-09,48,0.22033277671964424,2023-01-09,20,0.23530653951348263,2023-01-24
XBB.1.5.32,77,0.09343866419114881,2023-01-01,161,0.06617893986192097,2023-01-03,124,0.066473269298048,2023-01-03,75,0.06312031976603646,2023-01-03,36,0.056641386574805254,2023-01-03,15,0.05122073973174688,2023-01-17,2,0.029530332333280212,2023-02-26
XBB.1.5.33,107,0.12984333855133665,2023-01-02,210,0.10720530780700355,2023-01-01,155,0.10804770216244547,2023-01-03,102,0.10804606687201362,2023-01-03,59,0.1094528519699808,2023-01-03,24,0.10417558106210158,2023-01-03,10,0.11258924307342817,2023-01-05
XBB.1.5.34,20,0.0242697829067919,2023-01-21,88,0.024855673066538003,2023-01-03,49,0.02263042086741051,2023-01-03,18,0.01854548125277532,2023-01-11,10,0.018307018721690452,2023-01-11,5,0.01913790844756819,2023-02-06,2,0.01823422330670081,2023-02-15
XBB.1.5.35,31,0.03761816350552744,2023-01-14,203,0.09069037524783491,2023-01-08,102,0.0865428592373938,2023-01-26,65,0.08778089687737493,2023-02-22,34,0.09138244726397048,2023-02-22,21,0.10996971264063557,2023-02-22,9,0.13500579613184774,2023-03-07
XBB.1.5.36,16,0.019415826325433518,2023-01-10,130,0.03776825787886277,2023-01-03,69,0.03386948305941453,2023-01-04,42,0.03166932201188713,2023-01-04,17,0.024736248653827276,2023-01-11,6,0.01822516759070798,2023-01-30,1,0.01025794392315177,2023-05-15
XBB.1.5.37,59,0.0715958595750361,2023-01-03,323,0.11401691513384637,2023-01-02,183,0.10704289845172138,2023-01-03,98,0.10021717714871964,2023-01-03,47,0.09433597991369351,2023-01-03,19,0.08846942369561717,2023-04-17,7,0.09356266364328548,2023-05-03
XBB.1.5.38,1,0.0012134891453395948,2023-04-17,56,0.01022310485660451,2023-01-03,21,0.007403153922354909,2023-01-03,7,0.004649894144009695,2023-01-12,3,0.003425049939944882,2023-01-12,0,0.0,,0,0.0,
XBB.1.5.39,43,0.05218003324960258,2023-01-05,114,0.04134280146499723,2023-01-09,69,0.039518619112725244,2023-01-10,42,0.0381213126360868,2023-01-10,22,0.03624383764040947,2023-01-17,6,0.02744776564893039,2023-02-01,1,0.02264022132220457,2023-04-12
XBB.1.5.4,163,0.19779873069035397,2023-01-02,179,0.10716342031827147,2023-01-04,143,0.10976347965958369,2023-01-04,100,0.11169608442130897,2023-01-04,53,0.11106668640211592,2023-01-24,24,0.11335361706969321,2023-02-07,9,0.11724082630787491,2023-02-07
XBB.1.5.40,24,0.02912373948815028,2023-01-04,193,0.08705771813448542,2023-01-03,157,0.08837009172250514,2023-01-03,118,0.08859322927228182,2023-01-03,56,0.07297129028595932,2023-01-19,17,0.047907354544607275,2023-02-06,0,0.0,
XBB.1.5.41,17,0.020629315470773114,2023-01-09,8,0.001269387849806689,2023-01-17,4,0.0009803771276168057,2023-05-23,1,0.00042406478812206504,2023-05-23,0,0.0,,0,0.0,,0,0.0,
XBB.1.5.42,6,0.00728093487203757,2023-02-22,15,0.0042592248030355676,2023-01-05,9,0.003961571631951648,2023-01-23,4,0.003405188066806258,2023-01-23,3,0.00355084272940049,2023-04-11,0,0.0,,0,0.0,
XBB.1.5.43,4,0.004853956581358379,2023-02-26,71,0.023346514160715055,2023-01-11,44,0.02218697656159517,2023-01-11,27,0.020875857240122208,2023-01-11,14,0.01845502200440095,2023-01-11,4,0.009972798974795548,2023-03-26,0,0.0,
XBB.1.5.44,2,0.0024269782906791897,2023-06-05,16,0.012489636622150984,2023-05-11,11,0.012666226104219218,2023-05-11,9,0.013470358329360697,2023-05-11,6,0.014901600626751636,2023-05-11,5,0.019309992379753324,2023-05-11,2,0.0211458746046431,2023-05-22
XBB.1.5.45,0,0.0,,53,0.013712887997325918,2023-02-07,37,0.012961353715733934,2023-02-07,23,0.011305007037104116,2023-02-07,4,0.0036445009103825204,2023-03-21,0,0.0,,0,0.0,
XBB.1.5.46,4,0.004853956581358379,2023-03-16,59,0.02472212162335653,2023-01-10,39,0.023988621843685307,2023-01-12,25,0.02360671874021675,2023-01-12,15,0.023199201435187024,2023-02-28,5,0.018277468365364206,2023-03-14,1,0.010911723859942045,2023-07-18
XBB.1.5.47,28,0.03397769606950866,2023-01-08,112,0.03164368169528243,2023-01-08,69,0.029155650589285497,2023-01-08,39,0.025989773551853904,2023-01-08,16,0.01960534616419611,2023-01-08,3,0.008659333657639169,2023-01-08,0,0.0,
XBB.1.5.48,224,0.27182156855606926,2023-01-01,254,0.16515527079342576,2023-01-02,190,0.16841750410236608,2023-01-02,136,0.17491541797851423,2023-01-02,91,0.18967176138008185,2023-01-02,47,0.2027941812384639,2023-01-03,18,0.213305891556074,2023-01-10
XBB.1.5.49,65,0.07887679444707367,2023-01-09,155,0.08653438841425466,2023-01-17,111,0.08742492195861051,2023-01-19,75,0.0888498757882601,2023-01-31,48,0.09277910613154365,2023-01-31,20,0.08970536231668423,2023-03-14,10,0.10658087704443597,2023-04-12
XBB.1.5.5,34,0.04125863094154623,2023-01-09,110,0.037679041629121904,2023-01-03,66,0.035059526588130815,2023-01-04,39,0.03330036625422564,2023-01-04,18,0.02954563181791604,2023-01-04,4,0.02279257014164067,2023-01-11,2,0.03131459600689561,2023-03-07
XBB.1.5.50,13,0.015775358889414733,2023-03-08,51,0.016224441701619446,2023-01-12,31,0.015245099574864548,2023-02-14,20,0.014505127538774039,2023-02-14,7,0.010976949462831688,2023-02-27,3,0.008798751336859997,2023-04-11,0,0.0,
XBB.1.5.51,32,0.038831652650867035,2023-01-05,138,0.06979696361092222,2023-01-05,90,0.0690205469002221,2023-01-11,66,0.07100996506237477,2023-01-11,34,0.06921681770107409,2023-01-24,19,0.07330942575952407,2023-01-31,7,0.06956629806414524,2023-03-09
XBB.1.5.52,95,0.11528146880726152,2023-01-05,160,0.08586617715174052,2023-01-03,102,0.0848427820096646,2023-01-03,70,0.08684031839903611,2023-01-03,34,0.08742087688515976,2023-01-24,20,0.1037231043803027,2023-02-21,8,0.12061956561317279,2023-02-28
XBB.1.5.53,0,0.0,,14,0.0020851788335205395,2023-01-19,7,0.0015351280662199633,2023-01-19,2,0.0006859362470098804,2023-02-23,0,0.0,,0,0.0,,0,0.0,
XBB.1.5.54,0,0.0,,8,0.0019502609445618104,2023-02-15,5,0.0018047660694289612,2023-02-15,2,0.001183832838217872,2023-02-15,1,0.001060343490376027,2023-12-26,0,0.0,,0,0.0,
XBB.1.5.55,41,0.04975305495892339,2023-01-02,123,0.0712140541998085,2023-01-04,86,0.07174657504303127,2023-01-09,56,0.07293383895253364,2023-01-09,31,0.07614911168639484,2023-01-24,18,0.0892952202883248,2023-01-24,10,0.11661730987415234,2023-01-26
XBB.1.5.56,42,0.05096654410426299,2023-01-02,103,0.045861878386486817,2023-01-02,80,0.04618340962829884,2023-01-02,55,0.045328817228066046,2023-01-03,28,0.04118633862399624,2023-01-04,9,0.02952546654052819,2023-01-23,1,0.0099910136091919,2023-02-28
XBB.1.5.57,2,0.0024269782906791897,2023-05-28,126,0.02833485308619406,2023-01-04,62,0.02379737945991281,2023-01-04,25,0.01830515952607163,2023-01-04,10,0.014887325149055395,2023-01-19,4,0.011876386435325754,2023-01-22,1,0.007645888729402314,2023-04-18
XBB.1.5.58,0,0.0,,1,8.280686583428611e-05,2023-11-13,0,0.0,,0,0.0,,0,0.0,,0,0.0,,0,0.0,
XBB.1.5.59,53,0.06431492470299853,2023-02-18,364,0.21972351982611663,2023-01-08,302,0.22602533892594495,2023-01-08,223,0.23318536174293322,2023-01-11,131,0.23495247180847242,2023-01-25,55,0.22137350377343928,2023-03-22,14,0.17116435220937168,2023-04-18
XBB.1.5.6,25,0.030337228633489872,2023-01-01,98,0.023465807255282266,2023-01-02,46,0.019526102496598977,2023-01-02,27,0.017671380767068017,2023-01-02,12,0.013694492653163234,2023-01-02,2,0.004879624146749551,2023-02-07,0,0.0,
XBB.1.5.60,2,0.0024269782906791897,2023-01-30,37,0.008727091176382547,2023-01-03,23,0.007808300996124694,2023-01-03,9,0.005643074582955866,2023-01-03,3,0.0036638108737806607,2023-01-03,0,0.0,,0,0.0,
XBB.1.5.61,37,0.04489909837756501,2023-01-03,122,0.03745044055685178,2023-01-03,55,0.03320319755668733,2023-01-03,29,0.031096933320475018,2023-01-03,10,0.028048073473951912,2023-01-23,7,0.03447628880234904,2023-01-23,2,0.03163111537468253,2023-06-07
XBB.1.5.62,21,0.025483272052131495,2023-01-03,101,0.02602333082679348,2023-01-03,55,0.023163054684061567,2023-01-05,31,0.020586476043741513,2023-01-05,10,0.01447755122292791,2023-01-16,4,0.012172671776082335,2023-02-15,0,0.0,
XBB.1.5.63,16,0.019415826325433518,2023-01-02,130,0.05298757997240723,2023-01-04,74,0.05069128864340787,2023-01-10,46,0.050099250647229435,2023-01-17,26,0.05067441543704599,2023-02-05,11,0.04787180284562824,2023-02-05,5,0.051493566400280445,2023-02-05
XBB.1.5.64,7,0.008494424017377164,2023-02-03,58,0.013323818745784657,2023-01-22,24,0.010914465463526334,2023-02-08,10,0.009225993478981048,2023-03-23,6,0.008975732975555414,2023-03-23,3,0.0077198605413695606,2023-04-12,0,0.0,
XBB.1.5.65,5,0.006067445726697975,2023-01-06,83,0.029791620750458575,2023-01-11,42,0.027350149194155383,2023-01-18,22,0.025734298021831328,2023-02-07,10,0.025485657538637546,2023-04-25,6,0.029698620843267846,2023-05-09,4,0.04453506542477277,2023-05-09
XBB.1.5.66,60,0.0728093487203757,2023-01-05,267,0.11721634712876265,2023-01-02,204,0.1177309938841262,2023-01-04,136,0.11486333757694789,2023-01-05,67,0.10421651972375022,2023-01-12,28,0.09032320365835206,2023-01-12,4,0.033051310814855364,2023-03-16
XBB.1.5.67,210,0.25483272052131495,2023-01-03,623,0.8942783988478613,2023-01-03,574,0.9410990721861908,2023-01-03,512,1.0286765110413185,2023-01-03,393,1.1868900954289348,2023-01-04,256,1.471860258017595,2023-01-04,147,2.0022883040066874,2023-01-04
XBB.1.5.68,2,0.0024269782906791897,2023-03-16,12,0.0038801194698009204,2023-05-04,9,0.003810991819963431,2023-05-10,4,0.003207329755551871,2023-05-10,3,0.003396170574481525,2023-05-17,0,0.0,,0,0.0,
XBB.1.5.69,12,0.01456186974407514,2023-01-05,46,0.012720888375319223,2023-01-05,21,0.011039010903603003,2023-01-11,11,0.009881348083614135,2023-01-11,4,0.007863204074686247,2023-02-22,2,0.008789345591642066,2023-02-22,1,0.011073371637206612,2023-02-22
XBB.1.5.7,78,0.09465215333648841,2023-01-03,109,0.045793710780849636,2023-01-03,76,0.044973449626286785,2023-01-03,47,0.04342944186873285,2023-01-03,20,0.03897772393888348,2023-01-25,9,0.03767411669306452,2023-02-28,4,0.04040462782834548,2023-02-28
XBB.1.5.70,83,0.10071959906318638,2023-06-03,64,0.031948222625616945,2023-05-02,43,0.031626066253345804,2023-05-02,28,0.03185059408853904,2023-05-02,14,0.03147805949957746,2023-05-02,9,0.036684952023494186,2023-05-02,3,0.03226211819323955,2023-05-23
XBB.1.5.71,7,0.008494424017377164,2023-05-08,76,0.02690254431775023,2023-01-03,45,0.025330122625384272,2023-01-03,26,0.024185044898547278,2023-01-23,12,0.022403708225046465,2023-02-14,3,0.019117440280929522,2023-03-14,2,0.02950481930325168,2023-07-11
XBB.1.5.72,104,0.12620287111531786,2023-02-21,164,0.10796410527604687,2023-05-04,115,0.10939466887921188,2023-05-04,83,0.11429662210925719,2023-05-16,52,0.12322753363891153,2023-05-24,36,0.15168238418987623,2023-05-24,11,0.13708362670039265,2023-06-06
XBB.1.5.73,57,0.06916888128435691,2023-01-04,693,0.1538155921295719,2023-01-02,218,0.11726704858838943,2023-01-03,89,0.10281837272450983,2023-01-18,46,0.10277622612368309,2023-01-25,18,0.10498938646827698,2023-01-25,9,0.13898694240121237,2023-03-15
XBB.1.5.74,1,0.0012134891453395948,2023-03-20,6,0.000912620894172456,2023-01-18,2,0.0005702020329986184,2023-01-18,1,0.0003545055643761613,2023-05-28,0,0.0,,0,0.0,,0,0.0,
XBB.1.5.75,12,0.01456186974407514,2023-01-15,74,0.027328660301137866,2023-01-10,43,0.025919561684561,2023-01-12,25,0.024994744420870237,2023-01-12,13,0.024329285089075534,2023-01-23,6,0.02415574837382968,2023-03-01,2,0.02190905091184896,2023-03-01
XBB.1.5.76,12,0.01456186974407514,2023-02-17,171,0.029757553740872376,2023-01-05,44,0.019708980340187438,2023-01-05,14,0.01556304965939154,2023-01-31,6,0.014928871719560215,2023-03-30,2,0.014669036011816006,2023-03-30,2,0.025908067691979068,2023-03-30
XBB.1.5.77,75,0.09101168590046962,2023-01-17,251,0.1458848321246957,2023-01-02,187,0.14814578611235824,2023-01-02,123,0.1495998587677319,2023-01-02,72,0.15541580267176253,2023-01-03,32,0.15964860380835164,2023-01-03,13,0.18934066103282227,2023-04-04
XBB.1.5.78,6,0.00728093487203757,2023-02-19,203,0.033250419814331536,2023-01-02,64,0.022195544914881148,2023-01-16,12,0.014194938978155682,2023-03-02,6,0.014460572866956041,2023-03-28,4,0.017058793785499047,2023-03-28,1,0.010012654125733957,2023-05-02
XBB.1.5.79,8,0.009707913162716759,2023-02-19,38,0.019239019955204262,2023-01-12,29,0.019477385977008255,2023-01-23,25,0.020709768966163906,2023-01-23,8,0.015265144330594277,2023-02-21,5,0.016658535924542132,2023-03-08,1,0.009321960972766616,2023-04-27
XBB.1.5.8,50,0.060674457266979745,2023-01-05,80,0.026198064442946593,2023-01-02,43,0.02427448195356432,2023-01-08,25,0.023030963512756037,2023-01-10,13,0.021739617646341435,2023-01-10,5,0.02010395542398979,2023-01-10,1,0.013648284633436206,2023-01-18
XBB.1.5.80,13,0.015775358889414733,2023-01-18,658,0.09875575821673652,2023-01-03,180,0.05900358936297168,2023-01-03,57,0.03982468622578043,2023-01-03,15,0.025969157869907035,2023-01-05,3,0.018256799882107388,2023-01-05,1,0.019009129390817017,2023-04-13
XBB.1.5.81,2,0.0024269782906791897,2023-05-23,93,0.026939975604681546,2023-01-02,52,0.02461428754242741,2023-01-02,28,0.02167293238827044,2023-01-03,13,0.01827763420457961,2023-01-04,4,0.011913191758962032,2023-01-08,1,0.008182298050174891,2023-05-30
XBB.1.5.82,0,0.0,,25,0.002114970292764487,2023-01-03,0,0.0,,0,0.0,,0,0.0,,0,0.0,,0,0.0,
XBB.1.5.83,3,0.003640467436018785,2023-03-05,1023,0.7363751658232125,2023-01-01,930,0.7696450190066897,2023-01-01,774,0.8171164111258534,2023-01-01,519,0.8540155463312985,2023-01-01,228,0.7664800414031128,2023-01-03,35,0.34830002055461184,2023-01-05
XBB.1.5.84,2,0.0024269782906791897,2023-06-07,819,0.5599683501643236,2023-01-02,735,0.5838545779397599,2023-01-02,608,0.6178925133345105,2023-01-02,402,0.6378412794754361,2023-01-02,165,0.5416362296972869,2023-01-03,19,0.1918098527498666,2023-01-18
XBB.1.5.85,3,0.003640467436018785,2023-03-18,9,0.0010593235250492574,2023-04-26,2,0.0005048737990985511,2023-12-13,1,0.00039251842492039326,2023-12-13,0,0.0,,0,0.0,,0,0.0,
XBB.1.5.86,34,0.04125863094154623,2023-02-12,63,0.03155895304770587,2023-01-04,45,0.03155859941915377,2023-01-30,32,0.03222509019479973,2023-01-30,18,0.0316989200503193,2023-01-30,9,0.032704184413963056,2023-03-06,1,0.010677886451673198,2023-04-06
XBB.1.5.87,0,0.0,,5,0.0005284789161303053,2023-04-17,1,0.00017440568279504715,2023-05-24,0,0.0,,0,0.0,,0,0.0,,0,0.0,
XBB.1.5.88,0,0.0,,79,0.015269610835656618,2023-01-04,36,0.011866557721550316,2023-01-08,14,0.008424127912545218,2023-02-23,5,0.005708410511188882,2023-04-20,1,0.002399110584797988,2023-05-23,0,0.0,
XBB.1.5.89,2,0.0024269782906791897,2023-06-25,4,0.0019693886018691113,2023-05-09,3,0.001995335386198111,2023-05-25,2,0.002056402423191393,2023-05-25,2,0.0025034853925962946,2023-05-25,0,0.0,,0,0.0,
XBB.1.5.9,558,0.677126943099494,2023-01-02,311,0.18085014914019995,2023-01-03,254,0.18585925417535085,2023-01-03,191,0.19192745904266378,2023-01-03,96,0.18034317415991383,2023-01-03,38,0.1666313604587708,2023-01-03,11,0.15561999670243004,2023-01-24
XBB.1.5.90,3,0.003640467436018785,2023-04-24,3,0.001525950283340345,2023-04-17,3,0.0016149947577256483,2023-04-17,1,0.0013293999077771475,2023-05-15,1,0.0016184250769720062,2023-05-15,1,0.0022981061361792344,2023-05-15,0,0.0,
XBB.1.5.91,23,0.027910250342810684,2023-01-21,157,0.0655380094207242,2023-01-03,96,0.06317196293503441,2023-01-04,56,0.0607500807494547,2023-01-08,28,0.05826213512227869,2023-01-12,9,0.052685036073090497,2023-03-08,6,0.07616358512390206,2023-04-03
XBB.1.5.92,13,0.015775358889414733,2023-01-30,101,0.03447882012042406,2023-01-02,58,0.03244616348156676,2023-01-03,28,0.029089524073005597,2023-01-03,17,0.030080985554222405,2023-01-03,6,0.02526053120060752,2023-02-07,2,0.022809792565789015,2023-03-23
XBB.1.5.93,2,0.0024269782906791897,2023-03-15,133,0.049881266815450354,2023-01-05,73,0.04703951145408521,2023-01-09,51,0.04742053505507163,2023-01-16,23,0.043708608864492716,2023-01-23,11,0.04300897211022588,2023-01-23,3,0.034321861608567136,2023-02-16
XBB.1.5.94,0,0.0,,133,0.06256596004473146,2023-01-02,88,0.06192687276167212,2023-01-16,53,0.06074107324289846,2023-01-31,30,0.061104374887983114,2023-03-07,13,0.06178210923581635,2023-05-17,3,0.053068336348445905,2023-05-29
XBB.1.5.95,29,0.03519118521484825,2023-01-27,213,0.18803418206851527,2023-01-02,179,0.1953804313291625,2023-01-02,154,0.21059892111520528,2023-01-02,109,0.23228721801096408,2023-01-02,61,0.25413044830646997,2023-01-03,22,0.23711506975184815,2023-01-03
XBB.1.5.96,59,0.0715958595750361,2023-01-03,151,0.04996532148138453,2023-01-03,81,0.045906653310529184,2023-01-03,49,0.04355600060391461,2023-01-03,21,0.03840341145801541,2023-01-18,11,0.03729084436469152,2023-01-19,3,0.02465068368140767,2023-02-13
XBB.1.5.97,2,0.0024269782906791897,2023-03-12,38,0.01270202556749161,2023-01-10,26,0.012367399428631973,2023-01-17,13,0.010480967735946265,2023-02-20,6,0.009172230816424048,2023-03-14,2,0.005922846089611701,2023-03-22,0,0.0,
XBB.1.5.98,6,0.00728093487203757,2023-05-05,13,0.006861060448310475,2023-01-08,9,0.006848853097310234,2023-01-08,5,0.006702971455159552,2023-04-20,4,0.007728411184057518,2023-04-20,2,0.0076846053539775415,2023-04-20,1,0.009647988879795556,2023-07-18
XBB.1.5.99,3,0.003640467436018785,2023-02-14,86,0.019817382720995525,2023-01-04,36,0.016242289355335667,2023-01-04,11,0.012582899184265311,2023-01-04,3,0.011407961235850307,2023-03-07,2,0.014855394686240073,2023-03-07,1,0.0217274345377743,2023-03-22
XBB.1.6,0,0.0,,18,0.002329706978365245,2023-01-11,4,0.0010697473148762356,2023-04-25,2,0.0008606740557110464,2023-04-25,0,0.0,,0,0.0,,0,0.0,
XBB.1.7,6,0.00728093487203757,2023-01-06,42,0.005839032141950591,2023-01-03,15,0.0036187014147778204,2023-01-18,4,0.0017712895316284263,2023-01-24,0,0.0,,0,0.0,,0,0.0,
XBB.1.8,0,0.0,,71,0.011265773271114787,2023-01-05,35,0.008377245936272279,2023-01-05,10,0.004182976725752835,2023-01-05,0,0.0,,0,0.0,,0,0.0,
XBB.1.9,24,0.02912373948815028,2023-01-23,225,0.1055237984003807,2023-01-23,181,0.10711919291021797,2023-02-01,128,0.10625629741468318,2023-02-09,62,0.09294451003877868,2023-02-20,19,0.06729364579109161,2023-02-20,2,0.029886613540063126,2023-04-19
XBB.1.9.1,158,0.191731284963656,2023-01-12,229,0.11172382945877359,2023-02-07,192,0.11441987918209527,2023-02-19,124,0.11162414584301111,2023-03-01,64,0.10364553978667827,2023-03-01,21,0.08391066391332665,2023-04-25,7,0.07403988116872895,2023-04-25
XBB.1.9.2,89,0.10800053393522395,2023-02-01,723,0.28911572990265366,2023-02-13,554,0.28851322446301914,2023-02-13,364,0.2761881040079953,2023-02-20,138,0.21640757207621297,2023-02-20,40,0.16410139609964178,2023-02-20,11,0.1418383087251121,2023-02-20
XBB.1.9.3,0,0.0,,12,0.0024267097895597123,2023-04-11,5,0.0017952242929894014,2023-04-11,3,0.0015391707686646407,2023-04-11,0,0.0,,0,0.0,,0,0.0,
XBB.1.9.4,13,0.015775358889414733,2023-01-11,47,0.011199699817991814,2023-03-01,25,0.00969874043229723,2023-03-01,13,0.008168562539835654,2023-03-14,4,0.00542477964074644,2023-03-14,2,0.004920655197140099,2023-03-14,0,0.0,
XBB.1.9.5,0,0.0,,5,0.0007649178901108838,2023-04-18,3,0.0005718551837144301,2023-06-06,0,0.0,,0,0.0,,0,0.0,,0,0.0,
XBB.1.9.7,0,0.0,,16,0.003046706853810071,2023-05-19,7,0.002367141525068202,2023-05-25,4,0.0019982564071548176,2023-05-25,1,0.0008007238335770938,2023-10-26,0,0.0,,0,0.0,
XBB.2,5,0.006067445726697975,2023-01-13,13,0.0033299021614972913,2023-03-12,8,0.003052502027114699,2023-03-12,5,0.0026654286670258465,2023-04-18,2,0.0020004588071127556,2023-05-02,0,0.0,,0,0.0,
XBB.2.1,0,0.0,,1,0.0002245608259178452,2023-06-11,1,0.00023766472643786248,2023-06-11,0,0.0,,0,0.0,,0,0.0,,0,0.0,
XBB.2.10,0,0.0,,4,0.00044023972116081215,2023-07-05,1,0.00022257484466752832,2023-12-06,0,0.0,,0,0.0,,0,0.0,,0,0.0,
XBB.2.11,0,0.0,,14,0.0015731033613025722,2023-05-30,5,0.0008568446533801648,2023-06-11,0,0.0,,0,0.0,,0,0.0,,0,0.0,
XBB.2.11.1,9,0.010921402308056355,2023-01-02,6,0.0008133216167291794,2023-01-03,3,0.0006437321492235729,2023-01-03,1,0.00033812326334690463,2023-01-05,0,0.0,,0,0.0,,0,0.0,
XBB.2.2,1,0.0012134891453395948,2023-01-15,1,0.00015048988569259822,2023-10-17,1,0.00015927149078032635,2023-10-17,0,0.0,,0,0.0,,0,0.0,,0,0.0,
XBB.2.3,266,0.32278811266033225,2023-02-16,301,0.11973117488404025,2023-02-28,202,0.11664814398791815,2023-02-28,123,0.11178522188983347,2023-03-23,61,0.10417946132959861,2023-03-27,28,0.09922379255137548,2023-03-27,6,0.06612468119397441,2023-03-27
XBB.2.3.1,1,0.0012134891453395948,2023-04-23,3,0.0007053699492431173,2023-03-07,2,0.0006608549036774372,2023-03-07,1,0.0005186165220348897,2023-04-18,0,0.0,,0,0.0,,0,0.0,
XBB.2.3.10,7,0.008494424017377164,2023-03-31,71,0.019768669230453517,2023-05-23,48,0.018639402413840375,2023-05-23,27,0.015881935940276933,2023-05-25,11,0.011670188871673617,2023-05-25,0,0.0,,0,0.0,
XBB.2.3.11,73,0.08858470760979043,2023-04-11,160,0.06286971980821643,2023-03-22,117,0.06211728839480886,2023-03-22,64,0.05669960683188197,2023-03-22,36,0.054293131473402215,2023-04-17,16,0.04953478438681407,2023-05-02,2,0.016906747039310607,2023-06-08
XBB.2.3.12,3,0.003640467436018785,2023-05-24,17,0.010948488761601325,2023-03-22,12,0.011112610640196117,2023-03-22,6,0.011056839230413663,2023-03-22,3,0.011717970502754818,2023-03-22,2,0.015055059838740089,2023-03-22,2,0.02658985287749569,2023-03-22
XBB.2.3.13,0,0.0,,23,0.013564463977322158,2023-03-21,14,0.01354375613983531,2023-04-04,7,0.013759071923075973,2023-04-17,5,0.015636554737673128,2023-05-02,3,0.019664721941174218,2023-06-14,1,0.023269059851821025,2023-06-14
XBB.2.3.14,1,0.0012134891453395948,2023-04-30,14,0.00415572814493139,2023-05-11,8,0.0038074699267572993,2023-05-11,5,0.0035363534935351037,2023-05-23,2,0.0024676707179438896,2023-06-07,1,0.0024146760324363476,2023-06-07,0,0.0,
XBB.2.3.15,0,0.0,,79,0.038604150792344576,2023-05-22,43,0.03730766685222895,2023-06-08,28,0.03803049528029655,2023-06-08,16,0.04007753388008464,2023-06-08,7,0.04246333261632835,2023-06-25,4,0.061039333737496836,2023-06-25
XBB.2.3.16,0,0.0,,6,0.0008252915147992572,2023-05-11,2,0.0005328011719569951,2023-05-25,1,0.00036961250338686806,2023-09-05,0,0.0,,0,0.0,,0,0.0,
XBB.2.3.18,0,0.0,,3,0.00040322564834232015,2023-08-27,1,0.00025410943599700627,2023-08-27,0,0.0,,0,0.0,,0,0.0,,0,0.0,
XBB.2.3.19,0,0.0,,34,0.008914623421719007,2023-03-21,22,0.00824819704694294,2023-03-21,8,0.006153990825073883,2023-03-21,4,0.005270221497390541,2023-03-21,1,0.0037837677025514454,2023-03-21,0,0.0,
XBB.2.3.2,130,0.15775358889414734,2023-03-23,53,0.019968974004249216,2023-03-30,36,0.019354782896125397,2023-03-30,22,0.018307007363204657,2023-03-30,11,0.01646181679269977,2023-03-30,3,0.012247845322898097,2023-05-23,1,0.011864318279636885,2023-05-23
XBB.2.3.20,0,0.0,,2,0.0004755114712766579,2023-06-20,2,0.0005032592095131391,2023-06-20,1,0.00033790720567404857,2023-06-20,0,0.0,,0,0.0,,0,0.0,
XBB.2.3.3,39,0.047326076668244205,2023-03-14,103,0.07288018484779958,2023-03-29,81,0.07504962478980579,2023-04-17,62,0.07892037536632063,2023-04-17,33,0.08120487979904167,2023-04-17,19,0.09436608460111733,2023-05-09,8,0.10759456249995723,2023-06-07
XBB.2.3.4,14,0.01698884803475433,2023-03-28,83,0.058565113066710604,2023-03-23,69,0.060639369761872286,2023-03-23,46,0.06217278259854136,2023-03-23,32,0.06806664672361969,2023-03-26,21,0.07899661190965762,2023-03-26,5,0.05990079531499166,2023-03-26
XBB.2.3.5,16,0.019415826325433518,2023-04-11,16,0.02104716166203594,2023-05-10,15,0.02219873258825343,2023-05-10,11,0.02361010742606275,2023-05-14,9,0.027450831422750687,2023-05-21,8,0.03769967701292991,2023-05-21,4,0.04934331793124757,2023-07-05
XBB.2.3.6,3,0.003640467436018785,2023-05-21,23,0.004003360663240118,2023-04-27,11,0.003132976371924338,2023-04-27,2,0.0016163987962995376,2023-05-23,2,0.0019678204662227725,2023-05-23,0,0.0,,0,0.0,
XBB.2.3.7,5,0.006067445726697975,2023-03-01,45,0.00976528378042624,2023-03-14,22,0.008125639047527071,2023-03-14,9,0.0062431031904946754,2023-06-07,3,0.004668200232850203,2023-06-14,1,0.002687010303798476,2023-09-05,0,0.0,
XBB.2.3.8,13,0.015775358889414733,2023-06-05,29,0.013218287622355171,2023-05-11,22,0.013294215216234632,2023-05-18,13,0.012419992009806174,2023-05-18,7,0.012177492357310943,2023-06-13,4,0.012730895345335648,2023-06-13,1,0.007711810203773094,2023-07-18
XBB.2.3.9,0,0.0,,3,0.00031818558070472234,2023-03-21,1,0.00015241553212868404,2023-06-21,0,0.0,,0,0.0,,0,0.0,,0,0.0,
XBB.2.4,3,0.003640467436018785,2023-03-02,83,0.025858400019908818,2023-03-29,58,0.024840760987489503,2023-05-10,36,0.02270103637391335,2023-05-10,17,0.017750792164725582,2023-05-31,1,0.0023890940821380035,2023-08-28,0,0.0,
XBB.2.5,4,0.004853956581358379,2023-01-02,56,0.01595717028672314,2023-04-03,33,0.014376112862855252,2023-05-22,16,0.012403496161920784,2023-05-23,10,0.01173757528775505,2023-05-23,1,0.002363837394436935,2023-05-23,0,0.0,
XBB.2.6,10,0.01213489145339595,2023-01-16,2,0.0003475047758314437,2023-06-21,1,0.00026678910689506184,2023-06-25,0,0.0,,0,0.0,,0,0.0,,0,0.0,
XBB.2.6.1,1,0.0012134891453395948,2023-03-29,6,0.003534591790698137,2023-04-17,4,0.0035273470820814563,2023-04-17,3,0.00366333478467634,2023-04-17,2,0.0037254427809278773,2023-05-29,1,0.0037094026771360947,2023-06-22,0,0.0,
XBB.2.7,1,0.0012134891453395948,2023-01-18,18,0.0020043511180251857,2023-04-27,6,0.0009246545414104696,2023-06-15,0,0.0,,0,0.0,,0,0.0,,0,0.0,
XBB.2.8,1,0.0012134891453395948,2023-01-09,7,0.0009403208507219073,2023-06-19,2,0.0005320551192504786,2023-06-19,1,0.00040904536024072367,2023-08-02,0,0.0,,0,0.0,,0,0.0,
XBB.2.9,1,0.0012134891453395948,2023-04-24,19,0.003148094917882644,2023-02-13,8,0.002344297841308226,2023-05-09,3,0.0016917309567144163,2023-07-04,1,0.0010137378341640016,2023-07-06,0,0.0,,0,0.0,
XBB.3,0,0.0,,2,0.0005009410623014111,2023-06-11,2,0.0005301727050866536,2023-06-11,1,0.00036305818404059297,2023-06-11,0,0.0,,0,0.0,,0,0.0,
XBB.3.1,0,0.0,,2,0.00019962483005895692,2023-03-07,0,0.0,,0,0.0,,0,0.0,,0,0.0,,0,0.0,
XBB.3.3,0,0.0,,2,0.0001779122073822804,2023-08-10,0,0.0,,0,0.0,,0,0.0,,0,0.0,,0,0.0,
XBB.3.4,1,0.0012134891453395948,2023-01-09,1,7.614442414573746e-05,2023-08-02,0,0.0,,0,0.0,,0,0.0,,0,0.0,,0,0.0,
XBB.3.5,0,0.0,,12,0.001644990982580486,2023-05-09,4,0.0010651278316766344,2023-05-17,2,0.000661733590846282,2023-10-31,0,0.0,,0,0.0,,0,0.0,
XBB.4,3,0.003640467436018785,2023-01-07,9,0.001089083848911651,2023-01-05,3,0.0005017116461834767,2023-01-05,0,0.0,,0,0.0,,0,0.0,,0,0.0,
XBB.5,0,0.0,,2,0.0001554017239919174,2023-03-07,0,0.0,,0,0.0,,0,0.0,,0,0.0,,0,0.0,
XBB.6,2,0.0024269782906791897,2023-01-01,8,0.0016553279292563117,2023-01-25,3,0.0012251992205237444,2023-03-12,1,0.0009378012823381396,2023-03-12,1,0.0011416888956238577,2023-03-12,0,0.0,,0,0.0,
XBB.6.1,26,0.031550717778829465,2023-01-04,17,0.0046075869280331125,2023-01-12,8,0.004004993287671599,2023-01-12,6,0.004015626068780076,2023-01-12,3,0.0034895636430986475,2023-01-12,0,0.0,,0,0.0,
XBB.7,0,0.0,,1,8.280679958879346e-05,2023-07-03,0,0.0,,0,0.0,,0,0.0,,0,0.0,,0,0.0,
XBB.8,1,0.0012134891453395948,2023-01-27,6,0.000685834683419434,2023-01-24,2,0.00041060578738917977,2023-01-24,0,0.0,,0,0.0,,0,0.0,,0,0.0,
XBB.8.2,0,0.0,,1,0.00010684735512329606,2023-07-25,0,0.0,,0,0.0,,0,0.0,,0,0.0,,0,0.0,
XBB.9,0,0.0,,6,0.0006105592676465078,2023-04-12,1,0.0001669345689468091,2023-04-12,0,0.0,,0,0.0,,0,0.0,,0,0.0,
XBC,0,0.0,,4,0.0016695942935751986,2023-05-02,4,0.0017670208925484408,2023-05-02,3,0.0017409150092869432,2023-05-02,1,0.0011880943456388296,2023-05-02,0,0.0,,0,0.0,
XBC.1,0,0.0,,6,0.0029885311883229102,2023-05-02,2,0.002693333772899539,2023-05-02,2,0.0029855751548052514,2023-05-02,2,0.0036346698021069773,2023-05-02,1,0.0031921683752631044,2023-05-30,0,0.0,
XBC.1.1,9,0.010921402308056355,2023-01-11,3,0.0009659190365254994,2023-01-23,2,0.0009513452938725657,2023-01-24,1,0.0007988236609266253,2023-01-26,1,0.0009724961144942073,2023-01-26,0,0.0,,0,0.0,
XBC.1.1.1,0,0.0,,1,0.0001577272057665148,2023-01-24,1,0.0001669311335006462,2023-01-24,0,0.0,,0,0.0,,0,0.0,,0,0.0,
XBC.1.2.1,0,0.0,,2,0.00037941814445102164,2023-01-03,2,0.00040155850486363727,2023-01-03,0,0.0,,0,0.0,,0,0.0,,0,0.0,
XBC.1.6,3,0.003640467436018785,2023-06-14,2,0.0006779302049888635,2023-09-11,1,0.0006361408648707799,2023-09-25,1,0.0007051656130498338,2023-09-25,1,0.0008584758468100501,2023-09-25,0,0.0,,0,0.0,
XBC.1.6.1,0,0.0,,2,0.00014299149213207926,2023-07-31,0,0.0,,0,0.0,,0,0.0,,0,0.0,,0,0.0,
XBC.1.6.3,0,0.0,,8,0.00152075021090243,2023-07-02,4,0.0011903636562097528,2023-07-05,2,0.0008788807228599519,2023-09-27,0,0.0,,0,0.0,,0,0.0,
XBC.1.6.4,0,0.0,,1,0.0001380108247658786,2023-06-21,1,0.0001460642335072556,2023-06-21,0,0.0,,0,0.0,,0,0.0,,0,0.0,
XBC.1.6.6,0,0.0,,1,0.00012204142132149755,2023-12-14,0,0.0,,0,0.0,,0,0.0,,0,0.0,,0,0.0,
XBC.1.7,0,0.0,,1,0.00013920158749657565,2023-05-30,1,0.0001473244813598666,2023-05-30,0,0.0,,0,0.0,,0,0.0,,0,0.0,
XBD,2,0.0024269782906791897,2023-01-12,4,0.0007347404183811633,2023-01-22,1,0.00046682391917672616,2023-03-23,1,0.0005174768566698675,2023-03-23,0,0.0,,0,0.0,,0,0.0,
XBE,1,0.0012134891453395948,2023-01-04,14,0.0027410674407161405,2023-01-04,7,0.0022958701796397737,2023-01-04,4,0.0018384289871569294,2023-01-04,1,0.000788461393238373,2023-01-10,0,0.0,,0,0.0,
XBF,16,0.019415826325433518,2023-01-01,0,0.0,,0,0.0,,0,0.0,,0,0.0,,0,0.0,,0,0.0,
XBF.1,0,0.0,,1,0.0006208795867036739,2023-06-10,1,0.0006571100570264492,2023-06-10,1,0.0007284100767498917,2023-06-10,1,0.0008867738952248733,2023-06-10,0,0.0,,0,0.0,
XBF.5,1,0.0012134891453395948,2023-04-19,1,0.0001643578496185831,2023-05-03,1,0.00017394869834423665,2023-05-03,0,0.0,,0,0.0,,0,0.0,,0,0.0,
XBF.6,2,0.0024269782906791897,2023-01-11,1,7.481726194563818e-05,2023-03-28,0,0.0,,0,0.0,,0,0.0,,0,0.0,,0,0.0,
XBF.8,1,0.0012134891453395948,2023-02-28,1,0.0005050849828497296,2023-05-22,1,0.0005345584377248862,2023-05-22,1,0.0005925609393538984,2023-05-22,0,0.0,,0,0.0,,0,0.0,
XBF.9,3,0.003640467436018785,2023-01-02,0,0.0,,0,0.0,,0,0.0,,0,0.0,,0,0.0,,0,0.0,
XBK,0,0.0,,3,0.00102224002695445,2023-03-02,2,0.001009041929510786,2023-03-02,1,0.0009118301397192031,2023-03-02,1,0.0011100713603387948,2023-03-02,0,0.0,,0,0.0,
XBL,0,0.0,,23,0.005384555800697101,2023-01-04,14,0.00475305124308,2023-01-17,7,0.0038015579140417803,2023-02-22,2,0.00163631571467922,2023-06-20,0,0.0,,0,0.0,
XBL.1,0,0.0,,4,0.0030750715176329478,2023-03-06,4,0.003254512571495756,2023-03-06,2,0.003203533357996593,2023-03-06,2,0.00390001435321835,2023-03-06,1,0.0035355412876349967,2023-03-08,0,0.0,
XBL.2,0,0.0,,4,0.0004307358115552794,2023-05-17,1,0.00014606472428527892,2023-08-03,0,0.0,,0,0.0,,0,0.0,,0,0.0,
XBL.3.1,0,0.0,,2,0.0004438474506914803,2023-05-15,1,0.0003815574775255872,2023-05-15,1,0.00042295854174960695,2023-05-15,0,0.0,,0,0.0,,0,0.0,
XBM,1,0.0012134891453395948,2023-03-30,3,0.0064206327886869655,2023-03-06,3,0.006795298908632997,2023-03-06,3,0.007532625846535453,2023-03-06,3,0.009170295931391088,2023-03-06,1,0.010734189677077824,2023-03-06,1,0.018958445023126408,2023-03-06
XBN,0,0.0,,5,0.0012147573781051185,2023-01-17,3,0.0010856023896959935,2023-01-17,2,0.0009155498290287587,2023-01-17,0,0.0,,0,0.0,,0,0.0,
XBP,0,0.0,,16,0.0022552632747527587,2023-01-04,6,0.0015349300022320007,2023-01-04,2,0.0008473296965430385,2023-01-10,0,0.0,,0,0.0,,0,0.0,
XBQ,0,0.0,,1,0.00010486290514495055,2023-06-13,0,0.0,,0,0.0,,0,0.0,,0,0.0,,0,0.0,
XBS,0,0.0,,2,0.00017647070546183714,2023-01-10,0,0.0,,0,0.0,,0,0.0,,0,0.0,,0,0.0,
XBT,0,0.0,,1,0.00010631739118195662,2023-09-12,0,0.0,,0,0.0,,0,0.0,,0,0.0,,0,0.0,
XBU,0,0.0,,25,0.004652411079455123,2023-01-04,14,0.0037168490968722857,2023-01-08,4,0.0019621725219488187,2023-02-01,1,0.0010388393011197255,2023-03-23,0,0.0,,0,0.0,
XBV,1,0.0012134891453395948,2023-03-01,12,0.002529223165816227,2023-02-07,4,0.0018586431900455096,2023-02-20,2,0.001577508648341205,2023-03-27,1,0.0012942630485515815,2023-06-22,0,0.0,,0,0.0,
XBW,4,0.004853956581358379,2023-01-06,206,0.06281611759905205,2023-01-02,132,0.05918901728916905,2023-01-02,63,0.05063252862533229,2023-01-03,30,0.04390797516059579,2023-01-05,8,0.03062087909062411,2023-01-19,2,0.026965931123046377,2023-02-22
XBZ,0,0.0,,7,0.000904744238848806,2023-01-03,3,0.000521605333356723,2023-01-05,0,0.0,,0,0.0,,0,0.0,,0,0.0,
XCB,0,0.0,,1,6.691457214336992e-05,2023-01-11,0,0.0,,0,0.0,,0,0.0,,0,0.0,,0,0.0,
XCC,0,0.0,,71,0.017425394115262102,2023-02-01,36,0.015014860670474497,2023-02-27,21,0.0131255259312415,2023-03-07,8,0.009440009064983724,2023-03-20,0,0.0,,0,0.0,
XCD,0,0.0,,7,0.0016662657225506308,2023-02-15,4,0.0015051369016625229,2023-02-15,1,0.0008968486385084924,2023-02-15,1,0.001091832727171863,2023-02-15,0,0.0,,0,0.0,
XCE,2,0.0024269782906791897,2023-04-14,15,0.002742321269155856,2023-01-18,7,0.0020577744799863337,2023-02-15,2,0.0012586968218625042,2023-02-15,1,0.0008400428736011768,2023-04-19,0,0.0,,0,0.0,
XCF,36,0.04368560923222542,2023-03-25,40,0.012972788914797395,2023-04-13,26,0.01248280553024817,2023-04-13,17,0.011821030556190383,2023-04-13,7,0.009183386161908457,2023-05-01,1,0.0037212135652769564,2023-08-08,0,0.0,
XCF.1,0,0.0,,15,0.0023122084964591148,2023-04-17,6,0.0015309966267089308,2023-05-22,1,0.0005598079950834889,2023-05-25,0,0.0,,0,0.0,,0,0.0,
XCF.2,0,0.0,,2,0.00014859592705723643,2023-06-01,0,0.0,,0,0.0,,0,0.0,,0,0.0,,0,0.0,
XCF.3,0,0.0,,20,0.010409162146046732,2023-04-13,12,0.010102331108732938,2023-05-31,6,0.009851438007550705,2023-05-31,3,0.010441038441789672,2023-05-31,2,0.012759775332080876,2023-05-31,1,0.018304958372284005,2023-06-19
XCG,0,0.0,,38,0.007848532522120814,2023-01-05,14,0.006146194773277857,2023-01-05,7,0.005381142659007088,2023-01-05,3,0.004745315951031358,2023-01-05,2,0.005103646644601959,2023-01-05,0,0.0,
XCH,145,0.17595592607424126,2023-08-16,161,0.07860635103288155,2023-08-21,117,0.0786517402911761,2023-08-24,79,0.0788527426309182,2023-08-24,42,0.0771009614895102,2023-08-30,20,0.0780735208234577,2023-09-05,6,0.06825196722412251,2023-09-19
XCH.1,24,0.02912373948815028,2023-08-08,36,0.009831565443132665,2023-08-22,16,0.008394315756810778,2023-09-25,8,0.007559722432017925,2023-10-03,5,0.007785776787976311,2023-10-18,1,0.005643447130758826,2024-01-23,1,0.009967308701269186,2024-01-23
XCJ,0,0.0,,1,0.0003284442914537078,2023-07-13,1,0.00034761015132256807,2023-07-13,1,0.0003853277457808284,2023-07-13,0,0.0,,0,0.0,,0,0.0,
XCK,2,0.0024269782906791897,2023-08-13,11,0.0021968147440813005,2023-07-27,6,0.001882928218748683,2023-08-17,3,0.0013116690338200495,2023-08-17,1,0.0007928666864967916,2023-09-26,0,0.0,,0,0.0,
XCL,8,0.009707913162716759,2023-08-20,19,0.0037795451653602746,2023-06-15,13,0.0033803950311301055,2023-06-28,3,0.001536749912387017,2023-09-05,1,0.001096989929054093,2023-09-05,0,0.0,,0,0.0,
XCM,1,0.0012134891453395948,2023-10-30,4,0.005661952110447198,2023-09-05,4,0.005992346589988102,2023-09-05,4,0.006642548828543488,2023-09-05,2,0.0066925009866468585,2023-09-26,2,0.009503113738557544,2023-09-26,2,0.016784150902949827,2023-09-26
XCP,0,0.0,,117,0.0202668794548107,2023-08-30,59,0.015786789508045577,2023-09-12,18,0.008785694055145706,2023-09-28,4,0.0034367955909413036,2023-11-22,0,0.0,,0,0.0,
XCQ,0,0.0,,33,0.005947974113306538,2023-03-23,10,0.004135403314792906,2023-05-31,4,0.0032040116381831956,2023-05-31,2,0.00252230477511933,2023-05-31,1,0.0023602161106505053,2023-07-11,0,0.0,
XCR,0,0.0,,35,0.01944125187662714,2023-08-02,20,0.019117267015650873,2023-09-13,11,0.019356749757939863,2023-09-13,7,0.02089427545851966,2023-09-13,5,0.0269329008870938,2023-09-13,3,0.03634290338038018,2023-09-13
XCS,0,0.0,,11,0.0016045190275357397,2023-06-13,4,0.0009588106586068171,2023-06-13,2,0.0007038939815234771,2023-06-13,0,0.0,,0,0.0,,0,0.0,
XCT,0,0.0,,21,0.003454701382678534,2023-08-06,8,0.0024317694187290626,2023-08-06,2,0.0013765048327006651,2023-08-31,1,0.0010252430674162294,2023-12-19,0,0.0,,0,0.0,
XCT.1,0,0.0,,14,0.0019131734054919506,2023-09-13,6,0.0012023635995455795,2023-10-05,1,0.00032071997323552203,2023-11-29,0,0.0,,0,0.0,,0,0.0,
XCU,0,0.0,,4,0.0004719862173843607,2023-01-18,1,0.00019720505631063616,2023-06-20,0,0.0,,0,0.0,,0,0.0,,0,0.0,
XCV,0,0.0,,94,0.026957982123270937,2023-04-24,58,0.025037002856873897,2023-05-29,33,0.022474032504339374,2023-05-31,13,0.017295565376481012,2023-06-19,3,0.008920906452734585,2023-08-03,0,0.0,
XCW,0,0.0,,14,0.008405449104606916,2023-06-20,8,0.008252328486453972,2023-06-20,4,0.008259236660269412,2023-06-20,3,0.009516417438396842,2023-06-20,3,0.013512974817802536,2023-06-20,1,0.014153182562144434,2023-06-20
XCY,0,0.0,,218,0.039802756061936534,2023-05-21,101,0.030432323800779277,2023-05-21,41,0.020746926222779905,2023-07-02,10,0.010093722604526165,2023-07-31,1,0.002560801429829062,2023-11-07,0,0.0,
XCZ,0,0.0,,49,0.008540708687816824,2023-07-31,16,0.0057444852490053456,2023-08-08,7,0.004437566263879526,2023-09-06,1,0.0019127996212715502,2023-11-22,1,0.0027161075353267644,2023-11-22,0,0.0,
XDA,0,0.0,,32,0.01961271581399867,2023-08-07,20,0.01970734499770276,2023-08-07,12,0.02020382694679258,2023-08-07,8,0.022440775229199916,2023-10-25,5,0.027073270171013724,2023-10-25,2,0.02999990686446084,2023-10-25
XDB,0,0.0,,618,0.19396859460329946,2023-03-01,441,0.18689001709883782,2023-03-15,233,0.16036685064567793,2023-03-15,73,0.11143711470129052,2023-04-05,19,0.07879025542974856,2023-04-05,7,0.07736213065811565,2023-06-08
XDC,0,0.0,,200,0.03944005907478068,2023-07-12,109,0.03253997906604982,2023-07-25,44,0.02159060454465168,2023-08-03,7,0.007951426032956599,2023-08-08,0,0.0,,0,0.0,
XDD,32,0.038831652650867035,2023-10-19,258,0.0726566921642055,2023-10-12,170,0.06773139670915389,2023-10-12,80,0.05557216877677172,2023-10-12,27,0.04129744142566614,2023-10-19,7,0.024747550839096986,2023-12-14,2,0.01974007010797073,2023-12-14
XDD.1,2,0.0024269782906791897,2023-11-25,117,0.01934851017425752,2023-09-11,52,0.01387160868971937,2023-10-23,18,0.0084597268337661,2023-11-14,2,0.002111592548020112,2024-02-26,0,0.0,,0,0.0,
XDD.1.1,6,0.00728093487203757,2023-12-26,15,0.005948744217158797,2023-11-28,7,0.005502142917227697,2024-01-28,5,0.005712640645937459,2024-02-26,4,0.006512686774763411,2024-02-26,2,0.006080492984135558,2024-03-10,0,0.0,
XDD.1.1.1,0,0.0,,11,0.00639885292683523,2023-10-12,7,0.006387979791554509,2024-02-26,6,0.006828045687604189,2024-02-26,5,0.007870592307819196,2024-02-26,2,0.006947118698409402,2024-03-17,0,0.0,
XDD.2,0,0.0,,48,0.008710585780656994,2023-11-01,23,0.006527603194506663,2023-11-01,5,0.0033852599329473663,2023-12-05,1,0.0019543048448443664,2024-03-13,1,0.0027750434788766736,2024-03-13,0,0.0,
XDD.3,0,0.0,,1,0.00031320868933160383,2024-07-28,1,0.00033148549914574244,2024-07-28,1,0.0003674534810300545,2024-07-28,0,0.0,,0,0.0,,0,0.0,
XDE,0,0.0,,6,0.0020699595277896316,2023-07-18,5,0.002074878795208753,2023-07-18,4,0.0020102693692027906,2023-07-18,1,0.0007700901092735822,2023-12-28,0,0.0,,0,0.0,
XDF,0,0.0,,37,0.005698891590840947,2023-05-31,15,0.003947174728750171,2023-08-09,6,0.002547953524897341,2023-08-09,1,0.0007898049319898668,2023-10-15,0,0.0,,0,0.0,
XDG,0,0.0,,3,0.00752423519850809,2023-09-12,2,0.007878420275199069,2023-09-12,2,0.008733271779912309,2023-09-12,2,0.010631974599919552,2023-09-12,2,0.015097026371767908,2023-09-12,1,0.02025889294975741,2023-09-26
XDH,0,0.0,,2,0.00014726889734812247,2023-01-04,0,0.0,,0,0.0,,0,0.0,,0,0.0,,0,0.0,
XDJ,0,0.0,,634,0.14386750192476516,2023-06-06,398,0.12824508509015908,2023-07-06,161,0.08939169558314376,2023-07-20,42,0.046604465855614674,2023-07-31,5,0.013297582325293354,2023-07-31,0,0.0,
XDK,16,0.019415826325433518,2023-12-01,108,0.05331143908208597,2023-10-25,76,0.053357774684989014,2023-10-25,44,0.05211606881775879,2023-10-25,20,0.05063834208387621,2023-10-25,7,0.051946127182968566,2024-01-17,4,0.0781414742345548,2024-02-05
XDK.1,8,0.009707913162716759,2024-02-22,40,0.023148588858770483,2023-11-28,25,0.02299673323708812,2023-12-04,13,0.02287087355937006,2023-12-04,8,0.025065697412619426,2023-12-06,3,0.028581940337916327,2024-04-09,3,0.05048067537951119,2024-04-09
XDK.1.1,0,0.0,,2,0.0001842809165563417,2025-08-12,0,0.0,,0,0.0,,0,0.0,,0,0.0,,0,0.0,
XDK.1.2,4,0.004853956581358379,2024-05-13,26,0.006431316199289441,2023-11-21,18,0.006076212631605414,2023-11-21,7,0.004528022772268679,2024-01-02,3,0.0032961882998269712,2024-02-28,0,0.0,,0,0.0,
XDK.2,0,0.0,,1,0.0001324909853348578,2024-04-01,1,0.00014022229236283518,2024-04-01,0,0.0,,0,0.0,,0,0.0,,0,0.0,
XDK.3,2,0.0024269782906791897,2024-05-09,9,0.0026780406178009432,2023-11-30,7,0.002615133973894318,2023-12-18,4,0.0021310531470323138,2023-12-18,1,0.0009605002057514692,2024-05-30,0,0.0,,0,0.0,
XDK.4,0,0.0,,16,0.003781979355988339,2023-11-21,9,0.003352033249609921,2023-11-21,2,0.0021864235991585616,2024-04-30,1,0.0019711511177108064,2024-05-31,1,0.002798964588106239,2024-05-31,0,0.0,
XDK.4.1,1,0.0012134891453395948,2024-05-17,1,9.600826761305134e-05,2023-11-28,0,0.0,,0,0.0,,0,0.0,,0,0.0,,0,0.0,
XDK.5,6,0.00728093487203757,2024-03-27,8,0.00220628851198767,2024-04-09,5,0.002015717467615657,2024-04-09,2,0.001568461583024,2024-05-30,1,0.00149392993779645,2024-05-30,0,0.0,,0,0.0,
XDK.6,0,0.0,,1,7.005732456100541e-05,2024-07-21,0,0.0,,0,0.0,,0,0.0,,0,0.0,,0,0.0,
XDL,0,0.0,,1,8.493003387427722e-05,2023-10-01,0,0.0,,0,0.0,,0,0.0,,0,0.0,,0,0.0,
XDM,0,0.0,,1,0.0001540591928375193,2023-07-18,1,0.00016304907933658113,2023-07-18,0,0.0,,0,0.0,,0,0.0,,0,0.0,
XDN,0,0.0,,36,0.00875998888677767,2023-10-30,17,0.007340601879510186,2023-11-21,7,0.006259542692404228,2023-11-21,5,0.006476781837014601,2023-11-21,1,0.0033587623423460343,2023-11-21,0,0.0,
XDP,81,0.0982926207725072,2023-12-09,229,0.07317482731037424,2023-10-31,158,0.07005875766065676,2023-10-31,86,0.061639888938853,2023-10-31,37,0.04789089465401397,2023-12-06,10,0.026507026950807693,2023-12-06,0,0.0,
XDP.1,14,0.01698884803475433,2024-01-04,21,0.010612456512681013,2024-01-18,17,0.01085145924067665,2024-01-18,12,0.011142383302333076,2024-02-01,7,0.010723776899731826,2024-02-01,1,0.006524679029992574,2024-02-08,1,0.01152371743046507,2024-02-08
XDP.2,0,0.0,,32,0.019036109348708995,2023-11-19,20,0.01894408266902231,2023-11-19,12,0.019357024337709007,2023-12-21,9,0.022060745453337804,2023-12-21,7,0.028066164007834182,2023-12-21,3,0.03268735410600462,2024-02-27
XDP.3,0,0.0,,65,0.04509411518622037,2023-11-21,49,0.04609232312018089,2023-11-29,29,0.04661421559183148,2023-12-10,19,0.05116288525323412,2023-12-12,10,0.05823668740824271,2023-12-25,6,0.08209891156212845,2024-01-24
XDQ,19,0.023056293761452303,2023-12-28,52,0.013215412302991433,2023-10-19,21,0.010962852390618855,2023-10-19,7,0.008994482863963342,2023-11-22,2,0.008488518138099666,2024-02-22,2,0.012053394313892598,2024-02-22,1,0.01695532715151114,2024-04-24
XDQ.1,2,0.0024269782906791897,2024-04-20,5,0.0006226183321497158,2023-10-19,2,0.0003444203746158983,2023-10-19,0,0.0,,0,0.0,,0,0.0,,0,0.0,
XDQ.2,0,0.0,,5,0.0004972527782516595,2023-11-08,1,0.00015027251483450284,2023-11-08,0,0.0,,0,0.0,,0,0.0,,0,0.0,
XDQ.3,0,0.0,,36,0.006908912018747387,2023-11-21,15,0.005343079235884653,2023-11-21,8,0.004487548175469873,2023-12-03,2,0.0020652772664861386,2024-01-03,0,0.0,,0,0.0,
XDR,8,0.009707913162716759,2024-02-05,408,0.10208997938561924,2023-01-03,245,0.09195833033504516,2023-10-25,111,0.07262711702950439,2023-10-25,38,0.05107343566008343,2023-10-25,10,0.034159324767696474,2024-01-10,2,0.024284262516363876,2024-03-12
XDR.1,2,0.0024269782906791897,2024-04-19,1,0.00019923464410714572,2024-05-06,1,0.00021086067436353704,2024-05-06,0,0.0,,0,0.0,,0,0.0,,0,0.0,
XDR.1.1,1,0.0012134891453395948,2024-07-24,1,8.113615450921356e-05,2024-08-20,0,0.0,,0,0.0,,0,0.0,,0,0.0,,0,0.0,
XDS,0,0.0,,15,0.0018801229329907358,2023-11-14,5,0.001020507135134687,2023-11-29,1,0.00036248842907666927,2024-01-02,0,0.0,,0,0.0,,0,0.0,
XDU,0,0.0,,5,0.0005488992879815183,2023-11-28,1,0.00014211739664411893,2024-01-11,0,0.0,,0,0.0,,0,0.0,,0,0.0,
XDV,13,0.015775358889414733,2024-04-14,185,0.05373973275355406,2023-11-28,124,0.050522186097598835,2023-11-28,60,0.041929725329533575,2023-12-04,23,0.032819669894501136,2024-03-28,8,0.0235430973956152,2024-04-30,0,0.0,
XDV.1,21,0.025483272052131495,2024-04-28,92,0.050166964679114065,2024-03-28,66,0.05058480376447638,2024-03-28,38,0.04991739435995635,2024-03-28,26,0.05472543011054472,2024-03-28,11,0.05352092695740641,2024-03-28,4,0.058159299661337954,2024-03-28
XDV.1.1,2,0.0024269782906791897,2024-07-23,5,0.005426438321017213,2024-08-08,1,0.005314109380393638,2024-08-28,1,0.005890719188116221,2024-08-28,1,0.007171421932312665,2024-08-28,1,0.01018316447407787,2024-08-28,1,0.017985238723284353,2024-08-28
XDV.1.10,0,0.0,,1,0.00011799448417444431,2024-09-24,0,0.0,,0,0.0,,0,0.0,,0,0.0,,0,0.0,
XDV.1.11,2,0.0024269782906791897,2024-04-24,20,0.022232177066280133,2024-03-28,14,0.0228771460572694,2024-03-28,9,0.024317342141063823,2024-04-28,7,0.028613347629023223,2024-04-28,5,0.03712219805913854,2024-04-28,4,0.059332002812047535,2024-04-28
XDV.1.12,1,0.0012134891453395948,2024-07-19,12,0.002252137613672231,2023-12-20,8,0.0020463806475092463,2023-12-21,3,0.0012357205650074196,2023-12-21,0,0.0,,0,0.0,,0,0.0,
XDV.1.2,0,0.0,,5,0.001071490437214528,2024-03-28,3,0.0009416944244895474,2024-03-28,1,0.0004817284048869071,2024-03-28,0,0.0,,0,0.0,,0,0.0,
XDV.1.3,2,0.0024269782906791897,2024-08-07,92,0.025257495105381687,2023-11-14,63,0.023694470319547724,2024-03-28,26,0.01768471440107097,2024-06-03,11,0.014329205810912807,2025-05-14,3,0.00880310039738721,2025-06-18,0,0.0,
XDV.1.4,1,0.0012134891453395948,2024-07-05,6,0.0004974317735728467,2024-08-05,1,0.00014022264291856608,2024-08-05,0,0.0,,0,0.0,,0,0.0,,0,0.0,
XDV.1.5,2,0.0024269782906791897,2025-07-13,127,0.04150345764897653,2024-10-23,92,0.04032553432368575,2024-10-23,51,0.03546689412817623,2025-05-04,18,0.02645529257789891,2025-05-06,7,0.019743902492105527,2025-06-08,0,0.0,
XDV.1.5.1,1,0.0012134891453395948,2025-06-11,68,0.018995895088630727,2025-04-20,45,0.01777205041331544,2025-04-20,29,0.016143799083275897,2025-04-22,8,0.00821551352379668,2025-05-26,1,0.0024630125264408632,2025-07-20,0,0.0,
XDV.1.7,3,0.003640467436018785,2024-05-21,7,0.005197100598868612,2024-04-21,5,0.0053185547075061245,2024-04-21,4,0.005728306226154097,2024-04-21,3,0.006421049673448328,2024-07-03,2,0.007198376867051627,2024-07-03,0,0.0,
XDV.1.7.1,1,0.0012134891453395948,2024-09-04,1,0.0014314791098936558,2025-05-15,1,0.0015150108647126906,2025-05-15,1,0.0016793977940865268,2025-05-15,1,0.0020445160920055747,2025-05-15,1,0.0029031402462855365,2025-05-15,0,0.0,
XDV.1.7.2,0,0.0,,4,0.0013820211525050511,2024-07-03,3,0.001384765668896056,2024-07-03,1,0.001157211735052858,2024-09-03,1,0.001408801430193709,2024-09-03,0,0.0,,0,0.0,
XDV.1.7.4,0,0.0,,1,9.73568271072822e-05,2025-07-14,0,0.0,,0,0.0,,0,0.0,,0,0.0,,0,0.0,
XDV.1.8,1,0.0012134891453395948,2024-07-22,11,0.009579983080755777,2024-03-28,7,0.009738164280350774,2024-04-30,5,0.010274465097094359,2024-04-30,4,0.011891398742490851,2024-05-27,3,0.01576577675110509,2024-05-27,1,0.016559859525168776,2024-05-27
XDV.1.9,0,0.0,,4,0.000547215990012839,2025-06-08,2,0.0003621078743522539,2025-06-08,0,0.0,,0,0.0,,0,0.0,,0,0.0,
XDV.1.9.1,0,0.0,,1,7.174585592360551e-05,2025-09-09,0,0.0,,0,0.0,,0,0.0,,0,0.0,,0,0.0,
XDW,0,0.0,,30,0.006141275877335881,2023-10-10,14,0.004864173763997945,2023-11-16,7,0.0038330156003352754,2023-11-21,2,0.002094694425911713,2024-01-17,0,0.0,,0,0.0,
XDY,0,0.0,,121,0.05746943514145881,2024-04-02,86,0.05742408956488985,2024-04-02,42,0.0538372004051965,2024-05-28,23,0.05545750498007559,2024-06-14,11,0.06198525043919586,2024-07-24,5,0.07685747879536851,2024-10-08
XDY.1,0,0.0,,15,0.014580216185706726,2024-05-28,9,0.014906528923730305,2024-07-18,8,0.016334412079223804,2024-08-22,6,0.018623115638370307,2024-08-27,5,0.024930979731836306,2024-08-27,1,0.021020295541380456,2024-09-12
XDY.1.1,0,0.0,,9,0.00159185593663039,2024-08-29,6,0.0014155000817141657,2024-10-09,2,0.0008148498553886061,2024-10-09,0,0.0,,0,0.0,,0,0.0,
XDY.10,0,0.0,,1,0.00011670375699531213,2024-09-17,0,0.0,,0,0.0,,0,0.0,,0,0.0,,0,0.0,
XDY.11,0,0.0,,13,0.002465779989979616,2024-07-30,6,0.0019374812809255671,2024-07-30,3,0.0015337457003926816,2024-12-08,1,0.0009168154217082722,2024-12-22,0,0.0,,0,0.0,
XDY.12,0,0.0,,7,0.003289486978839761,2024-04-17,3,0.0030970382397254976,2024-09-17,3,0.0034330837548039485,2024-09-17,2,0.003681495912212734,2024-09-17,1,0.003982393922517502,2024-09-17,0,0.0,
XDY.12.1,0,0.0,,2,0.00020653158512446305,2024-09-22,0,0.0,,0,0.0,,0,0.0,,0,0.0,,0,0.0,
XDY.2,0,0.0,,7,0.0028567912281384235,2024-07-30,4,0.0027757616245752317,2024-08-27,2,0.0027261940326121586,2024-09-22,1,0.002891603934050235,2024-10-22,1,0.004105974900409802,2024-10-22,0,0.0,
XDY.3,0,0.0,,14,0.0022727045867987168,2024-11-04,7,0.0017188410036705936,2024-11-04,2,0.0007455593825177874,2024-11-04,0,0.0,,0,0.0,,0,0.0,
XDY.3.1,0,0.0,,1,0.00012599627723374306,2025-01-13,0,0.0,,0,0.0,,0,0.0,,0,0.0,,0,0.0,
XDY.3.2,0,0.0,,9,0.008104522859579794,2024-10-27,6,0.008329394448003145,2024-12-17,4,0.008792280394549974,2025-01-12,2,0.00968489909014225,2025-01-27,1,0.01233382065113513,2025-05-28,1,0.021783671406419777,2025-05-28
XDY.3.3,0,0.0,,1,0.0002022766371304341,2025-05-28,1,0.00021408017819618774,2025-05-28,0,0.0,,0,0.0,,0,0.0,,0,0.0,
XDY.4,0,0.0,,34,0.011105684877253125,2024-06-23,26,0.010962532052791952,2024-06-23,12,0.008881586978720574,2024-06-23,6,0.007745725519332664,2024-07-25,1,0.004114289585093876,2024-10-03,0,0.0,
XDY.5,0,0.0,,21,0.006948565709466705,2024-04-30,14,0.006596247124731941,2024-09-10,3,0.004810456082376706,2024-10-06,2,0.005189359103785414,2024-10-08,1,0.006022762836459478,2024-10-08,1,0.010637246178551765,2024-10-08
XDY.5.1,0,0.0,,15,0.006243143227547904,2024-09-17,12,0.006313296066530286,2024-09-17,9,0.006326893620208933,2024-09-17,3,0.00426176433821234,2024-10-08,2,0.004916787783209842,2024-10-08,0,0.0,
XDY.6,0,0.0,,19,0.0038605301476552214,2024-07-14,8,0.0029341657002550006,2024-08-11,4,0.002228609170658061,2024-10-20,1,0.0010512811322663921,2024-10-20,0,0.0,,0,0.0,
XDY.7,0,0.0,,14,0.005249921707428958,2024-05-08,7,0.0048340491078181745,2024-05-08,6,0.00514635729359245,2024-05-08,2,0.004561961609153129,2024-05-08,2,0.006477823481716996,2024-05-08,0,0.0,
XDY.8,0,0.0,,62,0.023509057347553004,2024-04-30,39,0.022494606392696962,2024-06-14,19,0.020348976434381987,2024-06-14,13,0.021097329484649374,2024-06-14,5,0.01889515721919727,2024-07-24,1,0.01104857260185215,2024-11-14
XDY.9,0,0.0,,46,0.012663542964591667,2024-02-14,18,0.01062575912155694,2024-04-03,5,0.00910865193510421,2024-04-03,3,0.010106346097250498,2024-10-23,1,0.011694754883778647,2024-10-23,1,0.020654970164772978,2024-10-23
XDZ,0,0.0,,93,0.0280912965639903,2023-01-03,41,0.024585408831426434,2023-01-03,13,0.020906074537761454,2023-10-25,6,0.021911320858012874,2023-12-06,4,0.027863250259876866,2023-12-20,3,0.04339400749563772,2023-12-21
XE,0,0.0,,1,0.00017302726475298418,2024-02-14,1,0.00018312400382270642,2024-02-14,0,0.0,,0,0.0,,0,0.0,,0,0.0,
XEA,0,0.0,,3,0.0005244364174312609,2023-12-05,1,0.0003751787654460018,2024-02-01,1,0.00041588770467174856,2024-02-01,0,0.0,,0,0.0,,0,0.0,
XEB,0,0.0,,104,0.025517972051322557,2023-11-15,55,0.02214409006425402,2023-11-21,28,0.018910359606131848,2023-11-22,7,0.011623033216112126,2023-12-26,3,0.009770450573806155,2024-01-03,1,0.007669853703181717,2024-03-07
XEC,1362,1.6527722159525282,2024-08-06,541,0.3616800210650583,2024-05-23,465,0.3747257915630864,2024-05-23,353,0.3902081677106001,2024-07-09,232,0.40929037196005297,2024-09-04,103,0.3919481669914258,2024-10-01,28,0.2984103647664825,2024-10-06
XEC.1,22,0.026696761197471088,2024-09-17,95,0.04226394205949065,2024-10-15,61,0.041282609661313426,2024-10-30,37,0.040395661760118606,2024-10-30,20,0.04033247168279623,2024-10-30,9,0.040955222825424596,2024-11-03,3,0.03477991659855733,2024-11-20
XEC.10,2,0.0024269782906791897,2024-09-18,38,0.017394294638765437,2024-09-24,28,0.01745717186092111,2024-09-24,17,0.016871374073804627,2024-10-01,6,0.014459845274491324,2024-10-22,4,0.017113393969222745,2024-10-22,1,0.012314853901987817,2024-10-22
XEC.11,0,0.0,,182,0.07522254140298966,2024-08-14,140,0.0755623182953714,2024-10-22,91,0.0725035417554541,2024-10-22,37,0.05967412130700586,2024-10-29,13,0.05127871735307194,2024-11-07,4,0.04657493041210919,2024-11-07
XEC.11.1,52,0.06310143555765893,2024-12-13,121,0.08715615323947684,2024-11-05,96,0.08979196182251677,2024-11-05,76,0.09501230234424304,2024-11-05,47,0.09898936129257639,2024-11-05,19,0.09692110721223653,2024-12-17,11,0.126670405189747,2025-01-08
XEC.11.1.1,1,0.0012134891453395948,2025-03-01,3,0.0007782670855837901,2024-11-07,2,0.00073921055976062,2024-11-07,1,0.0005239452969771117,2024-11-07,0,0.0,,0,0.0,,0,0.0,
XEC.12,24,0.02912373948815028,2024-08-26,210,0.10433516592599139,2024-08-28,144,0.10386913800539642,2024-09-24,83,0.10169115927611708,2024-10-10,45,0.10513570876212455,2024-10-15,18,0.10794691220616291,2024-10-15,9,0.14022568994063006,2024-10-15
XEC.13,4,0.004853956581358379,2024-10-01,59,0.018239902122519462,2024-08-29,35,0.016846776650261897,2024-08-29,21,0.015318332635698385,2024-11-05,8,0.011486922805968287,2024-11-19,2,0.007327025815077921,2025-01-16,1,0.008874946917367448,2025-05-13
XEC.14,23,0.027910250342810684,2024-09-10,166,0.07461477113682996,2024-07-18,98,0.07250794500176513,2024-09-24,60,0.07219004976628011,2024-09-24,42,0.07828646185920458,2024-10-01,16,0.07337443716772139,2024-10-01,8,0.09137899955910438,2024-10-01
XEC.14.1,0,0.0,,32,0.011611184159414,2024-09-26,22,0.011378503516309542,2024-10-15,10,0.010044697865428278,2024-10-15,7,0.010566758755845024,2024-11-12,3,0.009040006706594786,2024-11-12,0,0.0,
XEC.14.1.1,0,0.0,,3,0.0009847220246732367,2025-02-25,1,0.00087638932726772,2025-05-22,1,0.000971482341978782,2025-05-22,1,0.0011826925629345845,2025-05-22,0,0.0,,0,0.0,
XEC.15,18,0.02184280461611271,2024-09-30,75,0.03591851777862902,2024-08-21,59,0.03628650936610228,2024-09-24,36,0.03545658001672934,2024-10-22,19,0.03413644175867967,2024-11-04,10,0.03527736369110708,2024-11-27,2,0.017107919843778324,2024-12-23
XEC.16,3,0.003640467436018785,2024-11-06,104,0.04478136869169111,2024-06-25,69,0.04393165296116953,2024-09-17,34,0.041025477803789984,2024-10-14,16,0.04066318507109207,2024-10-23,12,0.051154965615674834,2024-12-11,4,0.05096906292290149,2024-12-12
XEC.17,3,0.003640467436018785,2024-10-24,915,1.2587316086668567,2024-08-14,845,1.3249833258662107,2024-08-14,746,1.4459357082409132,2024-08-14,606,1.6840653670781365,2024-08-14,397,2.0670108016712296,2024-08-14,211,2.634811794305246,2024-08-14
XEC.18,37,0.04489909837756501,2024-10-15,227,0.08687390232753309,2024-09-15,179,0.086922793501663,2024-09-15,105,0.0807038134012134,2024-10-21,47,0.06728435349786632,2024-10-21,14,0.04484089969296407,2024-10-30,3,0.026785703586069527,2024-10-30
XEC.18.1,1,0.0012134891453395948,2025-01-20,8,0.004120152990459126,2024-11-05,5,0.003963311580266431,2024-12-30,4,0.004215838631482721,2024-12-30,2,0.004055269433647733,2024-12-30,1,0.003835340969167917,2025-01-22,0,0.0,
XEC.18.2,0,0.0,,1,0.0006992940451466461,2025-01-02,1,0.0007401002702056624,2025-01-02,1,0.0008204051800129777,2025-01-02,1,0.0009987696770875016,2025-01-02,0,0.0,,0,0.0,
XEC.18.3,1,0.0012134891453395948,2025-05-07,4,0.00038883918094522737,2025-01-14,1,0.0001460394141615074,2025-03-02,0,0.0,,0,0.0,,0,0.0,,0,0.0,
XEC.18.4,1,0.0012134891453395948,2025-01-13,12,0.0021187725190616267,2024-12-16,6,0.001615834408812317,2024-12-16,1,0.0007667330344576833,2025-03-24,1,0.0009334286568321116,2025-03-24,0,0.0,,0,0.0,
XEC.19,50,0.060674457266979745,2024-10-25,285,0.13265376130835696,2024-09-10,211,0.13308621437207438,2024-10-06,143,0.1323245221292998,2024-10-06,81,0.12690992782977967,2024-11-03,27,0.10030187684072324,2024-11-03,6,0.07172385708881565,2024-11-19
XEC.2,251,0.30458577548023835,2024-08-14,464,0.3875387511200116,2024-08-18,403,0.4037771894020014,2024-08-18,336,0.4328223415202258,2024-08-18,227,0.46745920437142635,2024-08-18,116,0.4944265022943496,2024-10-27,40,0.4600468889624494,2024-10-27
XEC.2.1,44,0.053393522394942175,2024-09-07,118,0.06447883567673388,2024-08-24,85,0.06509129566532636,2024-08-27,59,0.06641883192158342,2024-09-03,33,0.0669344831392823,2024-09-03,17,0.07185129140455963,2024-09-03,8,0.07073472317896956,2024-10-30
XEC.2.10,2,0.0024269782906791897,2025-01-04,17,0.010520368984551484,2024-11-12,8,0.01014517406705231,2024-12-04,6,0.01087732133999703,2024-12-04,5,0.012832517739444193,2024-12-04,1,0.011873088130177841,2024-12-04,1,0.020969937679728906,2024-12-04
XEC.2.2,34,0.04125863094154623,2024-12-04,146,0.11730498604903489,2024-10-16,115,0.12099812933649161,2024-10-16,86,0.12787346858177012,2024-10-16,56,0.13937200724081633,2024-11-05,30,0.15416179943636615,2024-11-05,16,0.1968569178478376,2024-12-03
XEC.2.2.1,3,0.003640467436018785,2025-01-27,94,0.04988048140888928,2024-10-20,72,0.05063413642081974,2024-10-20,43,0.04968708846076129,2024-11-20,23,0.049575884979967115,2024-11-20,13,0.05541385074884496,2024-11-20,6,0.064541349716452,2025-01-02
XEC.2.3,15,0.018202337180093925,2024-09-11,102,0.042929394395971654,2024-10-16,52,0.040573708290269336,2024-10-16,37,0.04194488884767588,2024-10-20,18,0.041793238637281786,2024-10-21,12,0.05090735318261281,2024-10-21,5,0.053010470034327885,2024-10-21
XEC.2.3.1,2,0.0024269782906791897,2025-01-21,9,0.005556613960137851,2024-11-06,6,0.005612524854108529,2024-11-20,3,0.005543515906771071,2025-01-14,3,0.006748733098013336,2025-01-14,2,0.007527331282133337,2025-01-14,1,0.008472252734760958,2025-01-14
XEC.2.4,0,0.0,,35,0.008974720338984507,2024-08-11,21,0.008209074676817977,2024-11-06,13,0.006985725509877606,2024-11-06,3,0.003056624270433258,2024-12-03,0,0.0,,0,0.0,
XEC.2.5,1,0.0012134891453395948,2024-11-18,8,0.001131783838611281,2024-12-05,4,0.0008713446199665284,2024-12-17,1,0.00038097340648690485,2025-01-12,0,0.0,,0,0.0,,0,0.0,
XEC.2.6,2,0.0024269782906791897,2025-06-03,28,0.004038527149268116,2024-10-01,8,0.0023894676483470663,2024-10-01,4,0.001795519311579013,2024-12-16,1,0.0008368549967593405,2024-12-29,0,0.0,,0,0.0,
XEC.2.7,37,0.04489909837756501,2024-10-01,98,0.06374024699143815,2024-09-24,60,0.06367278452021712,2024-09-24,38,0.06565675151035794,2024-09-29,21,0.07132650696560652,2024-12-01,14,0.09166951364595691,2024-12-01,7,0.1261387392234226,2025-01-23
XEC.2.8,7,0.008494424017377164,2025-03-06,38,0.019118132795346996,2024-10-06,20,0.018646825010775456,2024-12-23,12,0.019033077799600714,2025-01-14,9,0.021367352294462693,2025-01-14,6,0.026021277826519976,2025-01-14,3,0.030636548081637082,2025-01-14
XEC.2.9,0,0.0,,3,0.00039418452974856224,2024-12-10,1,0.00020620809870293817,2025-04-23,0,0.0,,0,0.0,,0,0.0,,0,0.0,
XEC.20,3,0.003640467436018785,2024-12-17,72,0.017621332383654115,2024-08-25,41,0.015802710837898477,2024-09-02,20,0.012824637409942193,2024-09-02,8,0.009725779378964811,2024-10-30,1,0.0029040105689229377,2025-01-16,0,0.0,
XEC.20.1,0,0.0,,5,0.0005088546163644769,2024-09-02,1,0.00014308394890537592,2024-11-12,0,0.0,,0,0.0,,0,0.0,,0,0.0,
XEC.21,2,0.0024269782906791897,2025-01-10,63,0.017041786473363806,2024-10-17,38,0.015634322163779867,2024-10-22,26,0.014638650792006167,2024-10-22,9,0.008943417178581195,2024-10-22,1,0.0022490403875782676,2025-04-08,0,0.0,
XEC.22,8,0.009707913162716759,2024-09-25,40,0.010657521002750421,2024-10-01,28,0.010172644595682234,2024-10-01,15,0.008271509668710686,2024-10-22,2,0.003571201599178846,2024-11-07,1,0.003140658253388773,2025-02-02,0,0.0,
XEC.23,2,0.0024269782906791897,2025-01-15,72,0.026481852117829243,2024-10-08,39,0.02476927454106459,2024-10-15,19,0.023192350667083615,2024-10-24,11,0.024415646056944258,2024-11-26,6,0.0264524454418056,2024-11-26,3,0.03133160398172221,2024-12-20
XEC.23.1,0,0.0,,2,0.00015184453977215448,2024-10-23,0,0.0,,0,0.0,,0,0.0,,0,0.0,,0,0.0,
XEC.24,2,0.0024269782906791897,2024-12-24,173,0.047958504176158316,2024-08-06,108,0.0441395754176189,2024-08-20,62,0.0393561836592158,2024-09-24,21,0.025395074169088337,2024-10-29,3,0.00964478635682532,2024-12-08,1,0.007650257883251973,2025-03-20
XEC.24.1,1,0.0012134891453395948,2025-02-03,32,0.008982724583127035,2024-08-22,20,0.008324436187745197,2024-10-28,13,0.00790097215869708,2024-10-28,4,0.00465575679324165,2024-12-05,0,0.0,,0,0.0,
XEC.25,9,0.010921402308056355,2024-11-01,153,0.09746540592084735,2024-09-06,110,0.09895054151584234,2024-09-06,86,0.10400078152505153,2024-09-06,54,0.1093156092972849,2024-09-24,26,0.11237058939730625,2024-11-07,12,0.1271717889073808,2024-11-12
XEC.25.1,0,0.0,,1,8.178469788242768e-05,2024-12-03,0,0.0,,0,0.0,,0,0.0,,0,0.0,,0,0.0,
XEC.26,1,0.0012134891453395948,2025-03-10,96,0.03964181634724861,2024-08-27,66,0.03873558347770954,2024-08-27,40,0.036698510607741035,2024-10-01,18,0.03392664241109423,2024-10-16,5,0.02876089455239673,2024-10-27,4,0.04684196845407903,2024-10-27
XEC.27,0,0.0,,48,0.020366086783510158,2024-10-03,36,0.02033889961205722,2024-10-03,24,0.019976766264931247,2024-11-27,15,0.01946626180264122,2024-12-03,4,0.011209675362458635,2024-12-03,0,0.0,
XEC.27.1,0,0.0,,2,0.00035511512427457065,2025-02-23,2,0.00037583731944208386,2025-02-23,0,0.0,,0,0.0,,0,0.0,,0,0.0,
XEC.27.2,0,0.0,,9,0.004273834054024501,2024-12-01,8,0.0043904741849374995,2024-12-01,5,0.00422008160004096,2024-12-01,2,0.003507102689960753,2025-05-28,2,0.004979961276359358,2025-05-28,0,0.0,
XEC.27.2.2,4,0.004853956581358379,2025-07-22,9,0.007035548359931283,2025-05-15,5,0.007035488197222559,2025-08-12,5,0.007798876980976669,2025-08-12,5,0.009494432792113773,2025-08-12,3,0.010106732465986323,2025-08-12,0,0.0,
XEC.28,5,0.006067445726697975,2024-12-24,114,0.02623112571346311,2024-06-16,57,0.022152097528370548,2024-09-03,27,0.01806733551932846,2024-09-11,10,0.013448153876922818,2024-10-01,3,0.009628559635951196,2024-10-23,0,0.0,
XEC.29,49,0.05946096812164015,2024-08-28,177,0.12188561861353851,2024-08-28,139,0.12505338895064028,2024-08-28,97,0.12887039070438608,2024-08-28,69,0.14127359067889803,2024-08-28,35,0.1505964297816992,2024-08-28,16,0.16993806149228846,2024-11-11
XEC.3,5,0.006067445726697975,2024-10-03,80,0.04171687267075309,2024-08-27,57,0.04183302401519182,2024-09-24,30,0.040455916592304554,2024-09-24,23,0.04539116151915054,2024-09-24,7,0.03989852780984765,2024-09-24,3,0.04688353272030809,2025-01-21
XEC.30,20,0.0242697829067919,2024-09-30,168,0.06450314426153168,2024-08-25,96,0.06158325824457042,2024-08-25,55,0.05922319884382315,2024-08-25,27,0.056859573010354575,2024-10-06,14,0.0623533270525483,2024-10-06,6,0.06503483915398892,2024-10-06
XEC.31,29,0.03519118521484825,2024-11-13,173,0.0881935213521188,2024-10-08,137,0.08969748417848031,2024-10-08,91,0.08885109410483555,2024-10-08,50,0.0858269786757887,2024-10-08,19,0.07323936210020304,2024-10-29,5,0.060890116918352936,2024-11-13
XEC.32,116,0.140764740859393,2024-09-15,288,0.0975505529749556,2024-08-20,203,0.09482042079546961,2024-08-20,118,0.08595014555402594,2024-09-02,48,0.06738189762814854,2024-09-29,13,0.04592482769232054,2024-10-15,3,0.03026035973521276,2024-12-03
XEC.32.1,1,0.0012134891453395948,2025-05-30,3,0.009377015834364283,2025-01-30,2,0.00982109237505447,2025-05-21,2,0.010886734382142101,2025-05-21,2,0.013253622049555401,2025-05-21,2,0.018819672650938847,2025-05-21,2,0.03323881355180128,2025-05-21
XEC.32.2,1,0.0012134891453395948,2025-03-17,23,0.0036276547837071943,2024-08-25,13,0.002957647255222935,2024-10-30,2,0.001152531133129204,2025-02-06,1,0.0009461540503476677,2025-03-23,0,0.0,,0,0.0,
XEC.32.3,0,0.0,,169,0.13219959665214645,2024-09-08,124,0.13548838398666396,2024-09-08,84,0.14139674705163477,2024-09-08,49,0.15336433225287152,2024-10-16,26,0.18337600928647754,2024-10-16,16,0.269428681459285,2024-10-16
XEC.33,26,0.031550717778829465,2024-09-09,300,0.12590429503594686,2024-06-21,190,0.1226111064356525,2024-08-20,104,0.11698956502145394,2024-09-03,59,0.117159552230122,2024-09-03,28,0.12072324973235436,2024-09-03,11,0.12376085316428112,2024-09-03
XEC.34,1,0.0012134891453395948,2025-03-28,18,0.00290298964230582,2024-09-22,7,0.0019491993073425986,2024-09-23,3,0.001352256944319224,2024-09-26,0,0.0,,0,0.0,,0,0.0,
XEC.35,1,0.0012134891453395948,2025-04-17,85,0.03658106120928151,2024-09-10,50,0.03535864941319953,2024-09-10,30,0.034699618073948675,2024-09-10,18,0.03597404029910636,2024-10-31,10,0.04031374170450602,2024-11-13,3,0.03586636354522394,2024-11-19
XEC.35.1,0,0.0,,214,0.10395327629469993,2024-09-04,174,0.10584819253178401,2024-10-02,118,0.10501693721051118,2024-10-15,63,0.09871327666299332,2024-10-29,19,0.07572334203979701,2024-10-29,6,0.07060204759237114,2024-11-25
XEC.36,5,0.006067445726697975,2024-10-25,145,0.06403207342436501,2024-07-14,88,0.06217115576997607,2024-10-01,48,0.06086348553600748,2024-10-21,23,0.060642345725193544,2024-10-29,11,0.06885029991624685,2024-10-30,10,0.11752323931990334,2024-10-30
XEC.37,2,0.0024269782906791897,2025-03-03,125,0.05031726291659639,2024-09-26,96,0.05012180153376686,2024-09-26,62,0.047622068367447846,2024-09-26,27,0.03873223064590246,2024-12-03,8,0.02800260788441741,2024-12-03,2,0.017933186636982464,2024-12-18
XEC.38,1,0.0012134891453395948,2025-03-31,119,0.04676892578237919,2024-08-27,93,0.04693564817113176,2024-08-27,55,0.04347691385854445,2024-09-26,25,0.03721710241045418,2024-10-08,11,0.03255897878019732,2024-10-08,0,0.0,
XEC.39,19,0.023056293761452303,2024-09-25,143,0.08957167959745543,2024-08-25,100,0.0903634713582805,2024-08-25,67,0.0929724298096783,2024-09-22,43,0.10024148670818787,2024-09-22,19,0.10497152080546804,2024-10-09,7,0.11973959577039038,2024-11-12
XEC.4,42,0.05096654410426299,2024-11-01,644,0.27062587267203925,2024-08-27,520,0.2735000702277316,2024-08-27,364,0.2669933079357587,2024-08-27,175,0.22237714371837963,2024-08-27,41,0.12107877424577362,2024-10-27,3,0.027101779702925505,2024-12-16
XEC.4.1,106,0.12862984940599706,2024-11-02,382,0.20846977117184887,2024-10-08,301,0.21239020742006942,2024-10-08,217,0.21609876228462452,2024-10-08,109,0.20353338732085333,2024-10-08,46,0.19635532867633748,2024-11-27,17,0.18783116808925862,2024-11-27
XEC.4.1.1,214,0.2596866771026733,2024-12-05,293,0.1619289302106155,2024-10-29,226,0.16450479636363444,2024-10-29,150,0.16477401347590148,2024-10-29,79,0.16313223933015888,2024-10-29,33,0.15714385032339795,2024-11-12,12,0.16405742339188567,2024-12-10
XEC.4.1.2,0,0.0,,32,0.005530730322506356,2024-11-25,15,0.004074426248736005,2024-12-17,5,0.0023615869171255146,2024-12-17,1,0.000901101506009288,2025-06-02,0,0.0,,0,0.0,
XEC.4.1.3,0,0.0,,16,0.005068462318896307,2024-12-12,11,0.004867014527418924,2024-12-12,8,0.004675337499701881,2024-12-17,3,0.0032806888772512013,2024-12-17,0,0.0,,0,0.0,
XEC.4.1.4,59,0.0715958595750361,2024-11-04,256,0.16383822951345073,2024-10-22,218,0.16961953172929917,2024-10-22,143,0.17065529863785403,2024-11-04,89,0.17836858840838485,2024-11-04,38,0.17502736818144188,2024-11-04,15,0.18713892142245578,2024-11-12
XEC.4.1.5,0,0.0,,10,0.002285857033158401,2024-10-22,3,0.001731464094873681,2025-01-16,2,0.0017364733143008287,2025-01-30,2,0.002114000415462842,2025-01-30,0,0.0,,0,0.0,
XEC.4.1.6,0,0.0,,22,0.004288591562426024,2024-11-19,10,0.0034011574655156865,2024-12-19,3,0.0021297247809371855,2024-12-30,2,0.002159396035259878,2024-12-30,0,0.0,,0,0.0,
XEC.4.2,2,0.0024269782906791897,2024-11-29,7,0.0017578215643560117,2024-10-27,6,0.0017261620095548574,2025-01-28,2,0.001014806179908731,2025-01-28,0,0.0,,0,0.0,,0,0.0,
XEC.4.3,1,0.0012134891453395948,2025-02-14,95,0.03073622225242566,2024-11-05,59,0.029031946763407587,2024-11-05,33,0.026523957573248182,2024-11-05,15,0.023260961546208065,2024-11-05,4,0.01775913171751408,2025-01-21,1,0.015779539515335207,2025-03-25
XEC.4.4,0,0.0,,183,0.0570049363871287,2024-08-27,136,0.05593185928390557,2024-10-21,77,0.049191495370764005,2024-10-21,20,0.029909519070294356,2024-10-21,6,0.020137985603384305,2024-11-26,1,0.009733557665237414,2025-04-08
XEC.4.5,0,0.0,,7,0.0023956983533228015,2024-10-29,5,0.0023636181595280007,2025-01-05,2,0.0019652125622119264,2025-01-05,2,0.002392469920945232,2025-01-05,1,0.0022166686309432557,2025-02-27,0,0.0,
XEC.4.5.1,0,0.0,,12,0.0021585025908339903,2024-11-17,4,0.0015686294154221225,2024-11-17,3,0.0015425080825243937,2024-11-17,1,0.0008065891371506042,2025-09-11,0,0.0,,0,0.0,
XEC.4.6,0,0.0,,19,0.014667585577357499,2024-10-01,13,0.014981577086492379,2024-10-01,11,0.01612904226650124,2024-10-01,4,0.01581705046431904,2025-04-15,4,0.022459649968051578,2025-04-15,3,0.032656913587308184,2025-04-15
XEC.4.6.1,1,0.0012134891453395948,2025-05-26,16,0.009794200865412472,2024-12-29,10,0.009824480145637957,2025-04-08,8,0.010412372222683604,2025-04-09,3,0.010045847493424787,2025-05-07,3,0.014264746694949787,2025-05-07,2,0.01818328978832633,2025-05-07
XEC.4.7,3,0.003640467436018785,2025-03-05,1,8.60330213271899e-05,2025-02-26,0,0.0,,0,0.0,,0,0.0,,0,0.0,,0,0.0,
XEC.4.9,0,0.0,,8,0.0012943092054116976,2024-08-22,4,0.0010523495143959013,2024-09-29,1,0.000538676855210878,2024-09-29,0,0.0,,0,0.0,,0,0.0,
XEC.40,5,0.006067445726697975,2024-09-29,64,0.018426278913972815,2024-09-03,35,0.016697913509687932,2024-09-03,20,0.01519728531413913,2024-09-17,9,0.01312245018509276,2024-09-17,3,0.008296088423163475,2024-09-25,0,0.0,
XEC.41,0,0.0,,18,0.002694980120239946,2024-11-06,5,0.0016370804698842565,2024-12-05,2,0.0012082503085569288,2025-02-09,1,0.001035589072725971,2025-04-01,0,0.0,,0,0.0,
XEC.42,0,0.0,,1,0.00015962778895114334,2025-01-01,1,0.0001689426222845911,2025-01-01,0,0.0,,0,0.0,,0,0.0,,0,0.0,
XEC.43,2,0.0024269782906791897,2025-01-25,38,0.013156016263038356,2024-09-17,24,0.012451254813355066,2024-09-29,14,0.011398324755286867,2024-09-29,9,0.011191160442907694,2024-09-29,3,0.008007144666309446,2024-12-11,0,0.0,
XEC.5,1,0.0012134891453395948,2024-10-23,133,0.06065485084879102,2024-09-12,92,0.06007064349838964,2024-09-17,62,0.05944635704225746,2024-09-17,34,0.05692652627711177,2024-10-09,12,0.04860295971102371,2024-10-27,2,0.027912026743760362,2024-11-17
XEC.5.1,35,0.04247212008688582,2024-11-06,54,0.03424196399857615,2024-10-24,43,0.03517241976604558,2024-11-05,33,0.036552330493964676,2024-11-05,20,0.03717952940311461,2024-12-08,9,0.03609519074560415,2025-01-05,2,0.026276142980277403,2025-01-20
XEC.6,28,0.03397769606950866,2024-10-21,197,0.07970306795244034,2024-09-25,132,0.07788062299012204,2024-09-25,81,0.07518666406923372,2024-10-01,42,0.07122138991292074,2024-10-01,20,0.06741296503629157,2024-10-01,3,0.0379724826824157,2024-11-17
XEC.7,0,0.0,,1,0.0002880240741387347,2025-01-21,1,0.00030483127459080667,2025-01-21,1,0.00033790712795546125,2025-01-21,0,0.0,,0,0.0,,0,0.0,
XEC.8,81,0.0982926207725072,2024-08-25,308,0.2305755200402831,2024-09-03,246,0.2377351921361101,2024-09-17,186,0.25000036124046293,2024-09-26,117,0.26812076389513434,2024-10-15,57,0.29180793639136265,2024-10-27,26,0.3523131205178263,2024-10-27
XEC.8.1,6,0.00728093487203757,2024-12-06,33,0.013995082335618933,2024-09-17,14,0.013126725857788091,2024-10-02,9,0.013252401369666753,2024-10-02,5,0.01386395480435102,2024-12-26,3,0.015971330217984855,2024-12-26,1,0.015093534666379249,2025-02-04
XEC.9,104,0.12620287111531786,2024-08-13,346,0.20346298605644567,2024-09-25,264,0.20702901412823507,2024-09-26,184,0.21113084943232008,2024-10-08,106,0.21581692244797296,2024-10-08,47,0.2116881436953771,2024-10-08,18,0.22647438671757716,2024-10-08
XED,3,0.003640467436018785,2024-08-01,22,0.006441934291836148,2023-11-15,10,0.00578902062028239,2023-11-15,5,0.005349085684686471,2023-12-05,1,0.00442880518656988,2024-03-05,1,0.006288746090267547,2024-03-05,1,0.011107018843847662,2024-03-05
XEE,2,0.0024269782906791897,2024-06-09,142,0.05096103535567411,2024-02-08,91,0.048785397902506446,2024-02-08,47,0.04407450839764579,2024-02-08,29,0.043778623034218186,2024-03-20,8,0.029433069929417653,2024-05-22,2,0.02128291104006839,2024-07-16
XEF,19,0.023056293761452303,2024-07-21,29,0.00998472654582609,2023-12-19,17,0.009425131754435394,2024-08-08,11,0.009285042662721312,2024-08-08,4,0.007749424792438715,2024-08-15,3,0.009423314503503791,2024-08-15,0,0.0,
XEF.1,0,0.0,,14,0.0024458826262930126,2024-01-09,7,0.0019155625735171628,2024-01-30,3,0.001316248446142963,2024-02-28,0,0.0,,0,0.0,,0,0.0,
XEF.2,2,0.0024269782906791897,2024-08-27,8,0.0028063558847510025,2024-08-08,6,0.002813723094341721,2024-08-08,3,0.002572294286990675,2024-08-08,1,0.0022121992843478953,2025-02-19,1,0.003141244424686546,2025-02-19,0,0.0,
XEF.3,4,0.004853956581358379,2024-09-29,16,0.005476676584063947,2024-04-24,11,0.005304526518822414,2024-04-24,6,0.004747529207438785,2024-07-23,2,0.0037583899464998937,2024-11-26,2,0.005336780256992487,2024-11-26,0,0.0,
XEH,6,0.00728093487203757,2024-07-09,73,0.023027132385149245,2024-04-08,41,0.021276702096711092,2024-04-08,24,0.01993243130817977,2024-06-26,13,0.018504466974302657,2024-06-26,3,0.010191962686266114,2024-08-04,1,0.008898238709727665,2024-10-07
XEJ,30,0.03640467436018785,2024-05-29,20,0.005558344027424353,2024-03-19,12,0.0051634687820416815,2024-03-19,7,0.004606790171963383,2024-05-21,3,0.003673277523516009,2024-05-28,1,0.0024427331222760347,2024-05-28,0,0.0,
XEJ.1,1,0.0012134891453395948,2024-08-06,0,0.0,,0,0.0,,0,0.0,,0,0.0,,0,0.0,,0,0.0,
XEJ.2,0,0.0,,3,0.0003356144385980596,2024-07-23,0,0.0,,0,0.0,,0,0.0,,0,0.0,,0,0.0,
XEJ.3,0,0.0,,2,0.00038096192941214336,2024-07-28,2,0.000403192375014249,2024-07-28,0,0.0,,0,0.0,,0,0.0,,0,0.0,
XEK,29,0.03519118521484825,2024-09-21,92,0.027959812841371442,2024-06-25,61,0.026453883216722943,2024-10-08,34,0.022855362095112148,2024-10-09,12,0.016301646725825052,2024-10-09,2,0.00969733366467692,2024-11-14,1,0.00978586910553689,2024-11-14
XEK.1,24,0.02912373948815028,2024-09-30,56,0.03122719522295442,2024-08-28,48,0.032282283444925626,2024-08-28,28,0.031157350429071373,2024-10-23,13,0.030406620839114624,2024-11-12,7,0.03343322485569274,2024-11-12,2,0.03453073103358922,2024-12-17
XEK.1.1,16,0.019415826325433518,2024-12-08,37,0.024219720245414755,2024-12-05,21,0.024005829713070633,2024-12-05,16,0.0255837158495484,2024-12-05,9,0.027907912862164746,2024-12-05,7,0.03715428069346487,2024-12-05,2,0.03606317645001026,2025-01-23
XEK.1.2,0,0.0,,18,0.002683011944552678,2024-10-16,6,0.0016068268091955131,2024-12-01,1,0.0007358493776504157,2024-12-01,1,0.0008958305764102062,2024-12-01,0,0.0,,0,0.0,
XEK.1.2.1,0,0.0,,2,0.0005987590242831514,2025-02-19,2,0.0006336986833158425,2025-02-19,1,0.000525915540885232,2025-02-19,0,0.0,,0,0.0,,0,0.0,
XEK.2,1,0.0012134891453395948,2025-01-04,5,0.0021509754467296536,2024-11-19,4,0.002189416359946049,2024-11-19,2,0.001996495770276803,2025-01-14,1,0.0018240475328867877,2025-01-14,1,0.00259008272156316,2025-01-14,0,0.0,
XEK.2.1,2,0.0024269782906791897,2024-09-22,4,0.0013383029695831225,2024-11-19,4,0.0014163975744964337,2024-11-19,3,0.0013361491453405172,2024-11-19,0,0.0,,0,0.0,,0,0.0,
XEK.3,2,0.0024269782906791897,2024-09-20,5,0.0015001238818145137,2024-10-29,4,0.001472426616522729,2024-12-04,3,0.0014719014453766618,2024-12-04,1,0.0008392963580554524,2024-12-04,0,0.0,,0,0.0,
XEK.4,1,0.0012134891453395948,2024-12-29,18,0.00439230994419416,2024-09-29,7,0.003515639712558645,2024-10-22,4,0.003329233535943815,2024-10-22,2,0.0030153077099780807,2024-10-27,1,0.0027910991715449605,2024-10-27,0,0.0,
XEK.5,6,0.00728093487203757,2024-12-26,11,0.0016808788157781386,2024-12-18,6,0.0013693658257484538,2024-12-18,1,0.000637037343934371,2025-03-04,1,0.0007755357935257635,2025-03-04,0,0.0,,0,0.0,
XEK.5.1,0,0.0,,1,7.141462846026837e-05,2025-01-06,0,0.0,,0,0.0,,0,0.0,,0,0.0,,0,0.0,
XEK.5.2,0,0.0,,2,0.0003559145086345885,2024-10-24,1,0.00029609549588774825,2024-10-24,1,0.0003282234696892041,2024-10-24,0,0.0,,0,0.0,,0,0.0,
XEK.6,0,0.0,,12,0.0050014858734627856,2024-10-15,11,0.005197297410074216,2024-10-15,8,0.005176327523842496,2024-10-15,3,0.0031415822810761255,2024-10-15,0,0.0,,0,0.0,
XEK.7,0,0.0,,25,0.0171445123651608,2024-10-09,19,0.01753441204866854,2024-10-09,12,0.01772659313958758,2024-10-09,8,0.019144196830057983,2024-10-09,5,0.02345545947975269,2024-10-09,3,0.031871616021383574,2024-12-15
XEK.7.1,0,0.0,,1,0.000425429812574589,2025-01-21,1,0.0004502551128888412,2025-01-21,1,0.0004991102446681788,2025-01-21,0,0.0,,0,0.0,,0,0.0,
XEK.8,1,0.0012134891453395948,2025-01-02,48,0.011651940506358763,2024-10-08,30,0.010687858667064204,2024-10-08,11,0.007676219174850177,2024-10-20,6,0.0068330832992942615,2024-10-20,1,0.00228055633143152,2024-11-04,0,0.0,
XEL,17,0.020629315470773114,2024-07-25,110,0.02579466178664787,2023-11-21,57,0.02184619972302403,2024-05-28,25,0.017196927987736657,2024-05-28,11,0.014068829798566027,2024-07-25,2,0.007187922919114184,2024-10-31,1,0.008410773735726806,2024-10-31
XEL.1,0,0.0,,8,0.008453528758275083,2024-06-13,5,0.008633817465389737,2024-09-04,5,0.009570633679033706,2024-09-04,3,0.010591376832696424,2024-09-24,2,0.013437141878658219,2024-09-24,1,0.018132738301000453,2024-09-24
XEL.3,5,0.006067445726697975,2024-07-02,7,0.010358118735282114,2024-08-21,6,0.010839549039607935,2024-08-21,5,0.011839331418267166,2024-10-22,4,0.013938154002671978,2024-10-24,3,0.01826589742724347,2024-10-24,2,0.028305984516958458,2024-10-24
XEL.4,10,0.01213489145339595,2024-10-21,24,0.02115337749887764,2024-08-22,17,0.021692261797467163,2024-11-03,12,0.022958417019667842,2024-11-03,9,0.02625960171181982,2024-11-03,6,0.03249136500252079,2024-11-03,4,0.04572701605902741,2024-11-03
XEL.5,0,0.0,,13,0.0011709613567293057,2023-12-20,0,0.0,,0,0.0,,0,0.0,,0,0.0,,0,0.0,
XEL.6,0,0.0,,12,0.0046627296761294805,2024-05-28,7,0.004417624375740521,2024-10-02,6,0.0046502356394825485,2024-10-02,3,0.004205211669853605,2024-10-02,1,0.0027996401024966144,2024-10-23,0,0.0,
XEM,0,0.0,,14,0.0022465804117833463,2024-07-30,5,0.0015328347306283693,2024-07-30,3,0.0013712356679149468,2024-07-30,0,0.0,,0,0.0,,0,0.0,
XEN,12,0.01456186974407514,2024-09-19,6,0.0014107534788122315,2024-08-27,1,0.001047761651323228,2025-02-19,1,0.001161449496465744,2025-02-19,1,0.0014139605243840398,2025-02-19,0,0.0,,0,0.0,
XEN.1,4,0.004853956581358379,2025-01-22,8,0.0029814619330638904,2024-12-01,7,0.0030301652469416148,2024-12-01,4,0.0025651650832537107,2024-12-01,1,0.0013721249984322472,2024-12-01,0,0.0,,0,0.0,
XEN.2,0,0.0,,2,0.00045012162754750517,2024-12-23,2,0.00047638778062733344,2024-12-23,1,0.00035119117749967906,2024-12-23,0,0.0,,0,0.0,,0,0.0,
XEP,5,0.006067445726697975,2024-12-22,21,0.0044053427511940866,2024-06-11,8,0.003430143306348031,2024-06-30,5,0.003123636396353224,2024-12-18,2,0.0022480333551583333,2025-04-08,0,0.0,,0,0.0,
XEP.1,0,0.0,,2,0.00027770435129100267,2024-12-18,1,0.0001857249170125985,2024-12-18,0,0.0,,0,0.0,,0,0.0,,0,0.0,
XEP.1.1,0,0.0,,6,0.0006424180499801276,2024-12-19,1,0.00018613597866266014,2024-12-19,0,0.0,,0,0.0,,0,0.0,,0,0.0,
XEP.2,5,0.006067445726697975,2024-12-26,8,0.006758785158354608,2025-02-05,7,0.007025960933790259,2025-02-05,6,0.00760965258302909,2025-02-11,6,0.009264069070090234,2025-02-11,2,0.0073921052046359206,2025-02-11,0,0.0,
XEP.3,0,0.0,,1,0.0008534671802315533,2024-12-17,1,0.0009032699407136754,2024-12-17,1,0.0010012796483719552,2024-12-17,1,0.0012189681092249142,2024-12-17,0,0.0,,0,0.0,
XEQ,24,0.02912373948815028,2024-12-03,75,0.03277619158449334,2024-08-11,54,0.03271679713316267,2024-08-11,30,0.031037390623705027,2024-11-14,18,0.031074243032427985,2024-12-03,8,0.029810168851617674,2024-12-03,1,0.020109022881249033,2024-12-03
XER,2,0.0024269782906791897,2024-12-12,128,0.0615747603370487,2024-10-15,85,0.060417093801020935,2024-11-10,61,0.06120108116786482,2024-11-17,39,0.06294213105767457,2024-11-17,16,0.056563703739902015,2024-11-21,4,0.03938159969675174,2024-11-21
XES,2,0.0024269782906791897,2024-08-28,3,0.0007031576810154886,2024-08-27,1,0.0005586409153267413,2025-05-04,1,0.0006192564969256018,2025-05-04,0,0.0,,0,0.0,,0,0.0,
XES.1,1,0.0012134891453395948,2024-09-21,3,0.0004916350279824761,2024-06-25,2,0.0004164874815534851,2024-12-19,0,0.0,,0,0.0,,0,0.0,,0,0.0,
XES.1.1,0,0.0,,1,0.0012359222830484206,2024-11-20,1,0.0013080426209628538,2024-11-20,1,0.0014499723687676433,2024-11-20,1,0.0017652112271121332,2024-11-20,1,0.0025065372567438515,2024-11-20,0,0.0,
XET,3,0.003640467436018785,2024-08-18,5,0.0019282272299821748,2024-08-14,4,0.0019394199242286296,2024-08-14,2,0.001706035762184998,2024-08-14,1,0.0016266782841377837,2024-08-28,1,0.002309825397268736,2024-08-28,0,0.0,
XEU,3,0.003640467436018785,2024-11-18,42,0.017197681991258065,2024-10-02,30,0.017021074432002972,2024-11-03,19,0.01663215734997599,2024-11-03,7,0.014191850735115736,2024-11-19,2,0.012970261746826868,2024-11-19,2,0.022907737021628363,2024-11-19
XEV,6,0.00728093487203757,2024-12-20,102,0.03469817179827148,2024-08-06,66,0.033117468451582525,2024-08-20,27,0.028149879694368257,2024-10-02,10,0.02447030613335608,2024-10-02,5,0.027681026088207262,2024-11-25,2,0.032268404383636824,2025-02-05
XEW,6,0.00728093487203757,2025-03-07,313,0.12780031026262853,2024-07-29,247,0.12858158942559306,2024-08-06,165,0.12444754379692209,2024-08-15,65,0.09804758386701938,2024-08-15,23,0.0789551461009999,2024-10-01,4,0.04538233815552198,2024-11-26
XEY,0,0.0,,39,0.010622414402647794,2024-09-19,24,0.009719232588214282,2024-09-19,14,0.008463516314367104,2024-09-19,5,0.005536155786321495,2024-11-06,1,0.0024427333909770653,2024-11-14,0,0.0,
XEZ,0,0.0,,64,0.0137267009112475,2024-07-09,38,0.011999983439402328,2024-07-09,16,0.008166595404671028,2024-10-22,3,0.0030080607376448483,2024-10-22,0,0.0,,0,0.0,
XFA,2,0.0024269782906791897,2025-03-25,3,0.0031623326641486986,2025-03-23,2,0.0032488706574513903,2025-03-23,2,0.0036013908167127386,2025-03-23,1,0.0038150513279590144,2025-04-03,1,0.005417237406519125,2025-04-03,1,0.009567783003502455,2025-04-03
XFB,0,0.0,,26,0.011407806588440922,2024-07-02,16,0.011087390679358612,2024-07-30,8,0.010262693839853072,2024-09-17,4,0.010592050305149462,2024-12-18,2,0.01233974658365913,2025-02-24,1,0.016798643167728403,2025-04-22
XFB.1,0,0.0,,15,0.001477367163927906,2024-06-18,2,0.0002936808680132603,2024-09-04,0,0.0,,0,0.0,,0,0.0,,0,0.0,
XFB.3,0,0.0,,3,0.00088597457218388,2024-10-10,3,0.0009376742513675049,2024-10-10,1,0.0005792882367234349,2024-10-10,0,0.0,,0,0.0,,0,0.0,
XFC,98,0.1189219362432803,2025-03-20,507,0.2126042157661596,2024-10-23,400,0.21393759694420048,2024-10-23,237,0.20079469334126396,2024-10-23,117,0.17889568004367734,2024-11-19,44,0.14665324605703986,2025-03-16,4,0.044206695738601795,2025-04-22
XFC.1,1,0.0012134891453395948,2025-08-21,32,0.012271018016925407,2025-03-20,22,0.011956673190293653,2025-03-23,12,0.010964708508215642,2025-04-07,6,0.010211493899942924,2025-04-07,3,0.010563854182497369,2025-04-13,0,0.0,
XFC.1.1,0,0.0,,9,0.0035951749498798168,2025-04-23,5,0.003400030218507381,2025-06-03,4,0.0035696737834932293,2025-06-03,2,0.002931223094139088,2025-06-17,1,0.002370890259082345,2025-06-18,0,0.0,
XFC.1.1.1,0,0.0,,6,0.008626003403128238,2025-04-23,4,0.008934098596704517,2025-06-03,4,0.009903496948388203,2025-06-03,3,0.01136989537686591,2025-06-17,2,0.014353505228459499,2025-06-18,1,0.021163381118123804,2025-08-07
XFC.1.2,0,0.0,,8,0.0018549921091379129,2025-03-12,4,0.0016087252087006673,2025-04-07,2,0.0013690657649559031,2025-04-07,1,0.000984124442388385,2025-04-07,0,0.0,,0,0.0,
XFC.1.3,0,0.0,,23,0.005857928999961438,2025-01-03,12,0.00514059859626845,2025-04-07,6,0.004192473548535082,2025-04-07,3,0.0034260818155521914,2025-04-07,0,0.0,,0,0.0,
XFC.1.4,0,0.0,,26,0.012101023868299695,2025-03-20,16,0.01179135664637842,2025-04-07,6,0.010947789871215021,2025-04-07,3,0.011774687423456696,2025-04-07,2,0.015322216241246802,2025-07-23,1,0.01957339233432833,2025-08-20
XFC.1.5,0,0.0,,20,0.007612460216942149,2025-03-20,13,0.007338154720063867,2025-04-07,9,0.007188953786925514,2025-04-07,4,0.006258782739967222,2025-04-07,2,0.006394915644442779,2025-07-23,0,0.0,
XFC.1.6,0,0.0,,1,0.00012267684808716354,2025-03-20,0,0.0,,0,0.0,,0,0.0,,0,0.0,,0,0.0,
XFC.1.7,0,0.0,,8,0.002563467647077279,2025-01-28,7,0.0025973090563114467,2025-01-28,5,0.0023894976825291525,2025-04-07,1,0.000984124442388385,2025-04-07,0,0.0,,0,0.0,
XFC.1.8,0,0.0,,3,0.000402567963091118,2025-01-21,1,0.00015543823397400354,2025-01-21,0,0.0,,0,0.0,,0,0.0,,0,0.0,
XFC.1.9,0,0.0,,5,0.009358729031095412,2025-07-30,4,0.00981864086871709,2025-07-30,4,0.010884016874016533,2025-07-30,4,0.013250313727302955,2025-07-30,2,0.016178371885521382,2025-09-25,2,0.02857381723096668,2025-09-25
XFC.2,1,0.0012134891453395948,2025-05-14,270,0.09449482295508027,2024-10-23,199,0.09277548724201753,2024-10-23,110,0.08286682209980982,2024-10-23,47,0.06597109158136835,2025-03-18,16,0.04753832901356605,2025-04-01,1,0.009171157182409633,2025-07-22
XFC.3,3,0.003640467436018785,2025-05-16,35,0.011275004183045036,2024-12-29,23,0.010658405675664853,2025-02-11,13,0.009805609221831608,2025-02-13,7,0.008406682908899971,2025-02-13,3,0.006888341960219994,2025-06-19,0,0.0,
XFC.3.2,0,0.0,,1,0.00012934034970359486,2025-05-06,0,0.0,,0,0.0,,0,0.0,,0,0.0,,0,0.0,
XFC.3.3,0,0.0,,11,0.02325784748358138,2025-05-20,7,0.024168868696402165,2025-06-24,6,0.026627869578385265,2025-06-24,4,0.031348639533954434,2025-06-24,4,0.04451395489288858,2025-06-24,4,0.07861938273746776,2025-06-24
XFD,0,0.0,,3,0.00024958095355242106,2024-10-02,0,0.0,,0,0.0,,0,0.0,,0,0.0,,0,0.0,
XFE,0,0.0,,5,0.0005787152580577528,2024-12-03,1,0.00017527786545354398,2025-01-06,0,0.0,,0,0.0,,0,0.0,,0,0.0,
XFF,0,0.0,,1,0.00019483985187809582,2024-06-26,1,0.0002062094308147156,2024-06-26,0,0.0,,0,0.0,,0,0.0,,0,0.0,
XFG,1445,1.7534918150157146,2025-02-12,441,0.33989611678087084,2025-01-05,395,0.3547013771798934,2025-01-05,309,0.3737393222157676,2025-03-09,211,0.39922107356541325,2025-04-01,103,0.4048468786248316,2025-04-08,31,0.33981654512390386,2025-05-28
XFG.1,1,0.0012134891453395948,2025-03-18,312,0.15984963609669958,2025-03-25,263,0.1639253745746907,2025-03-30,181,0.16306668066821206,2025-03-30,110,0.15810104113512224,2025-05-11,32,0.10399694982625969,2025-05-11,3,0.03230126071482136,2025-05-11
XFG.1.1,5,0.006067445726697975,2025-08-15,50,0.04024909487311626,2025-07-22,39,0.041528788404898986,2025-07-22,31,0.04427795918300931,2025-07-22,23,0.04961082786827751,2025-07-22,13,0.05623866604538963,2025-07-22,5,0.05799685080530314,2025-07-22
XFG.10,0,0.0,,37,0.01972724499645168,2025-06-24,34,0.020543536239529654,2025-06-24,24,0.020545232421520798,2025-06-24,13,0.019225390566811544,2025-06-24,7,0.018935856692516337,2025-07-29,0,0.0,
XFG.10.1,0,0.0,,46,0.02625591861905784,2025-05-18,39,0.027115553162474736,2025-05-18,34,0.028949749369762145,2025-05-18,18,0.027218797454982076,2025-07-06,5,0.020802009128545563,2025-07-13,3,0.026173669914150717,2025-07-20
XFG.10.2,0,0.0,,27,0.014419899973595787,2025-05-28,17,0.014316881424115975,2025-05-28,11,0.014593989261750604,2025-07-29,6,0.015037727026898927,2025-07-29,3,0.016050866932131928,2025-09-02,2,0.024307472919500698,2025-09-09
XFG.10.3,0,0.0,,15,0.0034221545084125774,2025-04-17,5,0.0025702021941967634,2025-05-19,2,0.0021265547174774274,2025-08-27,2,0.0025888895148739014,2025-08-27,1,0.002568784403091132,2025-09-24,0,0.0,
XFG.10.4,0,0.0,,78,0.03075250970048035,2025-02-18,62,0.030834485331611223,2025-04-27,45,0.03035615557404445,2025-05-27,21,0.02382182851571286,2025-05-27,4,0.009891467069064507,2025-05-27,0,0.0,
XFG.11,0,0.0,,168,0.09616349266031433,2025-03-02,145,0.09936248186889905,2025-04-14,116,0.10375511081657289,2025-04-14,69,0.10055923882676342,2025-04-14,20,0.0700486031961948,2025-06-18,3,0.03409023286178923,2025-07-10
XFG.12,0,0.0,,38,0.012043669050712176,2025-04-16,18,0.011014343979486581,2025-04-16,11,0.010731216224657468,2025-04-16,5,0.009900354735871485,2025-04-16,3,0.010285366523189027,2025-04-16,1,0.00944302352734657,2025-04-16
XFG.13,0,0.0,,12,0.004386150769513404,2025-06-12,11,0.004516899655399024,2025-06-12,4,0.0034158547874840106,2025-06-12,4,0.00415849663823336,2025-06-12,0,0.0,,0,0.0,
XFG.14,0,0.0,,143,0.10390967145781596,2025-05-27,116,0.1071306117022631,2025-05-27,84,0.11108702374814032,2025-06-02,50,0.11718889511645464,2025-06-18,17,0.11689703049141527,2025-07-22,11,0.17217271746729,2025-07-22
XFG.14.1,0,0.0,,114,0.052503154905110205,2025-05-27,88,0.05283219026364191,2025-05-29,58,0.05172813190356318,2025-05-29,27,0.04505516225202163,2025-07-24,11,0.04050934785924112,2025-08-20,4,0.04001888799384696,2025-08-20
XFG.14.1.1,0,0.0,,85,0.053650471589369184,2025-06-24,73,0.05548226959590514,2025-06-24,50,0.05614292467838203,2025-06-24,34,0.05999947794953026,2025-06-24,17,0.06116385852812873,2025-09-02,5,0.05566830986960484,2025-09-02
XFG.14.1.2,0,0.0,,66,0.03573618096854599,2025-06-18,51,0.036246866420716915,2025-06-18,36,0.03668287572636641,2025-06-18,15,0.033345143795598366,2025-07-24,6,0.03389230728362248,2025-07-24,2,0.03720823384083737,2025-08-28
XFG.14.1.3,0,0.0,,21,0.01577538251928334,2025-08-28,17,0.016229931073931704,2025-08-28,15,0.0176126958503467,2025-08-28,9,0.018449280741623438,2025-08-28,3,0.015562129180633811,2025-09-02,1,0.014021464900603907,2025-09-15
XFG.14.2,0,0.0,,13,0.00483107570314312,2025-08-18,9,0.004729625496584425,2025-08-18,5,0.004430387631121002,2025-08-18,2,0.003740749566538997,2025-08-18,1,0.0035999328025552234,2025-09-25,0,0.0,
XFG.14.2.1,0,0.0,,1,0.00041776461286353346,2025-08-18,1,0.00044214262227533556,2025-08-18,1,0.000490117504643537,2025-08-18,0,0.0,,0,0.0,,0,0.0,
XFG.14.3,0,0.0,,21,0.00990707596415907,2025-05-18,18,0.01022248408550134,2025-05-18,10,0.009648293044828445,2025-06-22,6,0.009639023770241688,2025-06-22,3,0.008888548399852125,2025-06-22,0,0.0,
XFG.14.4,0,0.0,,14,0.008174586742444576,2025-08-10,11,0.008312392985832175,2025-08-10,8,0.00847394311776568,2025-08-10,4,0.007835492357936426,2025-08-27,2,0.00805628847255974,2025-08-27,1,0.009981095276396488,2025-08-27
XFG.15,0,0.0,,24,0.008660975657371733,2025-04-15,15,0.008240538245556372,2025-04-15,10,0.00815676936595273,2025-05-04,3,0.006181383270186366,2025-06-02,2,0.0066580779404834065,2025-08-27,0,0.0,
XFG.16,0,0.0,,33,0.014383202951705197,2025-05-20,24,0.01438755409046716,2025-05-20,16,0.014093635830559038,2025-05-20,10,0.014306506818321728,2025-07-10,3,0.008923354184770832,2025-07-10,0,0.0,
XFG.17,0,0.0,,24,0.011710699595899847,2025-01-21,13,0.011311319019703175,2025-07-10,10,0.011770813623591864,2025-07-10,5,0.011819736750871305,2025-07-10,3,0.013992672257484037,2025-07-10,1,0.01503350643618433,2025-07-10
XFG.17.1,0,0.0,,2,0.00016944795453867036,2025-07-09,0,0.0,,0,0.0,,0,0.0,,0,0.0,,0,0.0,
XFG.17.2,0,0.0,,15,0.005155277169527957,2025-07-01,10,0.004899187130178653,2025-07-01,5,0.004226271963242636,2025-07-01,4,0.004527883221798517,2025-07-01,0,0.0,,0,0.0,
XFG.17.2.1,0,0.0,,12,0.004986909745220185,2025-08-04,9,0.005019160271857102,2025-08-05,6,0.004895378094722901,2025-08-05,1,0.0032218289176252873,2025-09-30,1,0.0045748826502164,2025-09-30,1,0.008080038067204507,2025-09-30
XFG.17.3,0,0.0,,1,0.00023553982390860345,2025-09-11,1,0.0002492843869168011,2025-09-11,0,0.0,,0,0.0,,0,0.0,,0,0.0,
XFG.17.4,0,0.0,,2,0.0006372544788086724,2025-06-12,1,0.0005756924368560853,2025-08-26,1,0.0006381582014012524,2025-08-26,1,0.0007769003368971748,2025-08-26,0,0.0,,0,0.0,
XFG.18,0,0.0,,60,0.01620863347345872,2025-04-21,34,0.014552991856554141,2025-04-30,17,0.012693384627521159,2025-05-27,10,0.011455098252177007,2025-08-12,1,0.00267048115991466,2025-08-20,0,0.0,
XFG.18.1,0,0.0,,31,0.03463028944572574,2025-08-12,28,0.03632136189731364,2025-08-12,19,0.03800102928824128,2025-08-12,15,0.04413299651838946,2025-08-12,11,0.05659281615303853,2025-08-13,4,0.05836088392036361,2025-08-13
XFG.19,0,0.0,,9,0.005414682263397466,2025-06-19,6,0.005428573118094005,2025-06-19,2,0.005085622160536621,2025-06-19,2,0.006191288556939456,2025-06-19,1,0.007193217269866274,2025-06-19,1,0.012704472182131955,2025-06-19
XFG.2,410,0.49753054958923393,2025-02-11,1592,2.519481296770167,2025-02-18,1511,2.658228823333021,2025-02-18,1412,2.9230625221140714,2025-02-18,1186,3.434672706139308,2025-02-27,863,4.357837317883372,2025-02-27,416,5.217081867825364,2025-03-03
XFG.2.1,3,0.003640467436018785,2025-05-04,69,0.043065943580187324,2025-04-01,53,0.04404543725175226,2025-04-01,34,0.045017500815307934,2025-04-01,18,0.04641643117349559,2025-04-17,9,0.05379270568938823,2025-04-17,5,0.07416048409961877,2025-04-17
XFG.2.2,24,0.02912373948815028,2025-06-02,232,0.19676906550346382,2025-03-13,195,0.20463214155096174,2025-03-27,161,0.21876138282365193,2025-04-29,105,0.23535660192568955,2025-05-13,47,0.24210891347069802,2025-05-21,21,0.2893412302806778,2025-06-09
XFG.2.3,1,0.0012134891453395948,2025-07-19,24,0.005429098210038796,2025-04-21,12,0.0046011364447573425,2025-04-21,6,0.003830700596773634,2025-04-21,4,0.0034337186033541675,2025-05-20,0,0.0,,0,0.0,
XFG.2.3.1,1,0.0012134891453395948,2025-09-03,16,0.005266304615238568,2025-04-21,10,0.004938799647326568,2025-04-21,7,0.004793520502724046,2025-04-21,5,0.004551214150679825,2025-05-20,0,0.0,,0,0.0,
XFG.2.4,0,0.0,,65,0.02611916149024069,2025-02-24,38,0.02490531729767011,2025-02-24,27,0.02536656428757526,2025-04-22,12,0.02240518867228905,2025-06-02,5,0.02088945237051156,2025-06-24,2,0.0193416437579358,2025-07-17
XFG.21,0,0.0,,66,0.06247660713053922,2025-04-24,46,0.06423328050636067,2025-04-24,35,0.06875739719419882,2025-05-05,22,0.07636347698419647,2025-05-11,14,0.09534064053306796,2025-05-11,11,0.15626581354607738,2025-05-11
XFG.22,0,0.0,,47,0.025109227888459068,2025-04-22,38,0.025630538860877742,2025-04-22,29,0.026658557151196628,2025-05-20,12,0.023823293067567395,2025-07-30,5,0.02236809197285686,2025-08-04,2,0.023359183111764072,2025-08-18
XFG.22.1,0,0.0,,17,0.012471564586769339,2025-03-25,12,0.012728658257003974,2025-08-05,6,0.012846223203550852,2025-08-07,5,0.015243833629841271,2025-08-07,5,0.02164570241903113,2025-08-07,1,0.02083781829237143,2025-09-03
XFG.22.2,0,0.0,,7,0.002157474262051314,2025-08-07,3,0.0018655267724887476,2025-09-02,2,0.0018110252578172174,2025-09-08,2,0.0022047607158194676,2025-09-08,0,0.0,,0,0.0,
XFG.22.3,0,0.0,,29,0.017964204082219385,2025-05-29,18,0.017893787200876084,2025-07-30,13,0.018655075730145694,2025-07-30,7,0.019477251476551414,2025-07-30,4,0.023329659300050487,2025-07-30,2,0.029011841217832634,2025-09-03
XFG.23,0,0.0,,42,0.026704028635975,2025-03-23,38,0.027832869974394988,2025-03-23,28,0.028821674733533947,2025-06-25,18,0.029891136337865564,2025-06-25,10,0.02954621644019721,2025-06-25,1,0.010496113468597246,2025-07-01
XFG.23.1,0,0.0,,34,0.019598393737220447,2024-11-17,14,0.018620230661139357,2025-05-27,12,0.02019368241730329,2025-05-27,7,0.021853760251744302,2025-05-27,5,0.027852736929011707,2025-05-27,3,0.035410600504239005,2025-05-27
XFG.23.1.1,0,0.0,,4,0.005790280030286356,2025-07-28,3,0.00600728145601423,2025-07-28,3,0.006659104208866793,2025-07-28,2,0.00746540145729619,2025-08-20,1,0.008612217335013609,2025-08-20,1,0.015210672979045027,2025-08-20
XFG.23.1.2,0,0.0,,2,0.00045195656144890017,2025-09-03,2,0.0004783297892654124,2025-09-03,1,0.000322751303953306,2025-09-03,0,0.0,,0,0.0,,0,0.0,
XFG.24,0,0.0,,1,7.886393411072075e-05,2025-06-10,0,0.0,,0,0.0,,0,0.0,,0,0.0,,0,0.0,
XFG.25,0,0.0,,17,0.002885727988035975,2025-03-23,6,0.0019144884006465175,2025-03-23,2,0.0012713280352729121,2025-06-17,1,0.0011283183196613695,2025-10-01,0,0.0,,0,0.0,
XFG.26,0,0.0,,66,0.03294120022983189,2025-04-08,35,0.03174433071628066,2025-04-08,22,0.03244235833465393,2025-06-22,13,0.03502521326895104,2025-06-22,7,0.04088411378474487,2025-06-22,4,0.054972641770696475,2025-07-20
XFG.28,0,0.0,,54,0.02000676699157049,2025-04-14,38,0.01944387530302365,2025-06-10,23,0.01848208340319801,2025-06-10,12,0.01653240518331839,2025-06-10,4,0.011814867065719256,2025-07-06,0,0.0,
XFG.29,0,0.0,,184,0.1013591398330738,2025-03-25,123,0.10151529074553368,2025-04-06,89,0.10503551016536229,2025-04-06,54,0.10895980484972788,2025-04-06,31,0.11965545803597531,2025-04-13,10,0.10682330730386203,2025-07-29
XFG.3,152,0.18445035009161842,2025-05-03,344,0.3240434372983603,2025-04-13,324,0.34077328260391926,2025-04-22,278,0.36783460420025915,2025-05-04,200,0.40331973617842587,2025-05-04,108,0.426471071795082,2025-05-21,37,0.3712354825897688,2025-05-28
XFG.3.1,15,0.018202337180093925,2025-06-03,107,0.07453101119709267,2025-05-20,82,0.07634233690754462,2025-05-20,62,0.07998052847670684,2025-05-20,35,0.08268043797979632,2025-05-20,15,0.08489466522389721,2025-05-20,10,0.12331088892749853,2025-05-20
XFG.3.1.1,2,0.0024269782906791897,2025-09-03,22,0.012729309436101616,2025-06-16,14,0.012596587997941089,2025-06-16,12,0.013604927907934421,2025-07-10,8,0.014743198732566203,2025-07-10,5,0.015359105399604557,2025-08-14,1,0.008646715162199363,2025-08-24
XFG.3.1.10,0,0.0,,6,0.0007773792634910612,2025-04-22,3,0.0005360062328935324,2025-04-22,0,0.0,,0,0.0,,0,0.0,,0,0.0,
XFG.3.1.2,1,0.0012134891453395948,2025-09-22,49,0.022410622417387404,2025-06-10,39,0.02271000052388373,2025-06-10,26,0.022378076628708752,2025-07-14,11,0.0199142519316317,2025-07-14,5,0.020721687807389786,2025-07-14,2,0.017874614158640455,2025-07-24
XFG.3.1.3,9,0.010921402308056355,2025-06-30,74,0.04343376313255467,2025-07-08,56,0.044127176822305894,2025-07-08,43,0.045821251990110265,2025-07-08,23,0.04500610473220353,2025-07-08,11,0.046235155751976315,2025-07-08,4,0.044367489759522954,2025-07-08
XFG.3.1.4,0,0.0,,1,0.00022081808807312075,2025-08-26,1,0.00023370358690090473,2025-08-26,0,0.0,,0,0.0,,0,0.0,,0,0.0,
XFG.3.1.5,0,0.0,,37,0.010851227261757992,2025-07-10,24,0.010193722460114484,2025-07-10,14,0.009036302691790732,2025-07-10,5,0.0060637170924845996,2025-07-10,0,0.0,,0,0.0,
XFG.3.1.6,0,0.0,,36,0.0059846104543258396,2025-05-28,11,0.004033543037174697,2025-07-28,5,0.0030945814579064978,2025-08-21,2,0.002092814228582862,2025-08-21,0,0.0,,0,0.0,
XFG.3.1.8,0,0.0,,2,0.0009199524153369457,2025-07-23,1,0.0008548020352473154,2025-09-07,1,0.0009475527112125733,2025-09-07,1,0.001153560385108975,2025-09-07,0,0.0,,0,0.0,
XFG.3.1.9,0,0.0,,166,0.07374811255788903,2025-04-22,128,0.07422124673410935,2025-04-22,83,0.07248795101823714,2025-04-22,45,0.06762994023860282,2025-04-22,16,0.049507719072477516,2025-07-15,1,0.010282397706844297,2025-10-01
XFG.3.10,3,0.003640467436018785,2025-09-06,38,0.02707150735528258,2025-05-15,24,0.02719947634467619,2025-05-15,17,0.028518015622313903,2025-05-15,9,0.03049440898575289,2025-06-25,7,0.039736094409519127,2025-06-25,3,0.05137052274183415,2025-06-25
XFG.3.11,1,0.0012134891453395948,2025-09-14,283,0.1786143738319891,2025-04-22,247,0.1852843307876572,2025-04-22,193,0.1928344362006326,2025-04-27,120,0.1941655782306822,2025-04-27,50,0.17306099173893663,2025-06-17,9,0.09005797154869914,2025-07-01
XFG.3.12,1,0.0012134891453395948,2025-03-31,26,0.010623671212134683,2025-04-21,18,0.010467998666199112,2025-04-21,13,0.010545671335509781,2025-04-21,7,0.009484524856129342,2025-05-06,1,0.003985337407954799,2025-09-29,0,0.0,
XFG.3.12.1,2,0.0024269782906791897,2025-09-25,7,0.009113599840895733,2025-07-24,5,0.009473673907605562,2025-09-16,3,0.010084200358136404,2025-09-17,2,0.011627731817126152,2025-09-17,2,0.01651096625911113,2025-09-17,1,0.02322907757379138,2025-09-17
XFG.3.13,0,0.0,,21,0.015027832806194507,2025-06-17,16,0.015389007469959855,2025-06-17,12,0.01624863873747169,2025-06-17,6,0.01672889838803218,2025-07-31,3,0.019197066606870223,2025-07-31,2,0.029062769278620705,2025-07-31
XFG.3.14,0,0.0,,4,0.002092993748045023,2025-06-12,3,0.0021190849245433297,2025-08-14,1,0.0018652460188806738,2025-09-29,1,0.0022707696262189974,2025-09-29,1,0.0032244122302076557,2025-09-29,0,0.0,
XFG.3.15,12,0.01456186974407514,2025-05-04,297,0.2253814583208996,2025-04-21,259,0.2346638600079097,2025-04-21,198,0.2463669667643804,2025-05-13,126,0.262812480417991,2025-05-19,62,0.2735073082811385,2025-06-22,18,0.25040967929465474,2025-07-08
XFG.3.16,2,0.0024269782906791897,2025-06-04,286,0.215975788131173,2025-04-06,256,0.22552195071192285,2025-04-20,198,0.2374315446642269,2025-04-22,131,0.25281075634562716,2025-05-20,61,0.25182792956196987,2025-06-04,17,0.21708788575166021,2025-06-17
XFG.3.16.1,0,0.0,,11,0.004620839272595739,2025-06-10,8,0.00459616339104755,2025-06-10,3,0.004140465668809479,2025-06-18,3,0.005040645353998513,2025-06-18,2,0.00579019228707811,2025-06-18,0,0.0,
XFG.3.17,1,0.0012134891453395948,2025-08-16,30,0.011816290406518229,2025-05-27,15,0.01109505095307925,2025-07-14,12,0.011532011372989613,2025-07-14,6,0.010998297915131305,2025-07-14,2,0.009625120531463364,2025-07-14,1,0.010746547159848381,2025-07-14
XFG.3.18,1,0.0012134891453395948,2025-08-06,46,0.015795945053961806,2025-05-29,25,0.014763861154588661,2025-05-29,15,0.01425916756171327,2025-05-29,10,0.014198640525811842,2025-05-29,3,0.009452122747073907,2025-05-29,0,0.0,
XFG.3.19,1,0.0012134891453395948,2025-07-15,62,0.013795919037907391,2025-04-21,30,0.011687865723722322,2025-05-14,12,0.009241996124711058,2025-05-28,5,0.007596652514852847,2025-05-28,1,0.004796743985681463,2025-09-25,1,0.00847188375446246,2025-09-25
XFG.3.2,0,0.0,,11,0.006184540146142052,2025-05-18,6,0.00598343314964062,2025-06-08,5,0.0064673095017981,2025-06-08,2,0.006513797559618518,2025-07-08,2,0.009249361218250304,2025-07-08,1,0.009849472292115831,2025-07-15
XFG.3.20,1,0.0012134891453395948,2025-09-28,71,0.029741896552434945,2025-05-13,56,0.02997462498750035,2025-05-13,40,0.029764417674530676,2025-05-13,12,0.021492310197584272,2025-07-31,5,0.020417804004545608,2025-08-06,1,0.01315859201503516,2025-09-02
XFG.3.21,0,0.0,,17,0.004950091030359569,2025-04-15,9,0.004520792226235016,2025-07-06,4,0.0038578460672475546,2025-07-06,3,0.00420853049441601,2025-07-13,2,0.004803328370080406,2025-07-13,0,0.0,
XFG.3.22,0,0.0,,11,0.0038327081669082756,2025-05-06,8,0.003793961261666796,2025-06-23,4,0.0032875725649089836,2025-07-15,2,0.003130374518657327,2025-07-15,2,0.004445020651388456,2025-07-15,0,0.0,
XFG.3.23,1,0.0012134891453395948,2025-05-05,59,0.019796713067355406,2025-04-22,36,0.018599529854451274,2025-05-21,19,0.01689323172703186,2025-05-29,10,0.01569201649041181,2025-05-29,3,0.010059669077463747,2025-07-15,1,0.00884613964072539,2025-07-15
XFG.3.24,0,0.0,,67,0.015727734123772437,2025-05-14,17,0.011784814575328234,2025-06-05,9,0.011298396682656356,2025-06-05,4,0.01153528282102047,2025-06-05,3,0.014490387847809209,2025-08-19,1,0.012741091400502053,2025-09-10
XFG.3.25,0,0.0,,1,7.279717189223761e-05,2025-09-22,0,0.0,,0,0.0,,0,0.0,,0,0.0,,0,0.0,
XFG.3.26,0,0.0,,28,0.010470521834893456,2025-05-13,17,0.009980813067948381,2025-05-13,9,0.009031005703750736,2025-07-23,5,0.008796607469205214,2025-08-18,3,0.009862686770401554,2025-08-26,0,0.0,
XFG.3.27,0,0.0,,351,0.17177308097244506,2024-11-20,298,0.17646830595156998,2025-04-22,215,0.17702517724295203,2025-04-22,112,0.15920518928725966,2025-05-11,37,0.1177381500290813,2025-06-12,4,0.043270251978094657,2025-06-12
XFG.3.27.1,0,0.0,,10,0.001462554406785498,2025-05-13,6,0.0011665304237325727,2025-06-03,1,0.00032382755095104374,2025-06-15,0,0.0,,0,0.0,,0,0.0,
XFG.3.27.2,0,0.0,,1,0.00027602310693259594,2025-08-21,1,0.00029213000945972726,2025-08-21,1,0.0003238277063882185,2025-08-21,0,0.0,,0,0.0,,0,0.0,
XFG.3.28,0,0.0,,1,0.0014149507269821473,2025-09-03,1,0.0014975179935181348,2025-09-03,1,0.001660006851103456,2025-09-03,1,0.0020209093592185906,2025-09-03,1,0.0028696195240446205,2025-09-03,0,0.0,
XFG.3.29,0,0.0,,7,0.0044950799554892675,2025-08-07,3,0.004377578711931498,2025-09-04,1,0.004453259511913265,2025-09-21,1,0.005421443785411129,2025-09-21,1,0.007698257650279596,2025-09-21,1,0.013596461291190753,2025-09-21
XFG.3.3,3,0.003640467436018785,2025-08-20,76,0.04131393360041205,2025-02-26,62,0.04224297839992184,2025-02-26,45,0.04297958562336581,2025-06-10,27,0.04213265077668571,2025-07-06,8,0.031248282561509532,2025-08-12,2,0.023586814532427208,2025-09-10
XFG.3.3.1,11,0.013348380598735544,2025-07-16,29,0.020815434332475843,2025-07-06,21,0.02106130922752495,2025-07-06,15,0.022155698491735758,2025-07-06,9,0.02395385750112972,2025-07-06,6,0.029652076182084413,2025-07-06,3,0.03738800649985137,2025-07-10
XFG.3.30,2,0.0024269782906791897,2025-07-18,21,0.006529519577547521,2025-06-10,10,0.005691806397988183,2025-07-20,4,0.004954111274686968,2025-07-20,1,0.004501543144575483,2025-07-20,1,0.006392031407582682,2025-07-20,1,0.01128943866955622,2025-07-20
XFG.3.4,24,0.02912373948815028,2025-06-17,227,0.17089937347561138,2025-05-13,197,0.17778609801818737,2025-05-13,154,0.18716398788771174,2025-05-14,95,0.19443542656968865,2025-05-18,46,0.20344465591721972,2025-05-18,18,0.21041849234841342,2025-05-18
XFG.3.4.1,76,0.09222517504580921,2025-07-10,362,0.330352953408658,2025-04-27,299,0.34316819774810225,2025-04-27,237,0.36714573625269703,2025-04-27,159,0.40437455384530163,2025-04-27,86,0.46012559868504505,2025-04-27,39,0.5618453755786829,2025-07-09
XFG.3.4.2,5,0.006067445726697975,2025-07-11,71,0.04453922240353526,2025-05-14,59,0.04588171295294265,2025-05-14,43,0.047700877035712436,2025-05-14,27,0.049537482573987,2025-05-14,14,0.0506288808392632,2025-05-14,4,0.036913991154338674,2025-06-18
XFG.3.4.3,15,0.018202337180093925,2025-07-15,148,0.14933657379125284,2025-05-20,126,0.15562199949481384,2025-05-20,108,0.1679424166334776,2025-05-20,70,0.18401813716225512,2025-05-20,39,0.21311338138624372,2025-06-04,21,0.2850359214124042,2025-06-04
XFG.3.4.4,1,0.0012134891453395948,2025-09-04,12,0.0031764540170841366,2025-07-08,7,0.0028233553141598553,2025-07-08,5,0.0027058403117688925,2025-07-08,2,0.0017734911158221306,2025-07-29,0,0.0,,0,0.0,
XFG.3.4.5,0,0.0,,22,0.009271038613787176,2025-08-05,11,0.008774462247519465,2025-08-12,8,0.009042220806780892,2025-08-12,3,0.008183177195279568,2025-08-14,1,0.008333109916778696,2025-09-16,1,0.014717720757839838,2025-09-16
XFG.3.4.6,5,0.006067445726697975,2025-07-22,80,0.039978309664797894,2025-06-10,74,0.041636382652496494,2025-06-10,47,0.040068866680346454,2025-06-10,25,0.0375597842690253,2025-06-12,8,0.0289963856132773,2025-08-05,3,0.02861021719673497,2025-09-15
XFG.3.4.7,1,0.0012134891453395948,2025-08-04,25,0.02308073591922348,2025-05-22,21,0.02405150179636072,2025-06-02,14,0.025003017175901587,2025-07-16,12,0.029389828819676098,2025-07-16,7,0.03509909896347063,2025-07-16,3,0.04219784455382108,2025-09-25
XFG.3.4.8,1,0.0012134891453395948,2025-03-30,38,0.01106396644701835,2025-06-05,27,0.010502358105719386,2025-06-05,16,0.00929501932006191,2025-06-05,6,0.006230886239331366,2025-06-05,1,0.002408165809521789,2025-09-02,0,0.0,
XFG.3.4.9,0,0.0,,12,0.010903817637267376,2025-05-20,10,0.011300669136598218,2025-05-20,7,0.01176547451207752,2025-07-24,4,0.012311054017673956,2025-07-24,3,0.016181093155206553,2025-08-28,1,0.016960869449152288,2025-09-08
XFG.3.5,2,0.0024269782906791897,2025-07-10,44,0.028325282533622903,2025-06-29,22,0.02778975757894085,2025-06-29,15,0.029193586774483565,2025-07-02,8,0.03163035378013709,2025-07-02,7,0.042765019250847094,2025-07-02,4,0.05964396414603777,2025-08-05
XFG.3.5.1,0,0.0,,29,0.007101011824557773,2025-07-27,13,0.005950833710222938,2025-07-27,8,0.0053476254301485955,2025-07-27,4,0.004544294358417202,2025-07-27,0,0.0,,0,0.0,
XFG.3.5.2,1,0.0012134891453395948,2025-09-18,27,0.008296050768051984,2025-07-14,16,0.0077048106343577645,2025-07-14,8,0.006652235206960303,2025-07-27,4,0.005865183506561239,2025-07-27,2,0.005677102337865447,2025-07-27,0,0.0,
XFG.3.6,5,0.006067445726697975,2025-05-23,74,0.06889744249794276,2025-05-28,64,0.0719147057081319,2025-05-28,45,0.07546088959704945,2025-05-28,32,0.08459588522394695,2025-05-28,21,0.10286560187211335,2025-05-28,10,0.12067195606983204,2025-06-05
XFG.3.7,0,0.0,,43,0.01440961271103946,2025-04-21,27,0.013897976440131011,2025-04-21,17,0.013194002690502677,2025-05-14,8,0.011325654916548942,2025-08-24,4,0.009522177270559902,2025-08-24,0,0.0,
XFG.3.7.1,0,0.0,,7,0.0023047350112038382,2025-07-22,5,0.0022856542144185335,2025-07-22,2,0.0018179543361917343,2025-08-24,2,0.002213196246870747,2025-08-24,0,0.0,,0,0.0,
XFG.3.8,0,0.0,,121,0.02968071234789828,2025-04-22,50,0.02432103400185013,2025-05-20,25,0.02164673796015002,2025-06-12,11,0.01825071621646263,2025-07-22,3,0.012441687858420302,2025-08-07,1,0.010278601124994813,2025-09-23
XFG.3.8.1,0,0.0,,14,0.0016159612802567214,2025-04-22,4,0.0006811044750287005,2025-05-27,0,0.0,,0,0.0,,0,0.0,,0,0.0,
XFG.3.9,0,0.0,,76,0.04479631188620858,2025-05-26,35,0.04356749426568033,2025-05-26,23,0.04562296583803245,2025-05-26,16,0.051985343286117154,2025-05-26,12,0.06848112700269048,2025-05-26,5,0.08132233189727571,2025-05-26
XFG.30,0,0.0,,60,0.017173572142938232,2025-04-03,34,0.01565086874483441,2025-04-14,17,0.013838101234410071,2025-06-04,9,0.012673392321256454,2025-06-04,3,0.009415452177004362,2025-08-07,1,0.008760985157277856,2025-08-07
XFG.31,0,0.0,,53,0.021408073200673422,2025-05-13,27,0.020282615996459145,2025-05-27,15,0.020013256851504894,2025-06-24,6,0.019288316434238017,2025-07-14,5,0.025755043068547468,2025-07-14,2,0.031623362517259515,2025-07-14
XFG.32,0,0.0,,5,0.0009287922138784875,2025-07-08,2,0.000745228129326225,2025-07-08,1,0.0006453487251036426,2025-08-05,1,0.0007856541541709915,2025-08-05,0,0.0,,0,0.0,
XFG.33,0,0.0,,93,0.014967704554810973,2025-01-05,40,0.010923305217059179,2025-03-16,11,0.005556369395341324,2025-07-08,2,0.0022397059695150085,2025-08-21,0,0.0,,0,0.0,
XFG.34,0,0.0,,89,0.01640383105099722,2025-03-30,38,0.012402263387960168,2025-04-28,11,0.00812845741720115,2025-05-20,4,0.006363622285670047,2025-06-17,1,0.0048440203197706155,2025-06-17,1,0.008555381979078158,2025-06-17
XFG.4,5,0.006067445726697975,2025-05-27,390,0.3173845017187566,2025-04-06,345,0.3312994025695439,2025-04-06,274,0.3511917801296055,2025-04-06,194,0.38234315118368106,2025-04-08,97,0.3949817982656514,2025-04-29,28,0.33551944897402974,2025-06-02
XFG.4.1,8,0.009707913162716759,2025-05-30,265,0.21003957345400634,2025-05-04,221,0.21774803958355587,2025-05-04,166,0.22872651597439775,2025-05-04,105,0.24540463115573904,2025-05-20,47,0.26019927711322727,2025-05-20,26,0.35060619772492585,2025-06-02
XFG.4.1.1,0,0.0,,12,0.0047925426874232575,2025-07-27,10,0.004828530238835359,2025-07-27,7,0.004590110597337481,2025-08-17,3,0.0036453265244068534,2025-08-17,1,0.0025262597780232173,2025-09-02,0,0.0,
XFG.4.1.2,0,0.0,,37,0.011206816836251047,2025-05-29,25,0.010678287584165542,2025-05-29,19,0.010604244570621067,2025-05-29,6,0.006220671087126788,2025-06-24,0,0.0,,0,0.0,
XFG.4.1.3,8,0.009707913162716759,2025-06-03,84,0.08951114506246538,2025-05-22,64,0.0925889995157345,2025-05-22,43,0.09807117755155952,2025-06-26,32,0.11337555878732727,2025-06-26,25,0.15043298028842428,2025-06-26,17,0.2213614789243087,2025-06-26
XFG.4.1.4,2,0.0024269782906791897,2025-08-17,45,0.028945409439038883,2025-05-22,34,0.0294902561746586,2025-05-22,18,0.029193926637866092,2025-05-22,10,0.031031194347752835,2025-06-09,8,0.039944904398536575,2025-07-30,4,0.051311487080506514,2025-07-30
XFG.4.1.5,0,0.0,,23,0.010565517672642072,2025-06-23,7,0.009673349049707316,2025-08-19,4,0.010098912642160505,2025-08-19,3,0.01153798920006608,2025-08-19,3,0.016383534929804003,2025-08-19,1,0.017796477656741697,2025-09-30
XFG.4.2,0,0.0,,23,0.003743240912995714,2025-04-22,8,0.002616772261047139,2025-05-27,4,0.002026779517308252,2025-05-27,1,0.0008077716404827286,2025-07-20,0,0.0,,0,0.0,
XFG.4.3,0,0.0,,10,0.00275915994595502,2025-05-29,4,0.002378006789614228,2025-05-29,3,0.002359515017305129,2025-05-29,2,0.0022589966313705215,2025-06-30,0,0.0,,0,0.0,
XFG.4.4,0,0.0,,18,0.009981538547736967,2025-03-09,14,0.010205976135688341,2025-04-20,8,0.010014921620772277,2025-04-20,5,0.010484089870311566,2025-07-13,2,0.009872241913392378,2025-08-06,2,0.01743609542970224,2025-08-06
XFG.4.5,0,0.0,,8,0.0030539288711751815,2025-07-15,3,0.00273741314128182,2025-08-11,1,0.002678812040924708,2025-09-09,1,0.0032612132422788443,2025-09-09,1,0.004630806992617813,2025-09-09,1,0.008178810177887044,2025-09-09
XFG.5,0,0.0,,225,0.19225312517356102,2025-03-02,191,0.19987665008943895,2025-03-02,150,0.21170884101213205,2025-05-27,101,0.23154449540759683,2025-05-27,41,0.23637748529286087,2025-05-29,19,0.30840992471870404,2025-06-29
XFG.5.1,0,0.0,,124,0.1165572884097609,2025-04-16,112,0.12209151637708159,2025-05-15,89,0.13053876994574987,2025-05-21,60,0.14229914635561247,2025-05-21,31,0.1562572955911029,2025-06-10,15,0.1971256581821942,2025-06-10
XFG.5.1.2,0,0.0,,8,0.004849822647604061,2025-07-17,8,0.0051328265653808,2025-07-17,6,0.005311260281374948,2025-07-17,4,0.0053409308064967945,2025-07-17,2,0.0052116903884640905,2025-07-17,0,0.0,
XFG.5.1.3,0,0.0,,26,0.0071910454111871495,2025-06-02,18,0.006867136471677986,2025-06-02,9,0.005579643003511642,2025-07-27,2,0.0027782183465030513,2025-07-27,1,0.0021830592373623136,2025-09-02,0,0.0,
XFG.5.1.4,0,0.0,,79,0.06880607711192879,2025-05-18,64,0.07130230391646898,2025-05-21,48,0.07532546309333149,2025-05-21,25,0.07870800083248654,2025-05-21,15,0.09616489881237668,2025-05-21,10,0.14575767630276282,2025-05-21
XFG.5.1.5,0,0.0,,23,0.006544866339606322,2025-07-31,14,0.005905437023515055,2025-07-31,7,0.004957474546554899,2025-08-12,1,0.0028730222254246475,2025-08-21,1,0.0040795895340306225,2025-08-21,0,0.0,
XFG.5.1.6,0,0.0,,3,0.0004356636150183315,2025-08-07,1,0.00023427688574323015,2025-09-30,0,0.0,,0,0.0,,0,0.0,,0,0.0,
XFG.5.2,0,0.0,,111,0.070854999323594,2025-05-06,92,0.07318290977361155,2025-05-26,63,0.07459893061993358,2025-05-26,38,0.07766368188018423,2025-05-26,18,0.08015725902415657,2025-07-29,7,0.08825482510068261,2025-08-13
XFG.5.2.1,0,0.0,,43,0.01323623975339509,2025-06-02,28,0.012540058993331374,2025-07-06,17,0.011420523515394018,2025-08-07,7,0.008764814043882192,2025-08-07,2,0.005163342877717328,2025-08-19,0,0.0,
XFG.5.2.2,0,0.0,,21,0.007633643273150445,2025-06-22,14,0.007370406828863369,2025-06-22,9,0.007038785388401691,2025-06-22,4,0.005780802366042868,2025-06-22,2,0.00543125392706786,2025-07-20,0,0.0,
XFG.5.2.3,0,0.0,,36,0.0169270449741068,2025-04-24,27,0.017063779341475512,2025-06-24,14,0.016130741194820893,2025-07-01,9,0.016892347067922166,2025-08-07,5,0.017797723634301356,2025-08-14,1,0.009474077905870787,2025-08-14
XFG.5.2.4,0,0.0,,11,0.004288478547615532,2025-07-02,4,0.003913133734055853,2025-07-02,3,0.004077333772238107,2025-07-02,2,0.004272235425087538,2025-07-02,1,0.0045736408484045,2025-09-25,1,0.008077844829327333,2025-09-25
XFG.5.2.6,0,0.0,,5,0.0006652530700390685,2025-07-17,2,0.00043125232805012214,2025-09-11,0,0.0,,0,0.0,,0,0.0,,0,0.0,
XFG.5.3,0,0.0,,4,0.001124155537639641,2025-03-23,2,0.0010321917185349898,2025-08-18,1,0.000971482341978782,2025-09-11,1,0.0011826925629345845,2025-09-11,0,0.0,,0,0.0,
XFG.5.4,0,0.0,,59,0.0412755621574488,2025-05-22,41,0.04197987938287259,2025-07-03,29,0.04389882537548517,2025-07-03,20,0.04868952067483064,2025-07-03,9,0.052821348911905285,2025-07-03,7,0.08480562716841744,2025-07-03
XFG.5.4.1,0,0.0,,12,0.0031670456334790304,2025-06-19,6,0.0027293694297027184,2025-08-12,4,0.002580202308691557,2025-08-12,2,0.0022842639591312713,2025-09-02,0,0.0,,0,0.0,
XFG.6,0,0.0,,279,0.1805067494650581,2025-04-14,245,0.18716311620888917,2025-04-14,194,0.1954310428047136,2025-04-14,119,0.19615070943679477,2025-04-14,38,0.1579404690742682,2025-06-17,14,0.1585080280409685,2025-07-10
XFG.6.1,0,0.0,,31,0.020481820309019863,2025-06-05,21,0.020771892729755888,2025-07-22,18,0.022280730678424635,2025-07-22,12,0.023690074293432232,2025-07-22,5,0.022795892898582346,2025-08-21,2,0.024557168175582105,2025-08-21
XFG.6.2,0,0.0,,220,0.14775008685306668,2025-03-04,184,0.1528107234196961,2025-03-04,140,0.15966918697471003,2025-03-23,97,0.1699461877045543,2025-03-23,41,0.15390297558716204,2025-04-14,10,0.10415718071683948,2025-05-07
XFG.6.2.1,0,0.0,,19,0.01077688941844279,2025-05-21,14,0.010936685017863004,2025-05-21,11,0.011544542407140918,2025-05-27,7,0.012074906266709833,2025-05-27,3,0.010035114371204544,2025-05-27,1,0.007996846416573156,2025-09-04
XFG.6.3,0,0.0,,23,0.006930389801152558,2025-04-22,12,0.006207816441212752,2025-07-15,5,0.005423216548896551,2025-07-30,3,0.0054881204913393945,2025-07-30,1,0.005340117255088775,2025-07-31,1,0.009431575409352182,2025-07-31
XFG.6.4,0,0.0,,12,0.014304820423589692,2025-06-24,10,0.0149116635135209,2025-07-08,8,0.016104148847533202,2025-08-06,5,0.01801063218080284,2025-08-14,4,0.023700551631500272,2025-08-14,2,0.030206696711774866,2025-08-28
XFG.6.5,0,0.0,,44,0.01791930407970827,2025-05-12,19,0.016534723506947527,2025-07-08,10,0.016396294416347632,2025-07-31,6,0.017954320024803704,2025-08-05,5,0.023575232964044505,2025-08-05,3,0.02928027141890942,2025-08-21
XFG.6.5.1,0,0.0,,3,0.0005143742570590197,2025-09-16,3,0.0005443897731981753,2025-09-16,0,0.0,,0,0.0,,0,0.0,,0,0.0,
XFG.6.6,0,0.0,,2,0.0016174131827195132,2025-07-29,2,0.0017117948334793613,2025-07-29,1,0.0017270787691795447,2025-07-29,1,0.0021025633999176446,2025-07-29,1,0.0029855653621586767,2025-07-29,0,0.0,
XFG.6.7,0,0.0,,31,0.017355792228463188,2025-06-12,20,0.017323454060034105,2025-06-12,11,0.01750279422911908,2025-07-15,5,0.01856117679884916,2025-09-03,3,0.023164312777501094,2025-09-11,2,0.035217330522177355,2025-09-11
XFG.6.8,0,0.0,,108,0.11433350870287132,2025-07-21,86,0.11866695658219312,2025-07-21,68,0.12735815595460243,2025-07-21,49,0.1453357970301967,2025-07-22,31,0.1797366325161677,2025-07-23,20,0.25635427817218936,2025-07-29
XFG.7,0,0.0,,22,0.008769883512298956,2025-07-06,18,0.008815719712379088,2025-07-06,12,0.008356591936784013,2025-07-06,8,0.008025219141959151,2025-07-06,0,0.0,,0,0.0,
XFG.7.1,0,0.0,,5,0.0011664816377786563,2025-04-17,3,0.001046274103134697,2025-06-10,3,0.001159800541197763,2025-06-10,0,0.0,,0,0.0,,0,0.0,
XFG.7.1.1,0,0.0,,6,0.0072898573867863645,2025-07-31,4,0.007548079060070155,2025-07-31,3,0.008145033859261628,2025-07-31,2,0.009281231926101922,2025-07-31,2,0.013179019742194943,2025-07-31,1,0.019039193573337616,2025-07-31
XFG.8,0,0.0,,168,0.15042165230518684,2025-05-20,151,0.15733892702508281,2025-05-20,125,0.16858943498699336,2025-05-20,85,0.1841411625457289,2025-07-08,41,0.19278878614167297,2025-07-08,16,0.20059962050600447,2025-07-22
XFG.8.1,0,0.0,,86,0.04262832969786488,2025-05-29,61,0.04253710426337992,2025-06-23,37,0.0421053788963496,2025-07-24,22,0.043387803885258334,2025-07-24,10,0.04432897881961633,2025-07-24,4,0.044923813813100635,2025-07-24
XFG.8.2,0,0.0,,18,0.0038144768773622577,2025-07-17,9,0.0032418047159169356,2025-07-17,3,0.002247914156883514,2025-07-17,1,0.0018267301634657385,2025-09-09,1,0.0025938919617203397,2025-09-09,0,0.0,
XFG.8.3,0,0.0,,19,0.010286191697936063,2025-06-16,13,0.01027124253155748,2025-06-16,10,0.010738073879650204,2025-07-17,6,0.011002138165190857,2025-08-06,2,0.009981555807025111,2025-08-06,1,0.012443059725317573,2025-08-06
XFG.8.4,0,0.0,,34,0.005322975845587252,2025-06-08,15,0.0038621777242338062,2025-07-17,3,0.0017292520140378448,2025-07-29,1,0.000995265974023659,2025-09-21,0,0.0,,0,0.0,
XFG.8.5,0,0.0,,18,0.006123015108545626,2025-04-29,13,0.005999465535549071,2025-04-29,4,0.004626532325242726,2025-08-10,1,0.003907218843234721,2025-08-17,1,0.005548112005180055,2025-08-17,1,0.009798930296244578,2025-08-17
XFG.9,0,0.0,,146,0.09982987581769924,2025-05-01,121,0.1031584337963394,2025-05-12,87,0.10663463888120919,2025-06-10,54,0.11109877786596481,2025-06-10,30,0.12221492872395143,2025-07-29,10,0.11336516023474817,2025-07-29
XFG.9.1,0,0.0,,14,0.008555690503456517,2025-06-17,9,0.008418961437249907,2025-06-17,8,0.00908320492663842,2025-06-17,6,0.009956210561772141,2025-06-17,3,0.010005037321368976,2025-06-17,1,0.00803759441770457,2025-09-08
XFG.9.2,0,0.0,,23,0.009021053893956944,2025-06-10,17,0.008923583747667106,2025-06-17,8,0.008164139186436157,2025-06-19,6,0.009080386412756535,2025-06-19,2,0.006834906729813506,2025-07-08,0,0.0,
XFG.9.3,0,0.0,,44,0.027202615200976027,2025-05-29,31,0.027396178704068703,2025-05-29,20,0.028227052774961892,2025-06-10,14,0.03089313419795744,2025-06-10,6,0.03181499963598264,2025-08-19,3,0.04066026283673041,2025-08-19
XFG.9.3.2,0,0.0,,11,0.001227344419184886,2025-05-21,2,0.0005243283100521169,2025-06-03,1,0.00042097594058609667,2025-09-02,0,0.0,,0,0.0,,0,0.0,
XFG.9.4,0,0.0,,80,0.07364127891558271,2025-07-15,72,0.07711013157126997,2025-07-15,56,0.08200291246386988,2025-07-24,41,0.09174727272270514,2025-07-24,24,0.10279934422853713,2025-07-24,11,0.11866577933967788,2025-08-13
XFG.9.4.1,0,0.0,,5,0.0011068577133308,2025-06-10,1,0.0007478546330844732,2025-07-31,1,0.0008290009334933931,2025-07-31,1,0.0010092342354997518,2025-07-31,0,0.0,,0,0.0,
XFG.9.4.2,0,0.0,,1,0.002671190502631668,2025-08-28,1,0.0028270637030148285,2025-08-28,1,0.00313381551061389,2025-08-28,1,0.003815139131054886,2025-08-28,1,0.005417362083797221,2025-08-28,1,0.009568003205249724,2025-08-28
XFG.9.5,0,0.0,,109,0.06676508680432815,2025-05-01,91,0.06880022823223869,2025-05-12,66,0.07065846013493793,2025-06-10,42,0.0724207455732976,2025-06-10,20,0.07069416669186791,2025-07-29,4,0.04160134459653942,2025-07-29
XFH,0,0.0,,12,0.00588838940619034,2025-04-01,10,0.006070549824439487,2025-04-01,8,0.006241891868592108,2025-04-01,5,0.006334481213996363,2025-04-01,1,0.003655417550070934,2025-04-01,0,0.0,
XFH.1,0,0.0,,15,0.007256931257074886,2025-04-01,11,0.0072772078719109705,2025-04-01,10,0.007781351750401722,2025-04-01,4,0.006646062042778503,2025-04-01,2,0.006394181150176236,2025-05-14,0,0.0,
XFH.2,0,0.0,,2,0.000239381333782895,2025-01-28,1,0.00017163552129827316,2025-04-08,0,0.0,,0,0.0,,0,0.0,,0,0.0,
XFJ,0,0.0,,101,0.05553661815876267,2024-12-12,70,0.05549906668408499,2024-12-12,46,0.05612560547978217,2025-02-20,24,0.056347814369140395,2025-02-27,16,0.0671726643613177,2025-04-30,4,0.05186454464997543,2025-05-27
XFJ.1,0,0.0,,79,0.057695125453026644,2025-03-04,66,0.05964319091401797,2025-03-04,42,0.060522578315142815,2025-03-04,26,0.06520184695535416,2025-03-04,17,0.07902649871916366,2025-03-23,6,0.08222613786734102,2025-05-22
XFJ.1.1,0,0.0,,9,0.010563503809664983,2025-04-16,6,0.010883682954461946,2025-04-23,3,0.011383505064175035,2025-04-23,2,0.013301834843037347,2025-04-23,2,0.018888133105562116,2025-04-23,2,0.03335972661597091,2025-04-23
XFJ.1.2,0,0.0,,2,0.0005598095231508879,2025-05-27,1,0.0005094584370585,2025-05-27,1,0.000564737451923864,2025-05-27,0,0.0,,0,0.0,,0,0.0,
XFJ.2,0,0.0,,13,0.0045735905361421,2025-03-30,9,0.004392189313906536,2025-03-30,6,0.004223227182145701,2025-03-30,1,0.0016497391806531228,2025-03-30,1,0.0023425710513875217,2025-03-30,0,0.0,
XFJ.2.1,0,0.0,,58,0.015567615124493164,2025-03-23,39,0.014456702610611508,2025-03-23,20,0.011671574448519698,2025-03-23,6,0.006924132365867052,2025-04-20,1,0.0022206259253681744,2025-05-18,0,0.0,
XFJ.2.2,0,0.0,,2,0.00037338841346293956,2025-04-22,1,0.0003250657720456409,2025-04-22,1,0.0003603371785785915,2025-04-22,0,0.0,,0,0.0,,0,0.0,
XFJ.3,0,0.0,,20,0.006409243134887162,2025-04-08,12,0.00587991747774992,2025-04-08,8,0.005682439202890022,2025-05-26,4,0.004723499720169251,2025-08-14,1,0.0023574564167179895,2025-09-16,0,0.0,
XFJ.3.1,0,0.0,,23,0.033197103653204496,2025-04-20,19,0.034800243580545946,2025-05-12,12,0.03697429470410762,2025-05-22,9,0.04326002842999022,2025-05-22,6,0.05619653667953742,2025-06-24,4,0.08997687822139873,2025-06-24
XFJ.3.1.1,0,0.0,,3,0.0032357435342850074,2025-04-20,1,0.003232902072685965,2025-08-26,1,0.003583689553537425,2025-08-26,1,0.004362820403098634,2025-08-26,1,0.006195050040974095,2025-08-26,1,0.010941535332483288,2025-08-26
XFJ.3.1.2,0,0.0,,4,0.0011329437309423951,2025-08-10,2,0.0010017516323085499,2025-08-10,1,0.000832700260533061,2025-08-20,1,0.0010137378341640016,2025-08-20,0,0.0,,0,0.0,
XFJ.3.2,0,0.0,,8,0.003298419189843574,2025-04-17,6,0.003314727178837935,2025-05-14,3,0.0030115601313327376,2025-08-14,2,0.003072483704625185,2025-08-25,1,0.0030796362493895092,2025-08-25,0,0.0,
XFJ.4,0,0.0,,2,0.0005066146575209131,2025-05-13,2,0.0005361773742013613,2025-05-13,1,0.000431770197465704,2025-08-14,0,0.0,,0,0.0,,0,0.0,
XFJ.4.1,0,0.0,,2,0.0007322507140302433,2025-05-04,1,0.0007048689284714766,2025-06-03,1,0.000781351045835319,2025-06-03,1,0.0009512247737496959,2025-06-03,0,0.0,,0,0.0,
XFJ.6,0,0.0,,11,0.0017690109580314817,2025-03-23,6,0.0013623260356715235,2025-03-23,1,0.0004317701197471166,2025-08-20,0,0.0,,0,0.0,,0,0.0,
XFJ.7,0,0.0,,8,0.0014333386208728305,2024-11-10,4,0.001153433661625884,2025-04-07,2,0.0009365946235508146,2025-04-07,0,0.0,,0,0.0,,0,0.0,
XFJ.8,0,0.0,,5,0.005548540555700979,2025-05-11,5,0.005872317078948123,2025-05-11,5,0.006509495461890536,2025-05-11,3,0.006676965610217175,2025-08-06,2,0.008343408824221611,2025-08-06,1,0.010750946923639202,2025-08-06
XFJ.9,0,0.0,,2,0.0001567993713962148,2025-04-20,0,0.0,,0,0.0,,0,0.0,,0,0.0,,0,0.0,
XFK,0,0.0,,16,0.0020178195553848936,2024-10-15,6,0.0012109473772837168,2024-10-29,1,0.0003354403399927087,2024-11-24,0,0.0,,0,0.0,,0,0.0,
XFL,0,0.0,,1,0.00015219497842836518,2025-02-09,1,0.00016107608157188988,2025-02-09,0,0.0,,0,0.0,,0,0.0,,0,0.0,
XFM,0,0.0,,10,0.004286446798355423,2025-03-04,5,0.004072751433676023,2025-04-08,4,0.004355753616776364,2025-04-08,2,0.0043970730720293205,2025-04-08,2,0.006243687614483152,2025-04-08,0,0.0,
XFN,0,0.0,,20,0.006434749305701439,2024-10-15,12,0.006005670932875296,2024-10-15,7,0.005421212031091406,2024-11-17,4,0.005259439788140616,2024-11-17,1,0.0030252236189850143,2025-03-31,0,0.0,
XFN.1,0,0.0,,5,0.000814360876018146,2025-01-14,3,0.0006640932674084107,2025-02-25,1,0.0003209078190611671,2025-09-09,0,0.0,,0,0.0,,0,0.0,
XFP,0,0.0,,5,0.0030085876736829003,2025-05-05,5,0.0031841491654103766,2025-05-05,4,0.0033137620967583978,2025-05-05,3,0.0036120697772295627,2025-05-05,1,0.0025475329729489045,2025-05-05,0,0.0,
XFP.1,0,0.0,,3,0.003297895585469531,2025-05-20,3,0.00349033919401418,2025-05-20,2,0.0036531754109368616,2025-05-20,2,0.0044474131982780675,2025-05-20,1,0.0049872523444682,2025-06-02,1,0.008808354634441136,2025-06-02
XFP.2,0,0.0,,1,0.0006547684621600871,2025-05-20,1,0.000692976465522746,2025-05-20,1,0.0007681681858918417,2025-05-20,1,0.0009351758249014837,2025-05-20,0,0.0,,0,0.0,
XFQ,0,0.0,,32,0.015168743792383874,2025-02-18,17,0.014528000878720068,2025-05-27,13,0.015360405515246213,2025-05-27,7,0.015499534884256096,2025-05-27,3,0.014858054020337737,2025-05-27,1,0.017376409129160143,2025-06-30
XFR,0,0.0,,83,0.015844459741780333,2024-09-03,42,0.012655168384576924,2024-10-31,13,0.007545268717733965,2024-11-04,5,0.005245245868923514,2024-12-03,0,0.0,,0,0.0,
XFS,0,0.0,,31,0.006945390894230619,2024-11-25,14,0.005743741580077799,2024-11-25,6,0.004636161891372182,2025-01-16,2,0.0035765751864923903,2025-05-08,1,0.003714972580794839,2025-06-10,0,0.0,
XFT,0,0.0,,108,0.040445247445677054,2024-12-17,79,0.03985316664606932,2025-01-05,48,0.03715398404172796,2025-01-12,22,0.03197338808109196,2025-02-02,5,0.02115820606629337,2025-03-25,2,0.024526188542263048,2025-04-24
XFT.1,0,0.0,,8,0.007996214327624733,2025-05-01,5,0.008118568759101554,2025-05-01,3,0.008490677794870019,2025-05-01,1,0.009461540503476676,2025-07-22,1,0.01343505151899238,2025-07-22,1,0.02372863655927377,2025-07-22
XFU,0,0.0,,1,0.00023456661137582626,2025-06-08,1,0.0002482543840682499,2025-06-08,0,0.0,,0,0.0,,0,0.0,,0,0.0,
XFV,0,0.0,,106,0.06582451587687142,2025-06-10,91,0.06823801781823757,2025-06-10,62,0.06927247783138325,2025-06-10,27,0.06430275971670267,2025-07-29,14,0.07184618917504429,2025-08-05,8,0.09387957216071195,2025-08-05
XFV.1,0,0.0,,3,0.0006405549617443489,2025-01-16,2,0.0005791855143811358,2025-08-14,1,0.0003349930695224617,2025-08-14,0,0.0,,0,0.0,,0,0.0,
XFV.2,0,0.0,,29,0.00836122725720424,2025-01-22,17,0.007587713942673702,2025-01-22,8,0.006454125553794399,2025-07-16,2,0.004430161782247269,2025-07-16,2,0.006290672407954341,2025-07-16,0,0.0,
XFW,0,0.0,,3,0.0002281923375803809,2025-04-29,0,0.0,,0,0.0,,0,0.0,,0,0.0,,0,0.0,
XFY,0,0.0,,121,0.0734778373736187,2025-05-05,85,0.07416865440024659,2025-06-18,64,0.0773910514649557,2025-06-18,30,0.07666598041101955,2025-06-18,16,0.08709797538311512,2025-06-18,8,0.11135890235265704,2025-08-13
XFZ,0,0.0,,22,0.012024762322122923,2025-03-11,18,0.012332270308948921,2025-03-11,13,0.012507852639658975,2025-08-04,8,0.01233828054662676,2025-08-12,3,0.00951552974141882,2025-08-12,0,0.0,
XGA,0,0.0,,31,0.004465473983624789,2025-02-19,10,0.00269655033206405,2025-03-25,3,0.0012071735952476669,2025-07-28,0,0.0,,0,0.0,,0,0.0,
XGB,0,0.0,,54,0.04285067918299199,2025-05-15,40,0.04388136314745852,2025-07-07,26,0.045870118562253426,2025-07-07,21,0.05337086005436263,2025-07-07,15,0.0670500367346812,2025-07-07,7,0.07702933131007177,2025-07-07
XGC,0,0.0,,48,0.016425344208495476,2025-04-20,37,0.016358882158212122,2025-04-20,21,0.014475875816864126,2025-04-20,5,0.008465081523810935,2025-05-04,3,0.008694808373773009,2025-05-29,0,0.0,
XH,0,0.0,,1,0.00014094788492878177,2024-02-14,1,0.00014917268128435495,2024-02-14,0,0.0,,0,0.0,,0,0.0,,0,0.0,
XL,0,0.0,,1,6.728183715471814e-05,2023-03-28,0,0.0,,0,0.0,,0,0.0,,0,0.0,,0,0.0,
XM,0,0.0,,1,0.0004455806977616308,2023-06-28,1,0.0004715818718900357,2023-06-28,1,0.000522751073163764,2023-06-28,0,0.0,,0,0.0,,0,0.0,
XN,0,0.0,,3,0.00046373183026152104,2023-03-27,1,0.00032988233767715803,2023-12-26,1,0.00036567636781151947,2023-12-26,0,0.0,,0,0.0,,0,0.0,
XQ,0,0.0,,5,0.0005268983649207533,2023-01-19,0,0.0,,0,0.0,,0,0.0,,0,0.0,,0,0.0,
XR,0,0.0,,1,6.725321910188582e-05,2023-11-14,0,0.0,,0,0.0,,0,0.0,,0,0.0,,0,0.0,
XT,0,0.0,,3,0.00036415869395155736,2023-11-21,1,0.0001934933722317919,2023-11-21,0,0.0,,0,0.0,,0,0.0,,0,0.0,
XU,0,0.0,,8,0.0009750360724538541,2023-03-28,3,0.0006359627124483329,2023-03-28,1,0.0003454124896552399,2023-10-11,0,0.0,,0,0.0,,0,0.0,
XV,0,0.0,,4,0.0003482938921400982,2023-04-23,0,0.0,,0,0.0,,0,0.0,,0,0.0,,0,0.0,
XZ,0,0.0,,4,0.0007400340294547248,2023-01-30,3,0.0006871751888431108,2023-01-30,0,0.0,,0,0.0,,0,0.0,,0,0.0,
